Logger, innatarasyan:         	Automatically truncated logfile to 1048576, MadelineProto 8.4.20
UpdateHandler, innatarasyan:  	Parsing updates (updateShort) received via the socket...
FeedLoop, innatarasyan:       	Resumed update feed loop generic
UpdateHandler, innatarasyan:  	Saving update of type updateUserStatus
UpdateHandler, innatarasyan:  	Parsing updates (updates) received via the socket...
SeqLoop, innatarasyan:        	Was fed updates of type updates...
UpdateHandler, innatarasyan:  	Parsing updates (updateShort) received via the socket...
FeedLoop, innatarasyan:       	Resumed update feed loop channel -1001290362028
UpdateHandler, innatarasyan:  	Saving update of type updateNewChannelMessage
UpdateHandler, innatarasyan:  	Parsing updates (updates) received via the socket...
SeqLoop, innatarasyan:        	Was fed updates of type updates...
FeedLoop, innatarasyan:       	Resumed update feed loop channel -1001290362028
FeedLoop, innatarasyan:       	Getdiff fed me message of type message in update feed loop channel -1001290362028...
FeedLoop, innatarasyan:       	Resumed update feed loop channel -1001290362028
UpdateHandler, innatarasyan:  	Saving update of type updateNewChannelMessage
UpdateHandler, innatarasyan:  	Saving update of type updateDeleteChannelMessages
AbstractServer, innatarasyan: 	Accepted IPC client connection!
SessionPaths, innatarasyan:   	Waiting for exclusive lock of /home/user/PhpstormProjects/CryptoTrading/bot.madeline/safe.php.lock...
SessionPaths, innatarasyan:   	Got exclusive lock of /home/user/PhpstormProjects/CryptoTrading/bot.madeline/safe.php.lock...
SessionPaths, innatarasyan:   	Waiting for exclusive lock of /home/user/PhpstormProjects/CryptoTrading/bot.madeline/lightState.php.lock...
SessionPaths, innatarasyan:   	Got exclusive lock of /home/user/PhpstormProjects/CryptoTrading/bot.madeline/lightState.php.lock...
APIWrapper, innatarasyan:     	Saved session!
AbstractServer, innatarasyan: 	Accepted IPC client connection!
SessionPaths, innatarasyan:   	Waiting for exclusive lock of /home/user/PhpstormProjects/CryptoTrading/bot.madeline/safe.php.lock...
SessionPaths, innatarasyan:   	Got exclusive lock of /home/user/PhpstormProjects/CryptoTrading/bot.madeline/safe.php.lock...
SessionPaths, innatarasyan:   	Waiting for exclusive lock of /home/user/PhpstormProjects/CryptoTrading/bot.madeline/lightState.php.lock...
SessionPaths, innatarasyan:   	Got exclusive lock of /home/user/PhpstormProjects/CryptoTrading/bot.madeline/lightState.php.lock...
APIWrapper, innatarasyan:     	Saved session!
UpdateHandler, innatarasyan:  	Parsing updates (updates) received via the socket...
SeqLoop, innatarasyan:        	Was fed updates of type updates...
FeedLoop, innatarasyan:       	Resumed update feed loop channel -1001290362028
UpdateHandler, innatarasyan:  	Saving update of type updateNewChannelMessage
AbstractServer, innatarasyan: 	Accepted IPC client connection!
SessionPaths, innatarasyan:   	Waiting for exclusive lock of /home/user/PhpstormProjects/CryptoTrading/bot.madeline/safe.php.lock...
SessionPaths, innatarasyan:   	Got exclusive lock of /home/user/PhpstormProjects/CryptoTrading/bot.madeline/safe.php.lock...
SessionPaths, innatarasyan:   	Waiting for exclusive lock of /home/user/PhpstormProjects/CryptoTrading/bot.madeline/lightState.php.lock...
SessionPaths, innatarasyan:   	Got exclusive lock of /home/user/PhpstormProjects/CryptoTrading/bot.madeline/lightState.php.lock...
APIWrapper, innatarasyan:     	Saved session!
AbstractServer, innatarasyan: 	Accepted IPC client connection!
SessionPaths, innatarasyan:   	Waiting for exclusive lock of /home/user/PhpstormProjects/CryptoTrading/bot.madeline/safe.php.lock...
SessionPaths, innatarasyan:   	Got exclusive lock of /home/user/PhpstormProjects/CryptoTrading/bot.madeline/safe.php.lock...
SessionPaths, innatarasyan:   	Waiting for exclusive lock of /home/user/PhpstormProjects/CryptoTrading/bot.madeline/lightState.php.lock...
SessionPaths, innatarasyan:   	Got exclusive lock of /home/user/PhpstormProjects/CryptoTrading/bot.madeline/lightState.php.lock...
APIWrapper, innatarasyan:     	Saved session!
UpdateHandler, innatarasyan:  	Parsing updates (updateShort) received via the socket...
FeedLoop, innatarasyan:       	Resumed update feed loop channel -1001290362028
UpdateHandler, innatarasyan:  	Saving update of type updateDeleteChannelMessages
UpdateHandler, innatarasyan:  	Parsing updates (updateShort) received via the socket...
FeedLoop, innatarasyan:       	Resumed update feed loop generic
UpdateHandler, innatarasyan:  	Saving update of type updateUserStatus
UpdateHandler, innatarasyan:  	Parsing updates (updateShort) received via the socket...
FeedLoop, innatarasyan:       	Resumed update feed loop generic
UpdateHandler, innatarasyan:  	Saving update of type updateUserStatus
UpdateHandler, innatarasyan:  	Parsing updates (updateShort) received via the socket...
FeedLoop, innatarasyan:       	Resumed update feed loop generic
UpdateHandler, innatarasyan:  	Saving update of type updateUserStatus
UpdateHandler, innatarasyan:  	Parsing updates (updateShort) received via the socket...
FeedLoop, innatarasyan:       	Resumed update feed loop channel -1001290362028
UpdateHandler, innatarasyan:  	Saving update of type updateDeleteChannelMessages
SessionPaths, innatarasyan:   	Waiting for exclusive lock of /home/user/PhpstormProjects/CryptoTrading/bot.madeline/safe.php.lock...
SessionPaths, innatarasyan:   	Got exclusive lock of /home/user/PhpstormProjects/CryptoTrading/bot.madeline/safe.php.lock...
SessionPaths, innatarasyan:   	Waiting for exclusive lock of /home/user/PhpstormProjects/CryptoTrading/bot.madeline/lightState.php.lock...
SessionPaths, innatarasyan:   	Got exclusive lock of /home/user/PhpstormProjects/CryptoTrading/bot.madeline/lightState.php.lock...
APIWrapper, innatarasyan:     	Saved session!
UpdateHandler, innatarasyan:  	Parsing updates (updateShort) received via the socket...
FeedLoop, innatarasyan:       	Resumed update feed loop generic
UpdateHandler, innatarasyan:  	Saving update of type updateUserStatus
UpdateHandler, innatarasyan:  	Parsing updates (updateShort) received via the socket...
FeedLoop, innatarasyan:       	Resumed update feed loop generic
UpdateHandler, innatarasyan:  	Saving update of type updateUserStatus
UpdateHandler, innatarasyan:  	Parsing updates (updateShort) received via the socket...
FeedLoop, innatarasyan:       	Resumed update feed loop generic
UpdateHandler, innatarasyan:  	Saving update of type updateUserStatus
UpdateHandler, innatarasyan:  	Parsing updates (updateShort) received via the socket...
FeedLoop, innatarasyan:       	Resumed update feed loop generic
UpdateHandler, innatarasyan:  	Saving update of type updateUserStatus
UpdateHandler, innatarasyan:  	Parsing updates (updateShort) received via the socket...
FeedLoop, innatarasyan:       	Resumed update feed loop generic
UpdateHandler, innatarasyan:  	Saving update of type updateUserStatus
UpdateHandler, innatarasyan:  	Parsing updates (updateShort) received via the socket...
FeedLoop, innatarasyan:       	Resumed update feed loop generic
UpdateHandler, innatarasyan:  	Saving update of type updateUserStatus
SessionPaths, innatarasyan:   	Waiting for exclusive lock of /home/user/PhpstormProjects/CryptoTrading/bot.madeline/safe.php.lock...
SessionPaths, innatarasyan:   	Got exclusive lock of /home/user/PhpstormProjects/CryptoTrading/bot.madeline/safe.php.lock...
SessionPaths, innatarasyan:   	Waiting for exclusive lock of /home/user/PhpstormProjects/CryptoTrading/bot.madeline/lightState.php.lock...
SessionPaths, innatarasyan:   	Got exclusive lock of /home/user/PhpstormProjects/CryptoTrading/bot.madeline/lightState.php.lock...
APIWrapper, innatarasyan:     	Saved session!
UpdateHandler, innatarasyan:  	Parsing updates (updateShort) received via the socket...
FeedLoop, innatarasyan:       	Resumed update feed loop generic
UpdateHandler, innatarasyan:  	Saving update of type updateUserStatus
UpdateHandler, innatarasyan:  	Parsing updates (updateShort) received via the socket...
FeedLoop, innatarasyan:       	Resumed update feed loop generic
UpdateHandler, innatarasyan:  	Saving update of type updateUserStatus
UpdateHandler, innatarasyan:  	Parsing updates (updateShort) received via the socket...
FeedLoop, innatarasyan:       	Resumed update feed loop generic
UpdateHandler, innatarasyan:  	Saving update of type updateUserStatus
UpdateHandler, innatarasyan:  	Parsing updates (updateShort) received via the socket...
FeedLoop, innatarasyan:       	Resumed update feed loop generic
UpdateHandler, innatarasyan:  	Saving update of type updateUserStatus
UpdateHandler, innatarasyan:  	Parsing updates (updateShort) received via the socket...
FeedLoop, innatarasyan:       	Resumed update feed loop generic
UpdateHandler, innatarasyan:  	Saving update of type updateUserStatus
SessionPaths, innatarasyan:   	Waiting for exclusive lock of /home/user/PhpstormProjects/CryptoTrading/bot.madeline/safe.php.lock...
SessionPaths, innatarasyan:   	Got exclusive lock of /home/user/PhpstormProjects/CryptoTrading/bot.madeline/safe.php.lock...
SessionPaths, innatarasyan:   	Waiting for exclusive lock of /home/user/PhpstormProjects/CryptoTrading/bot.madeline/lightState.php.lock...
SessionPaths, innatarasyan:   	Got exclusive lock of /home/user/PhpstormProjects/CryptoTrading/bot.madeline/lightState.php.lock...
APIWrapper, innatarasyan:     	Saved session!
UpdateHandler, innatarasyan:  	Parsing updates (updateShort) received via the socket...
FeedLoop, innatarasyan:       	Resumed update feed loop generic
UpdateHandler, innatarasyan:  	Saving update of type updateUserStatus
UpdateHandler, innatarasyan:  	Parsing updates (updateShort) received via the socket...
FeedLoop, innatarasyan:       	Resumed update feed loop generic
UpdateHandler, innatarasyan:  	Saving update of type updateUserStatus
UpdateHandler, innatarasyan:  	Parsing updates (updateShort) received via the socket...
FeedLoop, innatarasyan:       	Resumed update feed loop generic
UpdateHandler, innatarasyan:  	Saving update of type updateUserStatus
SessionPaths, innatarasyan:   	Waiting for exclusive lock of /home/user/PhpstormProjects/CryptoTrading/bot.madeline/safe.php.lock...
SessionPaths, innatarasyan:   	Got exclusive lock of /home/user/PhpstormProjects/CryptoTrading/bot.madeline/safe.php.lock...
SessionPaths, innatarasyan:   	Waiting for exclusive lock of /home/user/PhpstormProjects/CryptoTrading/bot.madeline/lightState.php.lock...
SessionPaths, innatarasyan:   	Got exclusive lock of /home/user/PhpstormProjects/CryptoTrading/bot.madeline/lightState.php.lock...
APIWrapper, innatarasyan:     	Saved session!
UpdateHandler, innatarasyan:  	Parsing updates (updateShort) received via the socket...
FeedLoop, innatarasyan:       	Resumed update feed loop generic
UpdateHandler, innatarasyan:  	Saving update of type updateUserStatus
UpdateHandler, innatarasyan:  	Parsing updates (updateShort) received via the socket...
FeedLoop, innatarasyan:       	Resumed update feed loop generic
UpdateHandler, innatarasyan:  	Saving update of type updateUserStatus
UpdateHandler, innatarasyan:  	Parsing updates (updateShort) received via the socket...
FeedLoop, innatarasyan:       	Resumed update feed loop generic
UpdateHandler, innatarasyan:  	Saving update of type updateUserStatus
UpdateHandler, innatarasyan:  	Parsing updates (updateShort) received via the socket...
FeedLoop, innatarasyan:       	Resumed update feed loop generic
UpdateHandler, innatarasyan:  	Saving update of type updateUserStatus
UpdateHandler, innatarasyan:  	Parsing updates (updateShort) received via the socket...
FeedLoop, innatarasyan:       	Resumed update feed loop generic
UpdateHandler, innatarasyan:  	Saving update of type updateUserStatus
UpdateHandler, innatarasyan:  	Parsing updates (updateShort) received via the socket...
FeedLoop, innatarasyan:       	Resumed update feed loop generic
UpdateHandler, innatarasyan:  	Saving update of type updateUserStatus
UpdateHandler, innatarasyan:  	Parsing updates (updateShort) received via the socket...
FeedLoop, innatarasyan:       	Resumed update feed loop generic
UpdateHandler, innatarasyan:  	Saving update of type updateUserStatus
UpdateHandler, innatarasyan:  	Parsing updates (updateShort) received via the socket...
FeedLoop, innatarasyan:       	Resumed update feed loop channel -1001290362028
UpdateHandler, innatarasyan:  	Saving update of type updateDeleteChannelMessages
UpdateHandler, innatarasyan:  	Parsing updates (updateShort) received via the socket...
FeedLoop, innatarasyan:       	Resumed update feed loop channel -1001290362028
UpdateHandler, innatarasyan:  	Saving update of type updateDeleteChannelMessages
SessionPaths, innatarasyan:   	Waiting for exclusive lock of /home/user/PhpstormProjects/CryptoTrading/bot.madeline/safe.php.lock...
SessionPaths, innatarasyan:   	Got exclusive lock of /home/user/PhpstormProjects/CryptoTrading/bot.madeline/safe.php.lock...
SessionPaths, innatarasyan:   	Waiting for exclusive lock of /home/user/PhpstormProjects/CryptoTrading/bot.madeline/lightState.php.lock...
SessionPaths, innatarasyan:   	Got exclusive lock of /home/user/PhpstormProjects/CryptoTrading/bot.madeline/lightState.php.lock...
APIWrapper, innatarasyan:     	Saved session!
UpdateHandler, innatarasyan:  	Parsing updates (updateShort) received via the socket...
FeedLoop, innatarasyan:       	Resumed update feed loop generic
UpdateHandler, innatarasyan:  	Saving update of type updateUserStatus
UpdateHandler, innatarasyan:  	Parsing updates (updateShort) received via the socket...
FeedLoop, innatarasyan:       	Resumed update feed loop channel -1001290362028
UpdateHandler, innatarasyan:  	Saving update of type updateDeleteChannelMessages
UpdateHandler, innatarasyan:  	Parsing updates (updateShort) received via the socket...
FeedLoop, innatarasyan:       	Resumed update feed loop generic
UpdateHandler, innatarasyan:  	Saving update of type updateUserStatus
AbstractServer, innatarasyan: 	Accepted IPC client connection!
MinDatabase, innatarasyan:    	Found 1 pending contexts
ServerCallback, innatarasyan: 	Accepted IPC callback connection, assigning ID 1078!
Exception, innatarasyan:      	Invalid constructor provided: messageMediaWebPage in Files.php:992
AbstractServer, innatarasyan: 	Got error while calling IPC method: \danog\MadelineProto\Exception: Invalid constructor provided: messageMediaWebPage in /home/user/PhpstormProjects/CryptoTrading/vendor/danog/madelineproto/src/MTProtoTools/Files.php:992
Revision: 8.4.20
TL Trace:

Files.php(1010):    	getDownloadInfo()
AbstractServer.php(259):	downloadToDir()
AbstractDriver.php(430):	clientRequest()
AbstractDriver.php(621):	invokeMicrotasks()
{closure:Revolt\EventLoop\Internal\AbstractDriver::createCallbackFiber():565}()
AbstractDriver.php(502):	resume()
AbstractDriver.php(558):	invokeCallbacks()
{closure:Revolt\EventLoop\Internal\AbstractDriver::createLoopFiber():538}()
AbstractDriver.php(96):	resume()
DriverSuspension.php(117):	{closure:Revolt\EventLoop\Internal\AbstractDriver::__construct():90}()
Future.php(251):    	suspend()
AbstractServer.php(177):	await()
entry.php(119):     	waitShutdown()
entry.php(154):     	{closure:/home/user/PhpstormProjects/CryptoTrading/vendor/danog/madelineproto/src/Ipc/Runner/entry.php:35}()
SessionPaths, innatarasyan:   	Waiting for exclusive lock of /home/user/PhpstormProjects/CryptoTrading/bot.madeline/safe.php.lock...
SessionPaths, innatarasyan:   	Got exclusive lock of /home/user/PhpstormProjects/CryptoTrading/bot.madeline/safe.php.lock...
SessionPaths, innatarasyan:   	Waiting for exclusive lock of /home/user/PhpstormProjects/CryptoTrading/bot.madeline/lightState.php.lock...
SessionPaths, innatarasyan:   	Got exclusive lock of /home/user/PhpstormProjects/CryptoTrading/bot.madeline/lightState.php.lock...
APIWrapper, innatarasyan:     	Saved session!
UpdateHandler, innatarasyan:  	Parsing updates (updateShort) received via the socket...
FeedLoop, innatarasyan:       	Resumed update feed loop channel -1001290362028
UpdateHandler, innatarasyan:  	Saving update of type updateDeleteChannelMessages
UpdateHandler, innatarasyan:  	Parsing updates (updateShort) received via the socket...
FeedLoop, innatarasyan:       	Resumed update feed loop generic
UpdateHandler, innatarasyan:  	Saving update of type updateUserStatus
UpdateHandler, innatarasyan:  	Parsing updates (updateShort) received via the socket...
FeedLoop, innatarasyan:       	Resumed update feed loop generic
UpdateHandler, innatarasyan:  	Saving update of type updateUserStatus
SessionPaths, innatarasyan:   	Waiting for exclusive lock of /home/user/PhpstormProjects/CryptoTrading/bot.madeline/safe.php.lock...
SessionPaths, innatarasyan:   	Got exclusive lock of /home/user/PhpstormProjects/CryptoTrading/bot.madeline/safe.php.lock...
SessionPaths, innatarasyan:   	Waiting for exclusive lock of /home/user/PhpstormProjects/CryptoTrading/bot.madeline/lightState.php.lock...
SessionPaths, innatarasyan:   	Got exclusive lock of /home/user/PhpstormProjects/CryptoTrading/bot.madeline/lightState.php.lock...
APIWrapper, innatarasyan:     	Saved session!
UpdateHandler, innatarasyan:  	Parsing updates (updateShort) received via the socket...
FeedLoop, innatarasyan:       	Resumed update feed loop generic
UpdateHandler, innatarasyan:  	Saving update of type updateUserStatus
UpdateHandler, innatarasyan:  	Parsing updates (updateShort) received via the socket...
FeedLoop, innatarasyan:       	Resumed update feed loop generic
UpdateHandler, innatarasyan:  	Saving update of type updateUserStatus
UpdateHandler, innatarasyan:  	Parsing updates (updateShort) received via the socket...
FeedLoop, innatarasyan:       	Resumed update feed loop generic
UpdateHandler, innatarasyan:  	Saving update of type updateUserStatus
SessionPaths, innatarasyan:   	Waiting for exclusive lock of /home/user/PhpstormProjects/CryptoTrading/bot.madeline/safe.php.lock...
SessionPaths, innatarasyan:   	Got exclusive lock of /home/user/PhpstormProjects/CryptoTrading/bot.madeline/safe.php.lock...
SessionPaths, innatarasyan:   	Waiting for exclusive lock of /home/user/PhpstormProjects/CryptoTrading/bot.madeline/lightState.php.lock...
SessionPaths, innatarasyan:   	Got exclusive lock of /home/user/PhpstormProjects/CryptoTrading/bot.madeline/lightState.php.lock...
APIWrapper, innatarasyan:     	Saved session!
AbstractServer, innatarasyan: 	Accepted IPC client connection!
MinDatabase, innatarasyan:    	Found 1 pending contexts
UpdateHandler, innatarasyan:  	Parsing updates (updateShort) received via the socket...
FeedLoop, innatarasyan:       	Resumed update feed loop generic
UpdateHandler, innatarasyan:  	Saving update of type updateUserStatus
ServerCallback, innatarasyan: 	Accepted IPC callback connection, assigning ID 1079!
Exception, innatarasyan:      	Invalid constructor provided: messageMediaWebPage in Files.php:992
AbstractServer, innatarasyan: 	Got error while calling IPC method: \danog\MadelineProto\Exception: Invalid constructor provided: messageMediaWebPage in /home/user/PhpstormProjects/CryptoTrading/vendor/danog/madelineproto/src/MTProtoTools/Files.php:992
Revision: 8.4.20
TL Trace:

Files.php(1010):    	getDownloadInfo()
AbstractServer.php(259):	downloadToDir()
AbstractDriver.php(430):	clientRequest()
AbstractDriver.php(621):	invokeMicrotasks()
{closure:Revolt\EventLoop\Internal\AbstractDriver::createCallbackFiber():565}()
AbstractDriver.php(502):	resume()
AbstractDriver.php(558):	invokeCallbacks()
{closure:Revolt\EventLoop\Internal\AbstractDriver::createLoopFiber():538}()
AbstractDriver.php(96):	resume()
DriverSuspension.php(117):	{closure:Revolt\EventLoop\Internal\AbstractDriver::__construct():90}()
Future.php(251):    	suspend()
AbstractServer.php(177):	await()
entry.php(119):     	waitShutdown()
entry.php(154):     	{closure:/home/user/PhpstormProjects/CryptoTrading/vendor/danog/madelineproto/src/Ipc/Runner/entry.php:35}()
ServerCallback, innatarasyan: 	Accepted IPC callback connection, assigning ID 1080!
Exception, innatarasyan:      	Invalid constructor provided: messageMediaWebPage in Files.php:992
AbstractServer, innatarasyan: 	Got error while calling IPC method: \danog\MadelineProto\Exception: Invalid constructor provided: messageMediaWebPage in /home/user/PhpstormProjects/CryptoTrading/vendor/danog/madelineproto/src/MTProtoTools/Files.php:992
Revision: 8.4.20
TL Trace:

Files.php(1010):    	getDownloadInfo()
AbstractServer.php(259):	downloadToDir()
AbstractDriver.php(430):	clientRequest()
AbstractDriver.php(621):	invokeMicrotasks()
{closure:Revolt\EventLoop\Internal\AbstractDriver::createCallbackFiber():565}()
AbstractDriver.php(502):	resume()
AbstractDriver.php(558):	invokeCallbacks()
{closure:Revolt\EventLoop\Internal\AbstractDriver::createLoopFiber():538}()
AbstractDriver.php(96):	resume()
DriverSuspension.php(117):	{closure:Revolt\EventLoop\Internal\AbstractDriver::__construct():90}()
Future.php(251):    	suspend()
AbstractServer.php(177):	await()
entry.php(119):     	waitShutdown()
entry.php(154):     	{closure:/home/user/PhpstormProjects/CryptoTrading/vendor/danog/madelineproto/src/Ipc/Runner/entry.php:35}()
ServerCallback, innatarasyan: 	Accepted IPC callback connection, assigning ID 1081!
Exception, innatarasyan:      	Invalid constructor provided: messageMediaWebPage in Files.php:992
AbstractServer, innatarasyan: 	Got error while calling IPC method: \danog\MadelineProto\Exception: Invalid constructor provided: messageMediaWebPage in /home/user/PhpstormProjects/CryptoTrading/vendor/danog/madelineproto/src/MTProtoTools/Files.php:992
Revision: 8.4.20
TL Trace:

Files.php(1010):    	getDownloadInfo()
AbstractServer.php(259):	downloadToDir()
AbstractDriver.php(430):	clientRequest()
AbstractDriver.php(621):	invokeMicrotasks()
{closure:Revolt\EventLoop\Internal\AbstractDriver::createCallbackFiber():565}()
AbstractDriver.php(502):	resume()
AbstractDriver.php(558):	invokeCallbacks()
{closure:Revolt\EventLoop\Internal\AbstractDriver::createLoopFiber():538}()
AbstractDriver.php(96):	resume()
DriverSuspension.php(117):	{closure:Revolt\EventLoop\Internal\AbstractDriver::__construct():90}()
Future.php(251):    	suspend()
AbstractServer.php(177):	await()
entry.php(119):     	waitShutdown()
entry.php(154):     	{closure:/home/user/PhpstormProjects/CryptoTrading/vendor/danog/madelineproto/src/Ipc/Runner/entry.php:35}()
ServerCallback, innatarasyan: 	Accepted IPC callback connection, assigning ID 1082!
Exception, innatarasyan:      	Invalid constructor provided: messageMediaWebPage in Files.php:992
AbstractServer, innatarasyan: 	Got error while calling IPC method: \danog\MadelineProto\Exception: Invalid constructor provided: messageMediaWebPage in /home/user/PhpstormProjects/CryptoTrading/vendor/danog/madelineproto/src/MTProtoTools/Files.php:992
Revision: 8.4.20
TL Trace:

Files.php(1010):    	getDownloadInfo()
AbstractServer.php(259):	downloadToDir()
AbstractDriver.php(430):	clientRequest()
AbstractDriver.php(621):	invokeMicrotasks()
{closure:Revolt\EventLoop\Internal\AbstractDriver::createCallbackFiber():565}()
AbstractDriver.php(502):	resume()
AbstractDriver.php(558):	invokeCallbacks()
{closure:Revolt\EventLoop\Internal\AbstractDriver::createLoopFiber():538}()
AbstractDriver.php(96):	resume()
DriverSuspension.php(117):	{closure:Revolt\EventLoop\Internal\AbstractDriver::__construct():90}()
Future.php(251):    	suspend()
AbstractServer.php(177):	await()
entry.php(119):     	waitShutdown()
entry.php(154):     	{closure:/home/user/PhpstormProjects/CryptoTrading/vendor/danog/madelineproto/src/Ipc/Runner/entry.php:35}()
ServerCallback, innatarasyan: 	Accepted IPC callback connection, assigning ID 1083!
Exception, innatarasyan:      	Invalid constructor provided: messageMediaWebPage in Files.php:992
AbstractServer, innatarasyan: 	Got error while calling IPC method: \danog\MadelineProto\Exception: Invalid constructor provided: messageMediaWebPage in /home/user/PhpstormProjects/CryptoTrading/vendor/danog/madelineproto/src/MTProtoTools/Files.php:992
Revision: 8.4.20
TL Trace:

Files.php(1010):    	getDownloadInfo()
AbstractServer.php(259):	downloadToDir()
AbstractDriver.php(430):	clientRequest()
AbstractDriver.php(621):	invokeMicrotasks()
{closure:Revolt\EventLoop\Internal\AbstractDriver::createCallbackFiber():565}()
AbstractDriver.php(502):	resume()
AbstractDriver.php(558):	invokeCallbacks()
{closure:Revolt\EventLoop\Internal\AbstractDriver::createLoopFiber():538}()
AbstractDriver.php(96):	resume()
DriverSuspension.php(117):	{closure:Revolt\EventLoop\Internal\AbstractDriver::__construct():90}()
Future.php(251):    	suspend()
AbstractServer.php(177):	await()
entry.php(119):     	waitShutdown()
entry.php(154):     	{closure:/home/user/PhpstormProjects/CryptoTrading/vendor/danog/madelineproto/src/Ipc/Runner/entry.php:35}()
ServerCallback, innatarasyan: 	Accepted IPC callback connection, assigning ID 1084!
Exception, innatarasyan:      	Invalid constructor provided: messageMediaWebPage in Files.php:992
AbstractServer, innatarasyan: 	Got error while calling IPC method: \danog\MadelineProto\Exception: Invalid constructor provided: messageMediaWebPage in /home/user/PhpstormProjects/CryptoTrading/vendor/danog/madelineproto/src/MTProtoTools/Files.php:992
Revision: 8.4.20
TL Trace:

Files.php(1010):    	getDownloadInfo()
AbstractServer.php(259):	downloadToDir()
AbstractDriver.php(430):	clientRequest()
AbstractDriver.php(621):	invokeMicrotasks()
{closure:Revolt\EventLoop\Internal\AbstractDriver::createCallbackFiber():565}()
AbstractDriver.php(502):	resume()
AbstractDriver.php(558):	invokeCallbacks()
{closure:Revolt\EventLoop\Internal\AbstractDriver::createLoopFiber():538}()
AbstractDriver.php(96):	resume()
DriverSuspension.php(117):	{closure:Revolt\EventLoop\Internal\AbstractDriver::__construct():90}()
Future.php(251):    	suspend()
AbstractServer.php(177):	await()
entry.php(119):     	waitShutdown()
entry.php(154):     	{closure:/home/user/PhpstormProjects/CryptoTrading/vendor/danog/madelineproto/src/Ipc/Runner/entry.php:35}()
ServerCallback, innatarasyan: 	Accepted IPC callback connection, assigning ID 1085!
Exception, innatarasyan:      	Invalid constructor provided: messageMediaWebPage in Files.php:992
AbstractServer, innatarasyan: 	Got error while calling IPC method: \danog\MadelineProto\Exception: Invalid constructor provided: messageMediaWebPage in /home/user/PhpstormProjects/CryptoTrading/vendor/danog/madelineproto/src/MTProtoTools/Files.php:992
Revision: 8.4.20
TL Trace:

Files.php(1010):    	getDownloadInfo()
AbstractServer.php(259):	downloadToDir()
AbstractDriver.php(430):	clientRequest()
AbstractDriver.php(621):	invokeMicrotasks()
{closure:Revolt\EventLoop\Internal\AbstractDriver::createCallbackFiber():565}()
AbstractDriver.php(502):	resume()
AbstractDriver.php(558):	invokeCallbacks()
{closure:Revolt\EventLoop\Internal\AbstractDriver::createLoopFiber():538}()
AbstractDriver.php(96):	resume()
DriverSuspension.php(117):	{closure:Revolt\EventLoop\Internal\AbstractDriver::__construct():90}()
Future.php(251):    	suspend()
AbstractServer.php(177):	await()
entry.php(119):     	waitShutdown()
entry.php(154):     	{closure:/home/user/PhpstormProjects/CryptoTrading/vendor/danog/madelineproto/src/Ipc/Runner/entry.php:35}()
ServerCallback, innatarasyan: 	Accepted IPC callback connection, assigning ID 1086!
Exception, innatarasyan:      	Invalid constructor provided: messageMediaWebPage in Files.php:992
AbstractServer, innatarasyan: 	Got error while calling IPC method: \danog\MadelineProto\Exception: Invalid constructor provided: messageMediaWebPage in /home/user/PhpstormProjects/CryptoTrading/vendor/danog/madelineproto/src/MTProtoTools/Files.php:992
Revision: 8.4.20
TL Trace:

Files.php(1010):    	getDownloadInfo()
AbstractServer.php(259):	downloadToDir()
AbstractDriver.php(430):	clientRequest()
AbstractDriver.php(621):	invokeMicrotasks()
{closure:Revolt\EventLoop\Internal\AbstractDriver::createCallbackFiber():565}()
AbstractDriver.php(502):	resume()
AbstractDriver.php(558):	invokeCallbacks()
{closure:Revolt\EventLoop\Internal\AbstractDriver::createLoopFiber():538}()
AbstractDriver.php(96):	resume()
DriverSuspension.php(117):	{closure:Revolt\EventLoop\Internal\AbstractDriver::__construct():90}()
Future.php(251):    	suspend()
AbstractServer.php(177):	await()
entry.php(119):     	waitShutdown()
entry.php(154):     	{closure:/home/user/PhpstormProjects/CryptoTrading/vendor/danog/madelineproto/src/Ipc/Runner/entry.php:35}()
ServerCallback, innatarasyan: 	Accepted IPC callback connection, assigning ID 1087!
Exception, innatarasyan:      	Invalid constructor provided: messageMediaWebPage in Files.php:992
AbstractServer, innatarasyan: 	Got error while calling IPC method: \danog\MadelineProto\Exception: Invalid constructor provided: messageMediaWebPage in /home/user/PhpstormProjects/CryptoTrading/vendor/danog/madelineproto/src/MTProtoTools/Files.php:992
Revision: 8.4.20
TL Trace:

Files.php(1010):    	getDownloadInfo()
AbstractServer.php(259):	downloadToDir()
AbstractDriver.php(430):	clientRequest()
AbstractDriver.php(621):	invokeMicrotasks()
{closure:Revolt\EventLoop\Internal\AbstractDriver::createCallbackFiber():565}()
AbstractDriver.php(502):	resume()
AbstractDriver.php(558):	invokeCallbacks()
{closure:Revolt\EventLoop\Internal\AbstractDriver::createLoopFiber():538}()
AbstractDriver.php(96):	resume()
DriverSuspension.php(117):	{closure:Revolt\EventLoop\Internal\AbstractDriver::__construct():90}()
Future.php(251):    	suspend()
AbstractServer.php(177):	await()
entry.php(119):     	waitShutdown()
entry.php(154):     	{closure:/home/user/PhpstormProjects/CryptoTrading/vendor/danog/madelineproto/src/Ipc/Runner/entry.php:35}()
UpdateHandler, innatarasyan:  	Parsing updates (updateShort) received via the socket...
FeedLoop, innatarasyan:       	Resumed update feed loop generic
UpdateHandler, innatarasyan:  	Saving update of type updateUserStatus
ServerCallback, innatarasyan: 	Accepted IPC callback connection, assigning ID 1088!
Exception, innatarasyan:      	Invalid constructor provided: messageMediaWebPage in Files.php:992
AbstractServer, innatarasyan: 	Got error while calling IPC method: \danog\MadelineProto\Exception: Invalid constructor provided: messageMediaWebPage in /home/user/PhpstormProjects/CryptoTrading/vendor/danog/madelineproto/src/MTProtoTools/Files.php:992
Revision: 8.4.20
TL Trace:

Files.php(1010):    	getDownloadInfo()
AbstractServer.php(259):	downloadToDir()
AbstractDriver.php(430):	clientRequest()
AbstractDriver.php(621):	invokeMicrotasks()
{closure:Revolt\EventLoop\Internal\AbstractDriver::createCallbackFiber():565}()
AbstractDriver.php(502):	resume()
AbstractDriver.php(558):	invokeCallbacks()
{closure:Revolt\EventLoop\Internal\AbstractDriver::createLoopFiber():538}()
AbstractDriver.php(96):	resume()
DriverSuspension.php(117):	{closure:Revolt\EventLoop\Internal\AbstractDriver::__construct():90}()
Future.php(251):    	suspend()
AbstractServer.php(177):	await()
entry.php(119):     	waitShutdown()
entry.php(154):     	{closure:/home/user/PhpstormProjects/CryptoTrading/vendor/danog/madelineproto/src/Ipc/Runner/entry.php:35}()
ServerCallback, innatarasyan: 	Accepted IPC callback connection, assigning ID 1089!
Exception, innatarasyan:      	touch(): Unable to create file /home/user/PhpstormProjects/CryptoTrading/public/images_list/4940519362289315749_y_1.jpg because No such file or directory in Files.php:1030
AbstractServer, innatarasyan: 	Got error while calling IPC method: \danog\MadelineProto\Exception: touch(): Unable to create file /home/user/PhpstormProjects/CryptoTrading/public/images_list/4940519362289315749_y_1.jpg because No such file or directory in /home/user/PhpstormProjects/CryptoTrading/vendor/danog/madelineproto/src/MTProtoTools/Files.php:1030
Revision: 8.4.20
TL Trace:

exceptionErrorHandler()
Files.php(1030):    	touch()
Files.php(1011):    	downloadToFile()
AbstractServer.php(259):	downloadToDir()
AbstractDriver.php(430):	clientRequest()
AbstractDriver.php(621):	invokeMicrotasks()
{closure:Revolt\EventLoop\Internal\AbstractDriver::createCallbackFiber():565}()
AbstractDriver.php(502):	resume()
AbstractDriver.php(558):	invokeCallbacks()
{closure:Revolt\EventLoop\Internal\AbstractDriver::createLoopFiber():538}()
AbstractDriver.php(96):	resume()
DriverSuspension.php(117):	{closure:Revolt\EventLoop\Internal\AbstractDriver::__construct():90}()
Future.php(251):    	suspend()
AbstractServer.php(177):	await()
entry.php(119):     	waitShutdown()
entry.php(154):     	{closure:/home/user/PhpstormProjects/CryptoTrading/vendor/danog/madelineproto/src/Ipc/Runner/entry.php:35}()
ServerCallback, innatarasyan: 	Accepted IPC callback connection, assigning ID 1090!
Exception, innatarasyan:      	touch(): Unable to create file /home/user/PhpstormProjects/CryptoTrading/public/images_list/4940519362289315745_y_1.jpg because No such file or directory in Files.php:1030
AbstractServer, innatarasyan: 	Got error while calling IPC method: \danog\MadelineProto\Exception: touch(): Unable to create file /home/user/PhpstormProjects/CryptoTrading/public/images_list/4940519362289315745_y_1.jpg because No such file or directory in /home/user/PhpstormProjects/CryptoTrading/vendor/danog/madelineproto/src/MTProtoTools/Files.php:1030
Revision: 8.4.20
TL Trace:

exceptionErrorHandler()
Files.php(1030):    	touch()
Files.php(1011):    	downloadToFile()
AbstractServer.php(259):	downloadToDir()
AbstractDriver.php(430):	clientRequest()
AbstractDriver.php(621):	invokeMicrotasks()
{closure:Revolt\EventLoop\Internal\AbstractDriver::createCallbackFiber():565}()
AbstractDriver.php(502):	resume()
AbstractDriver.php(558):	invokeCallbacks()
{closure:Revolt\EventLoop\Internal\AbstractDriver::createLoopFiber():538}()
AbstractDriver.php(96):	resume()
DriverSuspension.php(117):	{closure:Revolt\EventLoop\Internal\AbstractDriver::__construct():90}()
Future.php(251):    	suspend()
AbstractServer.php(177):	await()
entry.php(119):     	waitShutdown()
entry.php(154):     	{closure:/home/user/PhpstormProjects/CryptoTrading/vendor/danog/madelineproto/src/Ipc/Runner/entry.php:35}()
ServerCallback, innatarasyan: 	Accepted IPC callback connection, assigning ID 1091!
Exception, innatarasyan:      	touch(): Unable to create file /home/user/PhpstormProjects/CryptoTrading/public/images_list/4940519362289315744_y_1.jpg because No such file or directory in Files.php:1030
AbstractServer, innatarasyan: 	Got error while calling IPC method: \danog\MadelineProto\Exception: touch(): Unable to create file /home/user/PhpstormProjects/CryptoTrading/public/images_list/4940519362289315744_y_1.jpg because No such file or directory in /home/user/PhpstormProjects/CryptoTrading/vendor/danog/madelineproto/src/MTProtoTools/Files.php:1030
Revision: 8.4.20
TL Trace:

exceptionErrorHandler()
Files.php(1030):    	touch()
Files.php(1011):    	downloadToFile()
AbstractServer.php(259):	downloadToDir()
AbstractDriver.php(430):	clientRequest()
AbstractDriver.php(621):	invokeMicrotasks()
{closure:Revolt\EventLoop\Internal\AbstractDriver::createCallbackFiber():565}()
AbstractDriver.php(502):	resume()
AbstractDriver.php(558):	invokeCallbacks()
{closure:Revolt\EventLoop\Internal\AbstractDriver::createLoopFiber():538}()
AbstractDriver.php(96):	resume()
DriverSuspension.php(117):	{closure:Revolt\EventLoop\Internal\AbstractDriver::__construct():90}()
Future.php(251):    	suspend()
AbstractServer.php(177):	await()
entry.php(119):     	waitShutdown()
entry.php(154):     	{closure:/home/user/PhpstormProjects/CryptoTrading/vendor/danog/madelineproto/src/Ipc/Runner/entry.php:35}()
ServerCallback, innatarasyan: 	Accepted IPC callback connection, assigning ID 1092!
Exception, innatarasyan:      	Invalid constructor provided: messageMediaWebPage in Files.php:992
AbstractServer, innatarasyan: 	Got error while calling IPC method: \danog\MadelineProto\Exception: Invalid constructor provided: messageMediaWebPage in /home/user/PhpstormProjects/CryptoTrading/vendor/danog/madelineproto/src/MTProtoTools/Files.php:992
Revision: 8.4.20
TL Trace:

Files.php(1010):    	getDownloadInfo()
AbstractServer.php(259):	downloadToDir()
AbstractDriver.php(430):	clientRequest()
AbstractDriver.php(621):	invokeMicrotasks()
{closure:Revolt\EventLoop\Internal\AbstractDriver::createCallbackFiber():565}()
AbstractDriver.php(502):	resume()
AbstractDriver.php(558):	invokeCallbacks()
{closure:Revolt\EventLoop\Internal\AbstractDriver::createLoopFiber():538}()
AbstractDriver.php(96):	resume()
DriverSuspension.php(117):	{closure:Revolt\EventLoop\Internal\AbstractDriver::__construct():90}()
Future.php(251):    	suspend()
AbstractServer.php(177):	await()
entry.php(119):     	waitShutdown()
entry.php(154):     	{closure:/home/user/PhpstormProjects/CryptoTrading/vendor/danog/madelineproto/src/Ipc/Runner/entry.php:35}()
ServerCallback, innatarasyan: 	Accepted IPC callback connection, assigning ID 1093!
Exception, innatarasyan:      	Invalid constructor provided: messageMediaWebPage in Files.php:992
AbstractServer, innatarasyan: 	Got error while calling IPC method: \danog\MadelineProto\Exception: Invalid constructor provided: messageMediaWebPage in /home/user/PhpstormProjects/CryptoTrading/vendor/danog/madelineproto/src/MTProtoTools/Files.php:992
Revision: 8.4.20
TL Trace:

Files.php(1010):    	getDownloadInfo()
AbstractServer.php(259):	downloadToDir()
AbstractDriver.php(430):	clientRequest()
AbstractDriver.php(621):	invokeMicrotasks()
{closure:Revolt\EventLoop\Internal\AbstractDriver::createCallbackFiber():565}()
AbstractDriver.php(502):	resume()
AbstractDriver.php(558):	invokeCallbacks()
{closure:Revolt\EventLoop\Internal\AbstractDriver::createLoopFiber():538}()
AbstractDriver.php(96):	resume()
DriverSuspension.php(117):	{closure:Revolt\EventLoop\Internal\AbstractDriver::__construct():90}()
Future.php(251):    	suspend()
AbstractServer.php(177):	await()
entry.php(119):     	waitShutdown()
entry.php(154):     	{closure:/home/user/PhpstormProjects/CryptoTrading/vendor/danog/madelineproto/src/Ipc/Runner/entry.php:35}()
ServerCallback, innatarasyan: 	Accepted IPC callback connection, assigning ID 1094!
Exception, innatarasyan:      	touch(): Unable to create file /home/user/PhpstormProjects/CryptoTrading/public/images_list/4938289836176027448_y_1.jpg because No such file or directory in Files.php:1030
AbstractServer, innatarasyan: 	Got error while calling IPC method: \danog\MadelineProto\Exception: touch(): Unable to create file /home/user/PhpstormProjects/CryptoTrading/public/images_list/4938289836176027448_y_1.jpg because No such file or directory in /home/user/PhpstormProjects/CryptoTrading/vendor/danog/madelineproto/src/MTProtoTools/Files.php:1030
Revision: 8.4.20
TL Trace:

exceptionErrorHandler()
Files.php(1030):    	touch()
Files.php(1011):    	downloadToFile()
AbstractServer.php(259):	downloadToDir()
AbstractDriver.php(430):	clientRequest()
AbstractDriver.php(621):	invokeMicrotasks()
{closure:Revolt\EventLoop\Internal\AbstractDriver::createCallbackFiber():565}()
AbstractDriver.php(502):	resume()
AbstractDriver.php(558):	invokeCallbacks()
{closure:Revolt\EventLoop\Internal\AbstractDriver::createLoopFiber():538}()
AbstractDriver.php(96):	resume()
DriverSuspension.php(117):	{closure:Revolt\EventLoop\Internal\AbstractDriver::__construct():90}()
Future.php(251):    	suspend()
AbstractServer.php(177):	await()
entry.php(119):     	waitShutdown()
entry.php(154):     	{closure:/home/user/PhpstormProjects/CryptoTrading/vendor/danog/madelineproto/src/Ipc/Runner/entry.php:35}()
ServerCallback, innatarasyan: 	Accepted IPC callback connection, assigning ID 1095!
Exception, innatarasyan:      	touch(): Unable to create file /home/user/PhpstormProjects/CryptoTrading/public/images_list/4938289836176027449_y_1.jpg because No such file or directory in Files.php:1030
AbstractServer, innatarasyan: 	Got error while calling IPC method: \danog\MadelineProto\Exception: touch(): Unable to create file /home/user/PhpstormProjects/CryptoTrading/public/images_list/4938289836176027449_y_1.jpg because No such file or directory in /home/user/PhpstormProjects/CryptoTrading/vendor/danog/madelineproto/src/MTProtoTools/Files.php:1030
Revision: 8.4.20
TL Trace:

exceptionErrorHandler()
Files.php(1030):    	touch()
Files.php(1011):    	downloadToFile()
AbstractServer.php(259):	downloadToDir()
AbstractDriver.php(430):	clientRequest()
AbstractDriver.php(621):	invokeMicrotasks()
{closure:Revolt\EventLoop\Internal\AbstractDriver::createCallbackFiber():565}()
AbstractDriver.php(502):	resume()
AbstractDriver.php(558):	invokeCallbacks()
{closure:Revolt\EventLoop\Internal\AbstractDriver::createLoopFiber():538}()
AbstractDriver.php(96):	resume()
DriverSuspension.php(117):	{closure:Revolt\EventLoop\Internal\AbstractDriver::__construct():90}()
Future.php(251):    	suspend()
AbstractServer.php(177):	await()
entry.php(119):     	waitShutdown()
entry.php(154):     	{closure:/home/user/PhpstormProjects/CryptoTrading/vendor/danog/madelineproto/src/Ipc/Runner/entry.php:35}()
ServerCallback, innatarasyan: 	Accepted IPC callback connection, assigning ID 1096!
Exception, innatarasyan:      	touch(): Unable to create file /home/user/PhpstormProjects/CryptoTrading/public/images_list/4938289836176027447_y_1.jpg because No such file or directory in Files.php:1030
AbstractServer, innatarasyan: 	Got error while calling IPC method: \danog\MadelineProto\Exception: touch(): Unable to create file /home/user/PhpstormProjects/CryptoTrading/public/images_list/4938289836176027447_y_1.jpg because No such file or directory in /home/user/PhpstormProjects/CryptoTrading/vendor/danog/madelineproto/src/MTProtoTools/Files.php:1030
Revision: 8.4.20
TL Trace:

exceptionErrorHandler()
Files.php(1030):    	touch()
Files.php(1011):    	downloadToFile()
AbstractServer.php(259):	downloadToDir()
AbstractDriver.php(430):	clientRequest()
AbstractDriver.php(621):	invokeMicrotasks()
{closure:Revolt\EventLoop\Internal\AbstractDriver::createCallbackFiber():565}()
AbstractDriver.php(502):	resume()
AbstractDriver.php(558):	invokeCallbacks()
{closure:Revolt\EventLoop\Internal\AbstractDriver::createLoopFiber():538}()
AbstractDriver.php(96):	resume()
DriverSuspension.php(117):	{closure:Revolt\EventLoop\Internal\AbstractDriver::__construct():90}()
Future.php(251):    	suspend()
AbstractServer.php(177):	await()
entry.php(119):     	waitShutdown()
entry.php(154):     	{closure:/home/user/PhpstormProjects/CryptoTrading/vendor/danog/madelineproto/src/Ipc/Runner/entry.php:35}()
ServerCallback, innatarasyan: 	Accepted IPC callback connection, assigning ID 1097!
Exception, innatarasyan:      	touch(): Unable to create file /home/user/PhpstormProjects/CryptoTrading/public/images_list/4938289836176027444_x_1.jpg because No such file or directory in Files.php:1030
AbstractServer, innatarasyan: 	Got error while calling IPC method: \danog\MadelineProto\Exception: touch(): Unable to create file /home/user/PhpstormProjects/CryptoTrading/public/images_list/4938289836176027444_x_1.jpg because No such file or directory in /home/user/PhpstormProjects/CryptoTrading/vendor/danog/madelineproto/src/MTProtoTools/Files.php:1030
Revision: 8.4.20
TL Trace:

exceptionErrorHandler()
Files.php(1030):    	touch()
Files.php(1011):    	downloadToFile()
AbstractServer.php(259):	downloadToDir()
AbstractDriver.php(430):	clientRequest()
AbstractDriver.php(621):	invokeMicrotasks()
{closure:Revolt\EventLoop\Internal\AbstractDriver::createCallbackFiber():565}()
AbstractDriver.php(502):	resume()
AbstractDriver.php(558):	invokeCallbacks()
{closure:Revolt\EventLoop\Internal\AbstractDriver::createLoopFiber():538}()
AbstractDriver.php(96):	resume()
DriverSuspension.php(117):	{closure:Revolt\EventLoop\Internal\AbstractDriver::__construct():90}()
Future.php(251):    	suspend()
AbstractServer.php(177):	await()
entry.php(119):     	waitShutdown()
entry.php(154):     	{closure:/home/user/PhpstormProjects/CryptoTrading/vendor/danog/madelineproto/src/Ipc/Runner/entry.php:35}()
ServerCallback, innatarasyan: 	Accepted IPC callback connection, assigning ID 1098!
Exception, innatarasyan:      	touch(): Unable to create file /home/user/PhpstormProjects/CryptoTrading/public/images_list/4938289836176027446_x_1.jpg because No such file or directory in Files.php:1030
AbstractServer, innatarasyan: 	Got error while calling IPC method: \danog\MadelineProto\Exception: touch(): Unable to create file /home/user/PhpstormProjects/CryptoTrading/public/images_list/4938289836176027446_x_1.jpg because No such file or directory in /home/user/PhpstormProjects/CryptoTrading/vendor/danog/madelineproto/src/MTProtoTools/Files.php:1030
Revision: 8.4.20
TL Trace:

exceptionErrorHandler()
Files.php(1030):    	touch()
Files.php(1011):    	downloadToFile()
AbstractServer.php(259):	downloadToDir()
AbstractDriver.php(430):	clientRequest()
AbstractDriver.php(621):	invokeMicrotasks()
{closure:Revolt\EventLoop\Internal\AbstractDriver::createCallbackFiber():565}()
AbstractDriver.php(502):	resume()
AbstractDriver.php(558):	invokeCallbacks()
{closure:Revolt\EventLoop\Internal\AbstractDriver::createLoopFiber():538}()
AbstractDriver.php(96):	resume()
DriverSuspension.php(117):	{closure:Revolt\EventLoop\Internal\AbstractDriver::__construct():90}()
Future.php(251):    	suspend()
AbstractServer.php(177):	await()
entry.php(119):     	waitShutdown()
entry.php(154):     	{closure:/home/user/PhpstormProjects/CryptoTrading/vendor/danog/madelineproto/src/Ipc/Runner/entry.php:35}()
ServerCallback, innatarasyan: 	Accepted IPC callback connection, assigning ID 1099!
Exception, innatarasyan:      	touch(): Unable to create file /home/user/PhpstormProjects/CryptoTrading/public/images_list/4938289836176027445_y_1.jpg because No such file or directory in Files.php:1030
AbstractServer, innatarasyan: 	Got error while calling IPC method: \danog\MadelineProto\Exception: touch(): Unable to create file /home/user/PhpstormProjects/CryptoTrading/public/images_list/4938289836176027445_y_1.jpg because No such file or directory in /home/user/PhpstormProjects/CryptoTrading/vendor/danog/madelineproto/src/MTProtoTools/Files.php:1030
Revision: 8.4.20
TL Trace:

exceptionErrorHandler()
Files.php(1030):    	touch()
Files.php(1011):    	downloadToFile()
AbstractServer.php(259):	downloadToDir()
AbstractDriver.php(430):	clientRequest()
AbstractDriver.php(621):	invokeMicrotasks()
{closure:Revolt\EventLoop\Internal\AbstractDriver::createCallbackFiber():565}()
AbstractDriver.php(502):	resume()
AbstractDriver.php(558):	invokeCallbacks()
{closure:Revolt\EventLoop\Internal\AbstractDriver::createLoopFiber():538}()
AbstractDriver.php(96):	resume()
DriverSuspension.php(117):	{closure:Revolt\EventLoop\Internal\AbstractDriver::__construct():90}()
Future.php(251):    	suspend()
AbstractServer.php(177):	await()
entry.php(119):     	waitShutdown()
entry.php(154):     	{closure:/home/user/PhpstormProjects/CryptoTrading/vendor/danog/madelineproto/src/Ipc/Runner/entry.php:35}()
ServerCallback, innatarasyan: 	Accepted IPC callback connection, assigning ID 1100!
Exception, innatarasyan:      	Invalid constructor provided: messageMediaWebPage in Files.php:992
AbstractServer, innatarasyan: 	Got error while calling IPC method: \danog\MadelineProto\Exception: Invalid constructor provided: messageMediaWebPage in /home/user/PhpstormProjects/CryptoTrading/vendor/danog/madelineproto/src/MTProtoTools/Files.php:992
Revision: 8.4.20
TL Trace:

Files.php(1010):    	getDownloadInfo()
AbstractServer.php(259):	downloadToDir()
AbstractDriver.php(430):	clientRequest()
AbstractDriver.php(621):	invokeMicrotasks()
{closure:Revolt\EventLoop\Internal\AbstractDriver::createCallbackFiber():565}()
AbstractDriver.php(502):	resume()
AbstractDriver.php(558):	invokeCallbacks()
{closure:Revolt\EventLoop\Internal\AbstractDriver::createLoopFiber():538}()
AbstractDriver.php(96):	resume()
DriverSuspension.php(117):	{closure:Revolt\EventLoop\Internal\AbstractDriver::__construct():90}()
Future.php(251):    	suspend()
AbstractServer.php(177):	await()
entry.php(119):     	waitShutdown()
entry.php(154):     	{closure:/home/user/PhpstormProjects/CryptoTrading/vendor/danog/madelineproto/src/Ipc/Runner/entry.php:35}()
ServerCallback, innatarasyan: 	Accepted IPC callback connection, assigning ID 1101!
Exception, innatarasyan:      	Invalid constructor provided: messageMediaWebPage in Files.php:992
AbstractServer, innatarasyan: 	Got error while calling IPC method: \danog\MadelineProto\Exception: Invalid constructor provided: messageMediaWebPage in /home/user/PhpstormProjects/CryptoTrading/vendor/danog/madelineproto/src/MTProtoTools/Files.php:992
Revision: 8.4.20
TL Trace:

Files.php(1010):    	getDownloadInfo()
AbstractServer.php(259):	downloadToDir()
AbstractDriver.php(430):	clientRequest()
AbstractDriver.php(621):	invokeMicrotasks()
{closure:Revolt\EventLoop\Internal\AbstractDriver::createCallbackFiber():565}()
AbstractDriver.php(502):	resume()
AbstractDriver.php(558):	invokeCallbacks()
{closure:Revolt\EventLoop\Internal\AbstractDriver::createLoopFiber():538}()
AbstractDriver.php(96):	resume()
DriverSuspension.php(117):	{closure:Revolt\EventLoop\Internal\AbstractDriver::__construct():90}()
Future.php(251):    	suspend()
AbstractServer.php(177):	await()
entry.php(119):     	waitShutdown()
entry.php(154):     	{closure:/home/user/PhpstormProjects/CryptoTrading/vendor/danog/madelineproto/src/Ipc/Runner/entry.php:35}()
ServerCallback, innatarasyan: 	Accepted IPC callback connection, assigning ID 1102!
Exception, innatarasyan:      	Invalid constructor provided: messageMediaWebPage in Files.php:992
AbstractServer, innatarasyan: 	Got error while calling IPC method: \danog\MadelineProto\Exception: Invalid constructor provided: messageMediaWebPage in /home/user/PhpstormProjects/CryptoTrading/vendor/danog/madelineproto/src/MTProtoTools/Files.php:992
Revision: 8.4.20
TL Trace:

Files.php(1010):    	getDownloadInfo()
AbstractServer.php(259):	downloadToDir()
AbstractDriver.php(430):	clientRequest()
AbstractDriver.php(621):	invokeMicrotasks()
{closure:Revolt\EventLoop\Internal\AbstractDriver::createCallbackFiber():565}()
AbstractDriver.php(502):	resume()
AbstractDriver.php(558):	invokeCallbacks()
{closure:Revolt\EventLoop\Internal\AbstractDriver::createLoopFiber():538}()
AbstractDriver.php(96):	resume()
DriverSuspension.php(117):	{closure:Revolt\EventLoop\Internal\AbstractDriver::__construct():90}()
Future.php(251):    	suspend()
AbstractServer.php(177):	await()
entry.php(119):     	waitShutdown()
entry.php(154):     	{closure:/home/user/PhpstormProjects/CryptoTrading/vendor/danog/madelineproto/src/Ipc/Runner/entry.php:35}()
ServerCallback, innatarasyan: 	Accepted IPC callback connection, assigning ID 1103!
Exception, innatarasyan:      	Invalid constructor provided: messageMediaWebPage in Files.php:992
AbstractServer, innatarasyan: 	Got error while calling IPC method: \danog\MadelineProto\Exception: Invalid constructor provided: messageMediaWebPage in /home/user/PhpstormProjects/CryptoTrading/vendor/danog/madelineproto/src/MTProtoTools/Files.php:992
Revision: 8.4.20
TL Trace:

Files.php(1010):    	getDownloadInfo()
AbstractServer.php(259):	downloadToDir()
AbstractDriver.php(430):	clientRequest()
AbstractDriver.php(621):	invokeMicrotasks()
{closure:Revolt\EventLoop\Internal\AbstractDriver::createCallbackFiber():565}()
AbstractDriver.php(502):	resume()
AbstractDriver.php(558):	invokeCallbacks()
{closure:Revolt\EventLoop\Internal\AbstractDriver::createLoopFiber():538}()
AbstractDriver.php(96):	resume()
DriverSuspension.php(117):	{closure:Revolt\EventLoop\Internal\AbstractDriver::__construct():90}()
Future.php(251):    	suspend()
AbstractServer.php(177):	await()
entry.php(119):     	waitShutdown()
entry.php(154):     	{closure:/home/user/PhpstormProjects/CryptoTrading/vendor/danog/madelineproto/src/Ipc/Runner/entry.php:35}()
ServerCallback, innatarasyan: 	Accepted IPC callback connection, assigning ID 1104!
Exception, innatarasyan:      	Invalid constructor provided: messageMediaWebPage in Files.php:992
AbstractServer, innatarasyan: 	Got error while calling IPC method: \danog\MadelineProto\Exception: Invalid constructor provided: messageMediaWebPage in /home/user/PhpstormProjects/CryptoTrading/vendor/danog/madelineproto/src/MTProtoTools/Files.php:992
Revision: 8.4.20
TL Trace:

Files.php(1010):    	getDownloadInfo()
AbstractServer.php(259):	downloadToDir()
AbstractDriver.php(430):	clientRequest()
AbstractDriver.php(621):	invokeMicrotasks()
{closure:Revolt\EventLoop\Internal\AbstractDriver::createCallbackFiber():565}()
AbstractDriver.php(502):	resume()
AbstractDriver.php(558):	invokeCallbacks()
{closure:Revolt\EventLoop\Internal\AbstractDriver::createLoopFiber():538}()
AbstractDriver.php(96):	resume()
DriverSuspension.php(117):	{closure:Revolt\EventLoop\Internal\AbstractDriver::__construct():90}()
Future.php(251):    	suspend()
AbstractServer.php(177):	await()
entry.php(119):     	waitShutdown()
entry.php(154):     	{closure:/home/user/PhpstormProjects/CryptoTrading/vendor/danog/madelineproto/src/Ipc/Runner/entry.php:35}()
ServerCallback, innatarasyan: 	Accepted IPC callback connection, assigning ID 1105!
Exception, innatarasyan:      	Invalid constructor provided: messageMediaWebPage in Files.php:992
AbstractServer, innatarasyan: 	Got error while calling IPC method: \danog\MadelineProto\Exception: Invalid constructor provided: messageMediaWebPage in /home/user/PhpstormProjects/CryptoTrading/vendor/danog/madelineproto/src/MTProtoTools/Files.php:992
Revision: 8.4.20
TL Trace:

Files.php(1010):    	getDownloadInfo()
AbstractServer.php(259):	downloadToDir()
AbstractDriver.php(430):	clientRequest()
AbstractDriver.php(621):	invokeMicrotasks()
{closure:Revolt\EventLoop\Internal\AbstractDriver::createCallbackFiber():565}()
AbstractDriver.php(502):	resume()
AbstractDriver.php(558):	invokeCallbacks()
{closure:Revolt\EventLoop\Internal\AbstractDriver::createLoopFiber():538}()
AbstractDriver.php(96):	resume()
DriverSuspension.php(117):	{closure:Revolt\EventLoop\Internal\AbstractDriver::__construct():90}()
Future.php(251):    	suspend()
AbstractServer.php(177):	await()
entry.php(119):     	waitShutdown()
entry.php(154):     	{closure:/home/user/PhpstormProjects/CryptoTrading/vendor/danog/madelineproto/src/Ipc/Runner/entry.php:35}()
ServerCallback, innatarasyan: 	Accepted IPC callback connection, assigning ID 1106!
Exception, innatarasyan:      	Invalid constructor provided: messageMediaWebPage in Files.php:992
AbstractServer, innatarasyan: 	Got error while calling IPC method: \danog\MadelineProto\Exception: Invalid constructor provided: messageMediaWebPage in /home/user/PhpstormProjects/CryptoTrading/vendor/danog/madelineproto/src/MTProtoTools/Files.php:992
Revision: 8.4.20
TL Trace:

Files.php(1010):    	getDownloadInfo()
AbstractServer.php(259):	downloadToDir()
AbstractDriver.php(430):	clientRequest()
AbstractDriver.php(621):	invokeMicrotasks()
{closure:Revolt\EventLoop\Internal\AbstractDriver::createCallbackFiber():565}()
AbstractDriver.php(502):	resume()
AbstractDriver.php(558):	invokeCallbacks()
{closure:Revolt\EventLoop\Internal\AbstractDriver::createLoopFiber():538}()
AbstractDriver.php(96):	resume()
DriverSuspension.php(117):	{closure:Revolt\EventLoop\Internal\AbstractDriver::__construct():90}()
Future.php(251):    	suspend()
AbstractServer.php(177):	await()
entry.php(119):     	waitShutdown()
entry.php(154):     	{closure:/home/user/PhpstormProjects/CryptoTrading/vendor/danog/madelineproto/src/Ipc/Runner/entry.php:35}()
ServerCallback, innatarasyan: 	Accepted IPC callback connection, assigning ID 1107!
Exception, innatarasyan:      	Invalid constructor provided: messageMediaWebPage in Files.php:992
AbstractServer, innatarasyan: 	Got error while calling IPC method: \danog\MadelineProto\Exception: Invalid constructor provided: messageMediaWebPage in /home/user/PhpstormProjects/CryptoTrading/vendor/danog/madelineproto/src/MTProtoTools/Files.php:992
Revision: 8.4.20
TL Trace:

Files.php(1010):    	getDownloadInfo()
AbstractServer.php(259):	downloadToDir()
AbstractDriver.php(430):	clientRequest()
AbstractDriver.php(621):	invokeMicrotasks()
{closure:Revolt\EventLoop\Internal\AbstractDriver::createCallbackFiber():565}()
AbstractDriver.php(502):	resume()
AbstractDriver.php(558):	invokeCallbacks()
{closure:Revolt\EventLoop\Internal\AbstractDriver::createLoopFiber():538}()
AbstractDriver.php(96):	resume()
DriverSuspension.php(117):	{closure:Revolt\EventLoop\Internal\AbstractDriver::__construct():90}()
Future.php(251):    	suspend()
AbstractServer.php(177):	await()
entry.php(119):     	waitShutdown()
entry.php(154):     	{closure:/home/user/PhpstormProjects/CryptoTrading/vendor/danog/madelineproto/src/Ipc/Runner/entry.php:35}()
ServerCallback, innatarasyan: 	Accepted IPC callback connection, assigning ID 1108!
Exception, innatarasyan:      	Invalid constructor provided: messageMediaWebPage in Files.php:992
AbstractServer, innatarasyan: 	Got error while calling IPC method: \danog\MadelineProto\Exception: Invalid constructor provided: messageMediaWebPage in /home/user/PhpstormProjects/CryptoTrading/vendor/danog/madelineproto/src/MTProtoTools/Files.php:992
Revision: 8.4.20
TL Trace:

Files.php(1010):    	getDownloadInfo()
AbstractServer.php(259):	downloadToDir()
AbstractDriver.php(430):	clientRequest()
AbstractDriver.php(621):	invokeMicrotasks()
{closure:Revolt\EventLoop\Internal\AbstractDriver::createCallbackFiber():565}()
AbstractDriver.php(502):	resume()
AbstractDriver.php(558):	invokeCallbacks()
{closure:Revolt\EventLoop\Internal\AbstractDriver::createLoopFiber():538}()
AbstractDriver.php(96):	resume()
DriverSuspension.php(117):	{closure:Revolt\EventLoop\Internal\AbstractDriver::__construct():90}()
Future.php(251):    	suspend()
AbstractServer.php(177):	await()
entry.php(119):     	waitShutdown()
entry.php(154):     	{closure:/home/user/PhpstormProjects/CryptoTrading/vendor/danog/madelineproto/src/Ipc/Runner/entry.php:35}()
ServerCallback, innatarasyan: 	Accepted IPC callback connection, assigning ID 1109!
Exception, innatarasyan:      	Invalid constructor provided: messageMediaWebPage in Files.php:992
AbstractServer, innatarasyan: 	Got error while calling IPC method: \danog\MadelineProto\Exception: Invalid constructor provided: messageMediaWebPage in /home/user/PhpstormProjects/CryptoTrading/vendor/danog/madelineproto/src/MTProtoTools/Files.php:992
Revision: 8.4.20
TL Trace:

Files.php(1010):    	getDownloadInfo()
AbstractServer.php(259):	downloadToDir()
AbstractDriver.php(430):	clientRequest()
AbstractDriver.php(621):	invokeMicrotasks()
{closure:Revolt\EventLoop\Internal\AbstractDriver::createCallbackFiber():565}()
AbstractDriver.php(502):	resume()
AbstractDriver.php(558):	invokeCallbacks()
{closure:Revolt\EventLoop\Internal\AbstractDriver::createLoopFiber():538}()
AbstractDriver.php(96):	resume()
DriverSuspension.php(117):	{closure:Revolt\EventLoop\Internal\AbstractDriver::__construct():90}()
Future.php(251):    	suspend()
AbstractServer.php(177):	await()
entry.php(119):     	waitShutdown()
entry.php(154):     	{closure:/home/user/PhpstormProjects/CryptoTrading/vendor/danog/madelineproto/src/Ipc/Runner/entry.php:35}()
ServerCallback, innatarasyan: 	Accepted IPC callback connection, assigning ID 1110!
Exception, innatarasyan:      	Invalid constructor provided: messageMediaWebPage in Files.php:992
AbstractServer, innatarasyan: 	Got error while calling IPC method: \danog\MadelineProto\Exception: Invalid constructor provided: messageMediaWebPage in /home/user/PhpstormProjects/CryptoTrading/vendor/danog/madelineproto/src/MTProtoTools/Files.php:992
Revision: 8.4.20
TL Trace:

Files.php(1010):    	getDownloadInfo()
AbstractServer.php(259):	downloadToDir()
AbstractDriver.php(430):	clientRequest()
AbstractDriver.php(621):	invokeMicrotasks()
{closure:Revolt\EventLoop\Internal\AbstractDriver::createCallbackFiber():565}()
AbstractDriver.php(502):	resume()
AbstractDriver.php(558):	invokeCallbacks()
{closure:Revolt\EventLoop\Internal\AbstractDriver::createLoopFiber():538}()
AbstractDriver.php(96):	resume()
DriverSuspension.php(117):	{closure:Revolt\EventLoop\Internal\AbstractDriver::__construct():90}()
Future.php(251):    	suspend()
AbstractServer.php(177):	await()
entry.php(119):     	waitShutdown()
entry.php(154):     	{closure:/home/user/PhpstormProjects/CryptoTrading/vendor/danog/madelineproto/src/Ipc/Runner/entry.php:35}()
ServerCallback, innatarasyan: 	Accepted IPC callback connection, assigning ID 1111!
Exception, innatarasyan:      	Invalid constructor provided: messageMediaWebPage in Files.php:992
AbstractServer, innatarasyan: 	Got error while calling IPC method: \danog\MadelineProto\Exception: Invalid constructor provided: messageMediaWebPage in /home/user/PhpstormProjects/CryptoTrading/vendor/danog/madelineproto/src/MTProtoTools/Files.php:992
Revision: 8.4.20
TL Trace:

Files.php(1010):    	getDownloadInfo()
AbstractServer.php(259):	downloadToDir()
AbstractDriver.php(430):	clientRequest()
AbstractDriver.php(621):	invokeMicrotasks()
{closure:Revolt\EventLoop\Internal\AbstractDriver::createCallbackFiber():565}()
AbstractDriver.php(502):	resume()
AbstractDriver.php(558):	invokeCallbacks()
{closure:Revolt\EventLoop\Internal\AbstractDriver::createLoopFiber():538}()
AbstractDriver.php(96):	resume()
DriverSuspension.php(117):	{closure:Revolt\EventLoop\Internal\AbstractDriver::__construct():90}()
Future.php(251):    	suspend()
AbstractServer.php(177):	await()
entry.php(119):     	waitShutdown()
entry.php(154):     	{closure:/home/user/PhpstormProjects/CryptoTrading/vendor/danog/madelineproto/src/Ipc/Runner/entry.php:35}()
ServerCallback, innatarasyan: 	Accepted IPC callback connection, assigning ID 1112!
Exception, innatarasyan:      	Invalid constructor provided: messageMediaWebPage in Files.php:992
AbstractServer, innatarasyan: 	Got error while calling IPC method: \danog\MadelineProto\Exception: Invalid constructor provided: messageMediaWebPage in /home/user/PhpstormProjects/CryptoTrading/vendor/danog/madelineproto/src/MTProtoTools/Files.php:992
Revision: 8.4.20
TL Trace:

Files.php(1010):    	getDownloadInfo()
AbstractServer.php(259):	downloadToDir()
AbstractDriver.php(430):	clientRequest()
AbstractDriver.php(621):	invokeMicrotasks()
{closure:Revolt\EventLoop\Internal\AbstractDriver::createCallbackFiber():565}()
AbstractDriver.php(502):	resume()
AbstractDriver.php(558):	invokeCallbacks()
{closure:Revolt\EventLoop\Internal\AbstractDriver::createLoopFiber():538}()
AbstractDriver.php(96):	resume()
DriverSuspension.php(117):	{closure:Revolt\EventLoop\Internal\AbstractDriver::__construct():90}()
Future.php(251):    	suspend()
AbstractServer.php(177):	await()
entry.php(119):     	waitShutdown()
entry.php(154):     	{closure:/home/user/PhpstormProjects/CryptoTrading/vendor/danog/madelineproto/src/Ipc/Runner/entry.php:35}()
UpdateHandler, innatarasyan:  	Parsing updates (updateShort) received via the socket...
FeedLoop, innatarasyan:       	Resumed update feed loop generic
UpdateHandler, innatarasyan:  	Saving update of type updateUserStatus
SessionPaths, innatarasyan:   	Waiting for exclusive lock of /home/user/PhpstormProjects/CryptoTrading/bot.madeline/safe.php.lock...
SessionPaths, innatarasyan:   	Got exclusive lock of /home/user/PhpstormProjects/CryptoTrading/bot.madeline/safe.php.lock...
SessionPaths, innatarasyan:   	Waiting for exclusive lock of /home/user/PhpstormProjects/CryptoTrading/bot.madeline/lightState.php.lock...
SessionPaths, innatarasyan:   	Got exclusive lock of /home/user/PhpstormProjects/CryptoTrading/bot.madeline/lightState.php.lock...
APIWrapper, innatarasyan:     	Saved session!
UpdateHandler, innatarasyan:  	Parsing updates (updateShort) received via the socket...
FeedLoop, innatarasyan:       	Resumed update feed loop generic
UpdateHandler, innatarasyan:  	Saving update of type updateUserStatus
UpdateHandler, innatarasyan:  	Parsing updates (updateShort) received via the socket...
FeedLoop, innatarasyan:       	Resumed update feed loop generic
UpdateHandler, innatarasyan:  	Saving update of type updateUserStatus
SessionPaths, innatarasyan:   	Waiting for exclusive lock of /home/user/PhpstormProjects/CryptoTrading/bot.madeline/safe.php.lock...
SessionPaths, innatarasyan:   	Got exclusive lock of /home/user/PhpstormProjects/CryptoTrading/bot.madeline/safe.php.lock...
SessionPaths, innatarasyan:   	Waiting for exclusive lock of /home/user/PhpstormProjects/CryptoTrading/bot.madeline/lightState.php.lock...
SessionPaths, innatarasyan:   	Got exclusive lock of /home/user/PhpstormProjects/CryptoTrading/bot.madeline/lightState.php.lock...
APIWrapper, innatarasyan:     	Saved session!
UpdateHandler, innatarasyan:  	Parsing updates (updates) received via the socket...
SeqLoop, innatarasyan:        	Was fed updates of type updates...
UpdateHandler, innatarasyan:  	Parsing updates (updates) received via the socket...
SeqLoop, innatarasyan:        	Was fed updates of type updates...
FeedLoop, innatarasyan:       	Resumed update feed loop channel -1001290362028
UpdateHandler, innatarasyan:  	Saving update of type updateNewChannelMessage
FeedLoop, innatarasyan:       	Resumed update feed loop channel -1001290362028
UpdateHandler, innatarasyan:  	Parsing updates (updateShort) received via the socket...
FeedLoop, innatarasyan:       	Resumed update feed loop generic
UpdateHandler, innatarasyan:  	Saving update of type updateUserStatus
UpdateHandler, innatarasyan:  	Parsing updates (updateShort) received via the socket...
FeedLoop, innatarasyan:       	Resumed update feed loop generic
UpdateHandler, innatarasyan:  	Saving update of type updateUserStatus
SessionPaths, innatarasyan:   	Waiting for exclusive lock of /home/user/PhpstormProjects/CryptoTrading/bot.madeline/safe.php.lock...
SessionPaths, innatarasyan:   	Got exclusive lock of /home/user/PhpstormProjects/CryptoTrading/bot.madeline/safe.php.lock...
SessionPaths, innatarasyan:   	Waiting for exclusive lock of /home/user/PhpstormProjects/CryptoTrading/bot.madeline/lightState.php.lock...
SessionPaths, innatarasyan:   	Got exclusive lock of /home/user/PhpstormProjects/CryptoTrading/bot.madeline/lightState.php.lock...
APIWrapper, innatarasyan:     	Saved session!
UpdateHandler, innatarasyan:  	Parsing updates (updateShort) received via the socket...
FeedLoop, innatarasyan:       	Resumed update feed loop channel -1001290362028
UpdateHandler, innatarasyan:  	Saving update of type updateDeleteChannelMessages
FeedLoop, innatarasyan:       	Resumed update feed loop channel -1001290362028
UpdateHandler, innatarasyan:  	Saving update of type updateDeleteChannelMessages
UpdateHandler, innatarasyan:  	Parsing updates (updateShort) received via the socket...
FeedLoop, innatarasyan:       	Resumed update feed loop generic
UpdateHandler, innatarasyan:  	Saving update of type updateUserStatus
UpdateHandler, innatarasyan:  	Parsing updates (updateShort) received via the socket...
FeedLoop, innatarasyan:       	Resumed update feed loop generic
UpdateHandler, innatarasyan:  	Saving update of type updateUserStatus
UpdateHandler, innatarasyan:  	Parsing updates (updateShort) received via the socket...
FeedLoop, innatarasyan:       	Resumed update feed loop generic
UpdateHandler, innatarasyan:  	Saving update of type updateUserStatus
UpdateHandler, innatarasyan:  	Parsing updates (updateShort) received via the socket...
FeedLoop, innatarasyan:       	Resumed update feed loop generic
UpdateHandler, innatarasyan:  	Saving update of type updateUserStatus
UpdateHandler, innatarasyan:  	Parsing updates (updateShort) received via the socket...
FeedLoop, innatarasyan:       	Resumed update feed loop generic
UpdateHandler, innatarasyan:  	Saving update of type updateUserStatus
UpdateHandler, innatarasyan:  	Parsing updates (updateShort) received via the socket...
FeedLoop, innatarasyan:       	Resumed update feed loop generic
UpdateHandler, innatarasyan:  	Saving update of type updateUserStatus
UpdateHandler, innatarasyan:  	Parsing updates (updateShort) received via the socket...
FeedLoop, innatarasyan:       	Resumed update feed loop generic
UpdateHandler, innatarasyan:  	Saving update of type updateUserStatus
UpdateHandler, innatarasyan:  	Parsing updates (updateShort) received via the socket...
FeedLoop, innatarasyan:       	Resumed update feed loop generic
UpdateHandler, innatarasyan:  	Saving update of type updateUserStatus
SessionPaths, innatarasyan:   	Waiting for exclusive lock of /home/user/PhpstormProjects/CryptoTrading/bot.madeline/safe.php.lock...
SessionPaths, innatarasyan:   	Got exclusive lock of /home/user/PhpstormProjects/CryptoTrading/bot.madeline/safe.php.lock...
SessionPaths, innatarasyan:   	Waiting for exclusive lock of /home/user/PhpstormProjects/CryptoTrading/bot.madeline/lightState.php.lock...
SessionPaths, innatarasyan:   	Got exclusive lock of /home/user/PhpstormProjects/CryptoTrading/bot.madeline/lightState.php.lock...
APIWrapper, innatarasyan:     	Saved session!
UpdateHandler, innatarasyan:  	Parsing updates (updateShort) received via the socket...
FeedLoop, innatarasyan:       	Resumed update feed loop generic
UpdateHandler, innatarasyan:  	Saving update of type updateUserStatus
UpdateHandler, innatarasyan:  	Parsing updates (updateShort) received via the socket...
FeedLoop, innatarasyan:       	Resumed update feed loop generic
UpdateHandler, innatarasyan:  	Saving update of type updateUserStatus
UpdateHandler, innatarasyan:  	Parsing updates (updateShort) received via the socket...
FeedLoop, innatarasyan:       	Resumed update feed loop channel -1001290362028
UpdateHandler, innatarasyan:  	Saving update of type updateDeleteChannelMessages
SessionPaths, innatarasyan:   	Waiting for exclusive lock of /home/user/PhpstormProjects/CryptoTrading/bot.madeline/safe.php.lock...
SessionPaths, innatarasyan:   	Got exclusive lock of /home/user/PhpstormProjects/CryptoTrading/bot.madeline/safe.php.lock...
SessionPaths, innatarasyan:   	Waiting for exclusive lock of /home/user/PhpstormProjects/CryptoTrading/bot.madeline/lightState.php.lock...
SessionPaths, innatarasyan:   	Got exclusive lock of /home/user/PhpstormProjects/CryptoTrading/bot.madeline/lightState.php.lock...
APIWrapper, innatarasyan:     	Saved session!
UpdateHandler, innatarasyan:  	Parsing updates (updateShort) received via the socket...
FeedLoop, innatarasyan:       	Resumed update feed loop generic
UpdateHandler, innatarasyan:  	Saving update of type updateUserStatus
UpdateHandler, innatarasyan:  	Parsing updates (updates) received via the socket...
SeqLoop, innatarasyan:        	Was fed updates of type updates...
UpdateHandler, innatarasyan:  	Parsing updates (updates) received via the socket...
SeqLoop, innatarasyan:        	Was fed updates of type updates...
FeedLoop, innatarasyan:       	Resumed update feed loop channel -1001290362028
UpdateHandler, innatarasyan:  	Saving update of type updateNewChannelMessage
FeedLoop, innatarasyan:       	Resumed update feed loop channel -1001290362028
UpdateHandler, innatarasyan:  	Parsing updates (updateShort) received via the socket...
FeedLoop, innatarasyan:       	Resumed update feed loop generic
UpdateHandler, innatarasyan:  	Saving update of type updateUserStatus
SessionPaths, innatarasyan:   	Waiting for exclusive lock of /home/user/PhpstormProjects/CryptoTrading/bot.madeline/safe.php.lock...
SessionPaths, innatarasyan:   	Got exclusive lock of /home/user/PhpstormProjects/CryptoTrading/bot.madeline/safe.php.lock...
SessionPaths, innatarasyan:   	Waiting for exclusive lock of /home/user/PhpstormProjects/CryptoTrading/bot.madeline/lightState.php.lock...
SessionPaths, innatarasyan:   	Got exclusive lock of /home/user/PhpstormProjects/CryptoTrading/bot.madeline/lightState.php.lock...
APIWrapper, innatarasyan:     	Saved session!
AbstractServer, innatarasyan: 	Accepted IPC client connection!
MinDatabase, innatarasyan:    	Found 1 pending contexts
ServerCallback, innatarasyan: 	Accepted IPC callback connection, assigning ID 1113!
Exception, innatarasyan:      	touch(): Unable to create file /home/user/PhpstormProjects/CryptoTrading/public/images_list/sticker_1856167861832122464.webp because No such file or directory in Files.php:1030
AbstractServer, innatarasyan: 	Got error while calling IPC method: \danog\MadelineProto\Exception: touch(): Unable to create file /home/user/PhpstormProjects/CryptoTrading/public/images_list/sticker_1856167861832122464.webp because No such file or directory in /home/user/PhpstormProjects/CryptoTrading/vendor/danog/madelineproto/src/MTProtoTools/Files.php:1030
Revision: 8.4.20
TL Trace:

exceptionErrorHandler()
Files.php(1030):    	touch()
Files.php(1011):    	downloadToFile()
AbstractServer.php(259):	downloadToDir()
AbstractDriver.php(430):	clientRequest()
AbstractDriver.php(621):	invokeMicrotasks()
{closure:Revolt\EventLoop\Internal\AbstractDriver::createCallbackFiber():565}()
AbstractDriver.php(502):	resume()
AbstractDriver.php(558):	invokeCallbacks()
{closure:Revolt\EventLoop\Internal\AbstractDriver::createLoopFiber():538}()
AbstractDriver.php(96):	resume()
DriverSuspension.php(117):	{closure:Revolt\EventLoop\Internal\AbstractDriver::__construct():90}()
Future.php(251):    	suspend()
AbstractServer.php(177):	await()
entry.php(119):     	waitShutdown()
entry.php(154):     	{closure:/home/user/PhpstormProjects/CryptoTrading/vendor/danog/madelineproto/src/Ipc/Runner/entry.php:35}()
UpdateHandler, innatarasyan:  	Parsing updates (updateShort) received via the socket...
UpdateHandler, innatarasyan:  	Parsing updates (updateShort) received via the socket...
FeedLoop, innatarasyan:       	Resumed update feed loop generic
UpdateHandler, innatarasyan:  	Saving update of type updateUserStatus
FeedLoop, innatarasyan:       	Resumed update feed loop channel -1001290362028
UpdateHandler, innatarasyan:  	Saving update of type updateDeleteChannelMessages
SessionPaths, innatarasyan:   	Waiting for exclusive lock of /home/user/PhpstormProjects/CryptoTrading/bot.madeline/safe.php.lock...
SessionPaths, innatarasyan:   	Got exclusive lock of /home/user/PhpstormProjects/CryptoTrading/bot.madeline/safe.php.lock...
SessionPaths, innatarasyan:   	Waiting for exclusive lock of /home/user/PhpstormProjects/CryptoTrading/bot.madeline/lightState.php.lock...
SessionPaths, innatarasyan:   	Got exclusive lock of /home/user/PhpstormProjects/CryptoTrading/bot.madeline/lightState.php.lock...
APIWrapper, innatarasyan:     	Saved session!
UpdateHandler, innatarasyan:  	Parsing updates (updateShort) received via the socket...
FeedLoop, innatarasyan:       	Resumed update feed loop generic
UpdateHandler, innatarasyan:  	Saving update of type updateUserStatus
UpdateHandler, innatarasyan:  	Parsing updates (updateShort) received via the socket...
FeedLoop, innatarasyan:       	Resumed update feed loop generic
UpdateHandler, innatarasyan:  	Saving update of type updateUserStatus
UpdateHandler, innatarasyan:  	Parsing updates (updateShort) received via the socket...
FeedLoop, innatarasyan:       	Resumed update feed loop generic
UpdateHandler, innatarasyan:  	Saving update of type updateUserStatus
SessionPaths, innatarasyan:   	Waiting for exclusive lock of /home/user/PhpstormProjects/CryptoTrading/bot.madeline/safe.php.lock...
SessionPaths, innatarasyan:   	Got exclusive lock of /home/user/PhpstormProjects/CryptoTrading/bot.madeline/safe.php.lock...
SessionPaths, innatarasyan:   	Waiting for exclusive lock of /home/user/PhpstormProjects/CryptoTrading/bot.madeline/lightState.php.lock...
SessionPaths, innatarasyan:   	Got exclusive lock of /home/user/PhpstormProjects/CryptoTrading/bot.madeline/lightState.php.lock...
APIWrapper, innatarasyan:     	Saved session!
UpdateHandler, innatarasyan:  	Parsing updates (updateShort) received via the socket...
FeedLoop, innatarasyan:       	Resumed update feed loop generic
UpdateHandler, innatarasyan:  	Saving update of type updateUserStatus
UpdateHandler, innatarasyan:  	Parsing updates (updateShort) received via the socket...
FeedLoop, innatarasyan:       	Resumed update feed loop generic
UpdateHandler, innatarasyan:  	Saving update of type updateUserStatus
AbstractServer, innatarasyan: 	Accepted IPC client connection!
MinDatabase, innatarasyan:    	Found 1 pending contexts
ServerCallback, innatarasyan: 	Accepted IPC callback connection, assigning ID 1114!
Exception, innatarasyan:      	touch(): Unable to create file /home/user/PhpstormProjects/CryptoTrading/public/images_list/5429601551871243260_y_2.jpg because No such file or directory in Files.php:1030
AbstractServer, innatarasyan: 	Got error while calling IPC method: \danog\MadelineProto\Exception: touch(): Unable to create file /home/user/PhpstormProjects/CryptoTrading/public/images_list/5429601551871243260_y_2.jpg because No such file or directory in /home/user/PhpstormProjects/CryptoTrading/vendor/danog/madelineproto/src/MTProtoTools/Files.php:1030
Revision: 8.4.20
TL Trace:

exceptionErrorHandler()
Files.php(1030):    	touch()
Files.php(1011):    	downloadToFile()
AbstractServer.php(259):	downloadToDir()
AbstractDriver.php(430):	clientRequest()
AbstractDriver.php(621):	invokeMicrotasks()
{closure:Revolt\EventLoop\Internal\AbstractDriver::createCallbackFiber():565}()
AbstractDriver.php(502):	resume()
AbstractDriver.php(558):	invokeCallbacks()
{closure:Revolt\EventLoop\Internal\AbstractDriver::createLoopFiber():538}()
AbstractDriver.php(96):	resume()
DriverSuspension.php(117):	{closure:Revolt\EventLoop\Internal\AbstractDriver::__construct():90}()
Future.php(251):    	suspend()
AbstractServer.php(177):	await()
entry.php(119):     	waitShutdown()
entry.php(154):     	{closure:/home/user/PhpstormProjects/CryptoTrading/vendor/danog/madelineproto/src/Ipc/Runner/entry.php:35}()
ServerCallback, innatarasyan: 	Accepted IPC callback connection, assigning ID 1115!
Exception, innatarasyan:      	touch(): Unable to create file /home/user/PhpstormProjects/CryptoTrading/public/images_list/5416058033928269504_y_2.jpg because No such file or directory in Files.php:1030
AbstractServer, innatarasyan: 	Got error while calling IPC method: \danog\MadelineProto\Exception: touch(): Unable to create file /home/user/PhpstormProjects/CryptoTrading/public/images_list/5416058033928269504_y_2.jpg because No such file or directory in /home/user/PhpstormProjects/CryptoTrading/vendor/danog/madelineproto/src/MTProtoTools/Files.php:1030
Revision: 8.4.20
TL Trace:

exceptionErrorHandler()
Files.php(1030):    	touch()
Files.php(1011):    	downloadToFile()
AbstractServer.php(259):	downloadToDir()
AbstractDriver.php(430):	clientRequest()
AbstractDriver.php(621):	invokeMicrotasks()
{closure:Revolt\EventLoop\Internal\AbstractDriver::createCallbackFiber():565}()
AbstractDriver.php(502):	resume()
AbstractDriver.php(558):	invokeCallbacks()
{closure:Revolt\EventLoop\Internal\AbstractDriver::createLoopFiber():538}()
AbstractDriver.php(96):	resume()
DriverSuspension.php(117):	{closure:Revolt\EventLoop\Internal\AbstractDriver::__construct():90}()
Future.php(251):    	suspend()
AbstractServer.php(177):	await()
entry.php(119):     	waitShutdown()
entry.php(154):     	{closure:/home/user/PhpstormProjects/CryptoTrading/vendor/danog/madelineproto/src/Ipc/Runner/entry.php:35}()
ServerCallback, innatarasyan: 	Accepted IPC callback connection, assigning ID 1116!
Exception, innatarasyan:      	touch(): Unable to create file /home/user/PhpstormProjects/CryptoTrading/public/images_list/4743951350170730168_5413806233658357431.mp4 because No such file or directory in Files.php:1030
AbstractServer, innatarasyan: 	Got error while calling IPC method: \danog\MadelineProto\Exception: touch(): Unable to create file /home/user/PhpstormProjects/CryptoTrading/public/images_list/4743951350170730168_5413806233658357431.mp4 because No such file or directory in /home/user/PhpstormProjects/CryptoTrading/vendor/danog/madelineproto/src/MTProtoTools/Files.php:1030
Revision: 8.4.20
TL Trace:

exceptionErrorHandler()
Files.php(1030):    	touch()
Files.php(1011):    	downloadToFile()
AbstractServer.php(259):	downloadToDir()
AbstractDriver.php(430):	clientRequest()
AbstractDriver.php(621):	invokeMicrotasks()
{closure:Revolt\EventLoop\Internal\AbstractDriver::createCallbackFiber():565}()
AbstractDriver.php(502):	resume()
AbstractDriver.php(558):	invokeCallbacks()
{closure:Revolt\EventLoop\Internal\AbstractDriver::createLoopFiber():538}()
AbstractDriver.php(96):	resume()
DriverSuspension.php(117):	{closure:Revolt\EventLoop\Internal\AbstractDriver::__construct():90}()
Future.php(251):    	suspend()
AbstractServer.php(177):	await()
entry.php(119):     	waitShutdown()
entry.php(154):     	{closure:/home/user/PhpstormProjects/CryptoTrading/vendor/danog/madelineproto/src/Ipc/Runner/entry.php:35}()
ServerCallback, innatarasyan: 	Accepted IPC callback connection, assigning ID 1117!
Exception, innatarasyan:      	touch(): Unable to create file /home/user/PhpstormProjects/CryptoTrading/public/images_list/5400123301533182700_y_2.jpg because No such file or directory in Files.php:1030
AbstractServer, innatarasyan: 	Got error while calling IPC method: \danog\MadelineProto\Exception: touch(): Unable to create file /home/user/PhpstormProjects/CryptoTrading/public/images_list/5400123301533182700_y_2.jpg because No such file or directory in /home/user/PhpstormProjects/CryptoTrading/vendor/danog/madelineproto/src/MTProtoTools/Files.php:1030
Revision: 8.4.20
TL Trace:

exceptionErrorHandler()
Files.php(1030):    	touch()
Files.php(1011):    	downloadToFile()
AbstractServer.php(259):	downloadToDir()
AbstractDriver.php(430):	clientRequest()
AbstractDriver.php(621):	invokeMicrotasks()
{closure:Revolt\EventLoop\Internal\AbstractDriver::createCallbackFiber():565}()
AbstractDriver.php(502):	resume()
AbstractDriver.php(558):	invokeCallbacks()
{closure:Revolt\EventLoop\Internal\AbstractDriver::createLoopFiber():538}()
AbstractDriver.php(96):	resume()
DriverSuspension.php(117):	{closure:Revolt\EventLoop\Internal\AbstractDriver::__construct():90}()
Future.php(251):    	suspend()
AbstractServer.php(177):	await()
entry.php(119):     	waitShutdown()
entry.php(154):     	{closure:/home/user/PhpstormProjects/CryptoTrading/vendor/danog/madelineproto/src/Ipc/Runner/entry.php:35}()
ServerCallback, innatarasyan: 	Accepted IPC callback connection, assigning ID 1118!
Exception, innatarasyan:      	touch(): Unable to create file /home/user/PhpstormProjects/CryptoTrading/public/images_list/8607499110311621047_5377618625928655947.mp4 because No such file or directory in Files.php:1030
AbstractServer, innatarasyan: 	Got error while calling IPC method: \danog\MadelineProto\Exception: touch(): Unable to create file /home/user/PhpstormProjects/CryptoTrading/public/images_list/8607499110311621047_5377618625928655947.mp4 because No such file or directory in /home/user/PhpstormProjects/CryptoTrading/vendor/danog/madelineproto/src/MTProtoTools/Files.php:1030
Revision: 8.4.20
TL Trace:

exceptionErrorHandler()
Files.php(1030):    	touch()
Files.php(1011):    	downloadToFile()
AbstractServer.php(259):	downloadToDir()
AbstractDriver.php(430):	clientRequest()
AbstractDriver.php(621):	invokeMicrotasks()
{closure:Revolt\EventLoop\Internal\AbstractDriver::createCallbackFiber():565}()
AbstractDriver.php(502):	resume()
AbstractDriver.php(558):	invokeCallbacks()
{closure:Revolt\EventLoop\Internal\AbstractDriver::createLoopFiber():538}()
AbstractDriver.php(96):	resume()
DriverSuspension.php(117):	{closure:Revolt\EventLoop\Internal\AbstractDriver::__construct():90}()
Future.php(251):    	suspend()
AbstractServer.php(177):	await()
entry.php(119):     	waitShutdown()
entry.php(154):     	{closure:/home/user/PhpstormProjects/CryptoTrading/vendor/danog/madelineproto/src/Ipc/Runner/entry.php:35}()
ServerCallback, innatarasyan: 	Accepted IPC callback connection, assigning ID 1119!
Exception, innatarasyan:      	touch(): Unable to create file /home/user/PhpstormProjects/CryptoTrading/public/images_list/1272768367684691929_5373285583747578304.mp4 because No such file or directory in Files.php:1030
AbstractServer, innatarasyan: 	Got error while calling IPC method: \danog\MadelineProto\Exception: touch(): Unable to create file /home/user/PhpstormProjects/CryptoTrading/public/images_list/1272768367684691929_5373285583747578304.mp4 because No such file or directory in /home/user/PhpstormProjects/CryptoTrading/vendor/danog/madelineproto/src/MTProtoTools/Files.php:1030
Revision: 8.4.20
TL Trace:

exceptionErrorHandler()
Files.php(1030):    	touch()
Files.php(1011):    	downloadToFile()
AbstractServer.php(259):	downloadToDir()
AbstractDriver.php(430):	clientRequest()
AbstractDriver.php(621):	invokeMicrotasks()
{closure:Revolt\EventLoop\Internal\AbstractDriver::createCallbackFiber():565}()
AbstractDriver.php(502):	resume()
AbstractDriver.php(558):	invokeCallbacks()
{closure:Revolt\EventLoop\Internal\AbstractDriver::createLoopFiber():538}()
AbstractDriver.php(96):	resume()
DriverSuspension.php(117):	{closure:Revolt\EventLoop\Internal\AbstractDriver::__construct():90}()
Future.php(251):    	suspend()
AbstractServer.php(177):	await()
entry.php(119):     	waitShutdown()
entry.php(154):     	{closure:/home/user/PhpstormProjects/CryptoTrading/vendor/danog/madelineproto/src/Ipc/Runner/entry.php:35}()
ServerCallback, innatarasyan: 	Accepted IPC callback connection, assigning ID 1120!
Exception, innatarasyan:      	touch(): Unable to create file /home/user/PhpstormProjects/CryptoTrading/public/images_list/5355019582215158095_y_2.jpg because No such file or directory in Files.php:1030
AbstractServer, innatarasyan: 	Got error while calling IPC method: \danog\MadelineProto\Exception: touch(): Unable to create file /home/user/PhpstormProjects/CryptoTrading/public/images_list/5355019582215158095_y_2.jpg because No such file or directory in /home/user/PhpstormProjects/CryptoTrading/vendor/danog/madelineproto/src/MTProtoTools/Files.php:1030
Revision: 8.4.20
TL Trace:

exceptionErrorHandler()
Files.php(1030):    	touch()
Files.php(1011):    	downloadToFile()
AbstractServer.php(259):	downloadToDir()
AbstractDriver.php(430):	clientRequest()
AbstractDriver.php(621):	invokeMicrotasks()
{closure:Revolt\EventLoop\Internal\AbstractDriver::createCallbackFiber():565}()
AbstractDriver.php(502):	resume()
AbstractDriver.php(558):	invokeCallbacks()
{closure:Revolt\EventLoop\Internal\AbstractDriver::createLoopFiber():538}()
AbstractDriver.php(96):	resume()
DriverSuspension.php(117):	{closure:Revolt\EventLoop\Internal\AbstractDriver::__construct():90}()
Future.php(251):    	suspend()
AbstractServer.php(177):	await()
entry.php(119):     	waitShutdown()
entry.php(154):     	{closure:/home/user/PhpstormProjects/CryptoTrading/vendor/danog/madelineproto/src/Ipc/Runner/entry.php:35}()
ServerCallback, innatarasyan: 	Accepted IPC callback connection, assigning ID 1121!
Exception, innatarasyan:      	touch(): Unable to create file /home/user/PhpstormProjects/CryptoTrading/public/images_list/6819015281843760068_5352788470802708420.mp4 because No such file or directory in Files.php:1030
AbstractServer, innatarasyan: 	Got error while calling IPC method: \danog\MadelineProto\Exception: touch(): Unable to create file /home/user/PhpstormProjects/CryptoTrading/public/images_list/6819015281843760068_5352788470802708420.mp4 because No such file or directory in /home/user/PhpstormProjects/CryptoTrading/vendor/danog/madelineproto/src/MTProtoTools/Files.php:1030
Revision: 8.4.20
TL Trace:

exceptionErrorHandler()
Files.php(1030):    	touch()
Files.php(1011):    	downloadToFile()
AbstractServer.php(259):	downloadToDir()
AbstractDriver.php(430):	clientRequest()
AbstractDriver.php(621):	invokeMicrotasks()
{closure:Revolt\EventLoop\Internal\AbstractDriver::createCallbackFiber():565}()
AbstractDriver.php(502):	resume()
AbstractDriver.php(558):	invokeCallbacks()
{closure:Revolt\EventLoop\Internal\AbstractDriver::createLoopFiber():538}()
AbstractDriver.php(96):	resume()
DriverSuspension.php(117):	{closure:Revolt\EventLoop\Internal\AbstractDriver::__construct():90}()
Future.php(251):    	suspend()
AbstractServer.php(177):	await()
entry.php(119):     	waitShutdown()
entry.php(154):     	{closure:/home/user/PhpstormProjects/CryptoTrading/vendor/danog/madelineproto/src/Ipc/Runner/entry.php:35}()
ServerCallback, innatarasyan: 	Accepted IPC callback connection, assigning ID 1122!
Exception, innatarasyan:      	touch(): Unable to create file /home/user/PhpstormProjects/CryptoTrading/public/images_list/5343721958505836809_y_2.jpg because No such file or directory in Files.php:1030
AbstractServer, innatarasyan: 	Got error while calling IPC method: \danog\MadelineProto\Exception: touch(): Unable to create file /home/user/PhpstormProjects/CryptoTrading/public/images_list/5343721958505836809_y_2.jpg because No such file or directory in /home/user/PhpstormProjects/CryptoTrading/vendor/danog/madelineproto/src/MTProtoTools/Files.php:1030
Revision: 8.4.20
TL Trace:

exceptionErrorHandler()
Files.php(1030):    	touch()
Files.php(1011):    	downloadToFile()
AbstractServer.php(259):	downloadToDir()
AbstractDriver.php(430):	clientRequest()
AbstractDriver.php(621):	invokeMicrotasks()
{closure:Revolt\EventLoop\Internal\AbstractDriver::createCallbackFiber():565}()
AbstractDriver.php(502):	resume()
AbstractDriver.php(558):	invokeCallbacks()
{closure:Revolt\EventLoop\Internal\AbstractDriver::createLoopFiber():538}()
AbstractDriver.php(96):	resume()
DriverSuspension.php(117):	{closure:Revolt\EventLoop\Internal\AbstractDriver::__construct():90}()
Future.php(251):    	suspend()
AbstractServer.php(177):	await()
entry.php(119):     	waitShutdown()
entry.php(154):     	{closure:/home/user/PhpstormProjects/CryptoTrading/vendor/danog/madelineproto/src/Ipc/Runner/entry.php:35}()
ServerCallback, innatarasyan: 	Accepted IPC callback connection, assigning ID 1123!
Exception, innatarasyan:      	touch(): Unable to create file /home/user/PhpstormProjects/CryptoTrading/public/images_list/5339483362655598109_y_2.jpg because No such file or directory in Files.php:1030
AbstractServer, innatarasyan: 	Got error while calling IPC method: \danog\MadelineProto\Exception: touch(): Unable to create file /home/user/PhpstormProjects/CryptoTrading/public/images_list/5339483362655598109_y_2.jpg because No such file or directory in /home/user/PhpstormProjects/CryptoTrading/vendor/danog/madelineproto/src/MTProtoTools/Files.php:1030
Revision: 8.4.20
TL Trace:

exceptionErrorHandler()
Files.php(1030):    	touch()
Files.php(1011):    	downloadToFile()
AbstractServer.php(259):	downloadToDir()
AbstractDriver.php(430):	clientRequest()
AbstractDriver.php(621):	invokeMicrotasks()
{closure:Revolt\EventLoop\Internal\AbstractDriver::createCallbackFiber():565}()
AbstractDriver.php(502):	resume()
AbstractDriver.php(558):	invokeCallbacks()
{closure:Revolt\EventLoop\Internal\AbstractDriver::createLoopFiber():538}()
AbstractDriver.php(96):	resume()
DriverSuspension.php(117):	{closure:Revolt\EventLoop\Internal\AbstractDriver::__construct():90}()
Future.php(251):    	suspend()
AbstractServer.php(177):	await()
entry.php(119):     	waitShutdown()
entry.php(154):     	{closure:/home/user/PhpstormProjects/CryptoTrading/vendor/danog/madelineproto/src/Ipc/Runner/entry.php:35}()
ServerCallback, innatarasyan: 	Accepted IPC callback connection, assigning ID 1124!
Exception, innatarasyan:      	touch(): Unable to create file /home/user/PhpstormProjects/CryptoTrading/public/images_list/5339496861737807987_y_2.jpg because No such file or directory in Files.php:1030
AbstractServer, innatarasyan: 	Got error while calling IPC method: \danog\MadelineProto\Exception: touch(): Unable to create file /home/user/PhpstormProjects/CryptoTrading/public/images_list/5339496861737807987_y_2.jpg because No such file or directory in /home/user/PhpstormProjects/CryptoTrading/vendor/danog/madelineproto/src/MTProtoTools/Files.php:1030
Revision: 8.4.20
TL Trace:

exceptionErrorHandler()
Files.php(1030):    	touch()
Files.php(1011):    	downloadToFile()
AbstractServer.php(259):	downloadToDir()
AbstractDriver.php(430):	clientRequest()
AbstractDriver.php(621):	invokeMicrotasks()
{closure:Revolt\EventLoop\Internal\AbstractDriver::createCallbackFiber():565}()
AbstractDriver.php(502):	resume()
AbstractDriver.php(558):	invokeCallbacks()
{closure:Revolt\EventLoop\Internal\AbstractDriver::createLoopFiber():538}()
AbstractDriver.php(96):	resume()
DriverSuspension.php(117):	{closure:Revolt\EventLoop\Internal\AbstractDriver::__construct():90}()
Future.php(251):    	suspend()
AbstractServer.php(177):	await()
entry.php(119):     	waitShutdown()
entry.php(154):     	{closure:/home/user/PhpstormProjects/CryptoTrading/vendor/danog/madelineproto/src/Ipc/Runner/entry.php:35}()
ServerCallback, innatarasyan: 	Accepted IPC callback connection, assigning ID 1125!
Exception, innatarasyan:      	touch(): Unable to create file /home/user/PhpstormProjects/CryptoTrading/public/images_list/3397000652920349342_5334548285862476874.mp4 because No such file or directory in Files.php:1030
AbstractServer, innatarasyan: 	Got error while calling IPC method: \danog\MadelineProto\Exception: touch(): Unable to create file /home/user/PhpstormProjects/CryptoTrading/public/images_list/3397000652920349342_5334548285862476874.mp4 because No such file or directory in /home/user/PhpstormProjects/CryptoTrading/vendor/danog/madelineproto/src/MTProtoTools/Files.php:1030
Revision: 8.4.20
TL Trace:

exceptionErrorHandler()
Files.php(1030):    	touch()
Files.php(1011):    	downloadToFile()
AbstractServer.php(259):	downloadToDir()
AbstractDriver.php(430):	clientRequest()
AbstractDriver.php(621):	invokeMicrotasks()
{closure:Revolt\EventLoop\Internal\AbstractDriver::createCallbackFiber():565}()
AbstractDriver.php(502):	resume()
AbstractDriver.php(558):	invokeCallbacks()
{closure:Revolt\EventLoop\Internal\AbstractDriver::createLoopFiber():538}()
AbstractDriver.php(96):	resume()
DriverSuspension.php(117):	{closure:Revolt\EventLoop\Internal\AbstractDriver::__construct():90}()
Future.php(251):    	suspend()
AbstractServer.php(177):	await()
entry.php(119):     	waitShutdown()
entry.php(154):     	{closure:/home/user/PhpstormProjects/CryptoTrading/vendor/danog/madelineproto/src/Ipc/Runner/entry.php:35}()
ServerCallback, innatarasyan: 	Accepted IPC callback connection, assigning ID 1126!
Exception, innatarasyan:      	touch(): Unable to create file /home/user/PhpstormProjects/CryptoTrading/public/images_list/5332296486505019049_y_2.jpg because No such file or directory in Files.php:1030
AbstractServer, innatarasyan: 	Got error while calling IPC method: \danog\MadelineProto\Exception: touch(): Unable to create file /home/user/PhpstormProjects/CryptoTrading/public/images_list/5332296486505019049_y_2.jpg because No such file or directory in /home/user/PhpstormProjects/CryptoTrading/vendor/danog/madelineproto/src/MTProtoTools/Files.php:1030
Revision: 8.4.20
TL Trace:

exceptionErrorHandler()
Files.php(1030):    	touch()
Files.php(1011):    	downloadToFile()
AbstractServer.php(259):	downloadToDir()
AbstractDriver.php(430):	clientRequest()
AbstractDriver.php(621):	invokeMicrotasks()
{closure:Revolt\EventLoop\Internal\AbstractDriver::createCallbackFiber():565}()
AbstractDriver.php(502):	resume()
AbstractDriver.php(558):	invokeCallbacks()
{closure:Revolt\EventLoop\Internal\AbstractDriver::createLoopFiber():538}()
AbstractDriver.php(96):	resume()
DriverSuspension.php(117):	{closure:Revolt\EventLoop\Internal\AbstractDriver::__construct():90}()
Future.php(251):    	suspend()
AbstractServer.php(177):	await()
entry.php(119):     	waitShutdown()
entry.php(154):     	{closure:/home/user/PhpstormProjects/CryptoTrading/vendor/danog/madelineproto/src/Ipc/Runner/entry.php:35}()
ServerCallback, innatarasyan: 	Accepted IPC callback connection, assigning ID 1127!
Exception, innatarasyan:      	touch(): Unable to create file /home/user/PhpstormProjects/CryptoTrading/public/images_list/5330065190865203500_y_2.jpg because No such file or directory in Files.php:1030
AbstractServer, innatarasyan: 	Got error while calling IPC method: \danog\MadelineProto\Exception: touch(): Unable to create file /home/user/PhpstormProjects/CryptoTrading/public/images_list/5330065190865203500_y_2.jpg because No such file or directory in /home/user/PhpstormProjects/CryptoTrading/vendor/danog/madelineproto/src/MTProtoTools/Files.php:1030
Revision: 8.4.20
TL Trace:

exceptionErrorHandler()
Files.php(1030):    	touch()
Files.php(1011):    	downloadToFile()
AbstractServer.php(259):	downloadToDir()
AbstractDriver.php(430):	clientRequest()
AbstractDriver.php(621):	invokeMicrotasks()
{closure:Revolt\EventLoop\Internal\AbstractDriver::createCallbackFiber():565}()
AbstractDriver.php(502):	resume()
AbstractDriver.php(558):	invokeCallbacks()
{closure:Revolt\EventLoop\Internal\AbstractDriver::createLoopFiber():538}()
AbstractDriver.php(96):	resume()
DriverSuspension.php(117):	{closure:Revolt\EventLoop\Internal\AbstractDriver::__construct():90}()
Future.php(251):    	suspend()
AbstractServer.php(177):	await()
entry.php(119):     	waitShutdown()
entry.php(154):     	{closure:/home/user/PhpstormProjects/CryptoTrading/vendor/danog/madelineproto/src/Ipc/Runner/entry.php:35}()
ServerCallback, innatarasyan: 	Accepted IPC callback connection, assigning ID 1128!
Exception, innatarasyan:      	touch(): Unable to create file /home/user/PhpstormProjects/CryptoTrading/public/images_list/1959046885165127739_5321246067772126446.mp4 because No such file or directory in Files.php:1030
AbstractServer, innatarasyan: 	Got error while calling IPC method: \danog\MadelineProto\Exception: touch(): Unable to create file /home/user/PhpstormProjects/CryptoTrading/public/images_list/1959046885165127739_5321246067772126446.mp4 because No such file or directory in /home/user/PhpstormProjects/CryptoTrading/vendor/danog/madelineproto/src/MTProtoTools/Files.php:1030
Revision: 8.4.20
TL Trace:

exceptionErrorHandler()
Files.php(1030):    	touch()
Files.php(1011):    	downloadToFile()
AbstractServer.php(259):	downloadToDir()
AbstractDriver.php(430):	clientRequest()
AbstractDriver.php(621):	invokeMicrotasks()
{closure:Revolt\EventLoop\Internal\AbstractDriver::createCallbackFiber():565}()
AbstractDriver.php(502):	resume()
AbstractDriver.php(558):	invokeCallbacks()
{closure:Revolt\EventLoop\Internal\AbstractDriver::createLoopFiber():538}()
AbstractDriver.php(96):	resume()
DriverSuspension.php(117):	{closure:Revolt\EventLoop\Internal\AbstractDriver::__construct():90}()
Future.php(251):    	suspend()
AbstractServer.php(177):	await()
entry.php(119):     	waitShutdown()
entry.php(154):     	{closure:/home/user/PhpstormProjects/CryptoTrading/vendor/danog/madelineproto/src/Ipc/Runner/entry.php:35}()
ServerCallback, innatarasyan: 	Accepted IPC callback connection, assigning ID 1129!
Exception, innatarasyan:      	touch(): Unable to create file /home/user/PhpstormProjects/CryptoTrading/public/images_list/5314250455561401656_y_2.jpg because No such file or directory in Files.php:1030
AbstractServer, innatarasyan: 	Got error while calling IPC method: \danog\MadelineProto\Exception: touch(): Unable to create file /home/user/PhpstormProjects/CryptoTrading/public/images_list/5314250455561401656_y_2.jpg because No such file or directory in /home/user/PhpstormProjects/CryptoTrading/vendor/danog/madelineproto/src/MTProtoTools/Files.php:1030
Revision: 8.4.20
TL Trace:

exceptionErrorHandler()
Files.php(1030):    	touch()
Files.php(1011):    	downloadToFile()
AbstractServer.php(259):	downloadToDir()
AbstractDriver.php(430):	clientRequest()
AbstractDriver.php(621):	invokeMicrotasks()
{closure:Revolt\EventLoop\Internal\AbstractDriver::createCallbackFiber():565}()
AbstractDriver.php(502):	resume()
AbstractDriver.php(558):	invokeCallbacks()
{closure:Revolt\EventLoop\Internal\AbstractDriver::createLoopFiber():538}()
AbstractDriver.php(96):	resume()
DriverSuspension.php(117):	{closure:Revolt\EventLoop\Internal\AbstractDriver::__construct():90}()
Future.php(251):    	suspend()
AbstractServer.php(177):	await()
entry.php(119):     	waitShutdown()
entry.php(154):     	{closure:/home/user/PhpstormProjects/CryptoTrading/vendor/danog/madelineproto/src/Ipc/Runner/entry.php:35}()
ServerCallback, innatarasyan: 	Accepted IPC callback connection, assigning ID 1130!
Exception, innatarasyan:      	touch(): Unable to create file /home/user/PhpstormProjects/CryptoTrading/public/images_list/5312357603344515368_y_2.jpg because No such file or directory in Files.php:1030
AbstractServer, innatarasyan: 	Got error while calling IPC method: \danog\MadelineProto\Exception: touch(): Unable to create file /home/user/PhpstormProjects/CryptoTrading/public/images_list/5312357603344515368_y_2.jpg because No such file or directory in /home/user/PhpstormProjects/CryptoTrading/vendor/danog/madelineproto/src/MTProtoTools/Files.php:1030
Revision: 8.4.20
TL Trace:

exceptionErrorHandler()
Files.php(1030):    	touch()
Files.php(1011):    	downloadToFile()
AbstractServer.php(259):	downloadToDir()
AbstractDriver.php(430):	clientRequest()
AbstractDriver.php(621):	invokeMicrotasks()
{closure:Revolt\EventLoop\Internal\AbstractDriver::createCallbackFiber():565}()
AbstractDriver.php(502):	resume()
AbstractDriver.php(558):	invokeCallbacks()
{closure:Revolt\EventLoop\Internal\AbstractDriver::createLoopFiber():538}()
AbstractDriver.php(96):	resume()
DriverSuspension.php(117):	{closure:Revolt\EventLoop\Internal\AbstractDriver::__construct():90}()
Future.php(251):    	suspend()
AbstractServer.php(177):	await()
entry.php(119):     	waitShutdown()
entry.php(154):     	{closure:/home/user/PhpstormProjects/CryptoTrading/vendor/danog/madelineproto/src/Ipc/Runner/entry.php:35}()
ServerCallback, innatarasyan: 	Accepted IPC callback connection, assigning ID 1131!
Exception, innatarasyan:      	touch(): Unable to create file /home/user/PhpstormProjects/CryptoTrading/public/images_list/-6239694585860112225_5310299570524154506.mp4 because No such file or directory in Files.php:1030
AbstractServer, innatarasyan: 	Got error while calling IPC method: \danog\MadelineProto\Exception: touch(): Unable to create file /home/user/PhpstormProjects/CryptoTrading/public/images_list/-6239694585860112225_5310299570524154506.mp4 because No such file or directory in /home/user/PhpstormProjects/CryptoTrading/vendor/danog/madelineproto/src/MTProtoTools/Files.php:1030
Revision: 8.4.20
TL Trace:

exceptionErrorHandler()
Files.php(1030):    	touch()
Files.php(1011):    	downloadToFile()
AbstractServer.php(259):	downloadToDir()
AbstractDriver.php(430):	clientRequest()
AbstractDriver.php(621):	invokeMicrotasks()
{closure:Revolt\EventLoop\Internal\AbstractDriver::createCallbackFiber():565}()
AbstractDriver.php(502):	resume()
AbstractDriver.php(558):	invokeCallbacks()
{closure:Revolt\EventLoop\Internal\AbstractDriver::createLoopFiber():538}()
AbstractDriver.php(96):	resume()
DriverSuspension.php(117):	{closure:Revolt\EventLoop\Internal\AbstractDriver::__construct():90}()
Future.php(251):    	suspend()
AbstractServer.php(177):	await()
entry.php(119):     	waitShutdown()
entry.php(154):     	{closure:/home/user/PhpstormProjects/CryptoTrading/vendor/danog/madelineproto/src/Ipc/Runner/entry.php:35}()
ServerCallback, innatarasyan: 	Accepted IPC callback connection, assigning ID 1132!
Exception, innatarasyan:      	touch(): Unable to create file /home/user/PhpstormProjects/CryptoTrading/public/images_list/3729397510566623302_5305795970896787034.mp4 because No such file or directory in Files.php:1030
AbstractServer, innatarasyan: 	Got error while calling IPC method: \danog\MadelineProto\Exception: touch(): Unable to create file /home/user/PhpstormProjects/CryptoTrading/public/images_list/3729397510566623302_5305795970896787034.mp4 because No such file or directory in /home/user/PhpstormProjects/CryptoTrading/vendor/danog/madelineproto/src/MTProtoTools/Files.php:1030
Revision: 8.4.20
TL Trace:

exceptionErrorHandler()
Files.php(1030):    	touch()
Files.php(1011):    	downloadToFile()
AbstractServer.php(259):	downloadToDir()
AbstractDriver.php(430):	clientRequest()
AbstractDriver.php(621):	invokeMicrotasks()
{closure:Revolt\EventLoop\Internal\AbstractDriver::createCallbackFiber():565}()
AbstractDriver.php(502):	resume()
AbstractDriver.php(558):	invokeCallbacks()
{closure:Revolt\EventLoop\Internal\AbstractDriver::createLoopFiber():538}()
AbstractDriver.php(96):	resume()
DriverSuspension.php(117):	{closure:Revolt\EventLoop\Internal\AbstractDriver::__construct():90}()
Future.php(251):    	suspend()
AbstractServer.php(177):	await()
entry.php(119):     	waitShutdown()
entry.php(154):     	{closure:/home/user/PhpstormProjects/CryptoTrading/vendor/danog/madelineproto/src/Ipc/Runner/entry.php:35}()
ServerCallback, innatarasyan: 	Accepted IPC callback connection, assigning ID 1133!
Exception, innatarasyan:      	touch(): Unable to create file /home/user/PhpstormProjects/CryptoTrading/public/images_list/5300833652038563929_y_2.jpg because No such file or directory in Files.php:1030
AbstractServer, innatarasyan: 	Got error while calling IPC method: \danog\MadelineProto\Exception: touch(): Unable to create file /home/user/PhpstormProjects/CryptoTrading/public/images_list/5300833652038563929_y_2.jpg because No such file or directory in /home/user/PhpstormProjects/CryptoTrading/vendor/danog/madelineproto/src/MTProtoTools/Files.php:1030
Revision: 8.4.20
TL Trace:

exceptionErrorHandler()
Files.php(1030):    	touch()
Files.php(1011):    	downloadToFile()
AbstractServer.php(259):	downloadToDir()
AbstractDriver.php(430):	clientRequest()
AbstractDriver.php(621):	invokeMicrotasks()
{closure:Revolt\EventLoop\Internal\AbstractDriver::createCallbackFiber():565}()
AbstractDriver.php(502):	resume()
AbstractDriver.php(558):	invokeCallbacks()
{closure:Revolt\EventLoop\Internal\AbstractDriver::createLoopFiber():538}()
AbstractDriver.php(96):	resume()
DriverSuspension.php(117):	{closure:Revolt\EventLoop\Internal\AbstractDriver::__construct():90}()
Future.php(251):    	suspend()
AbstractServer.php(177):	await()
entry.php(119):     	waitShutdown()
entry.php(154):     	{closure:/home/user/PhpstormProjects/CryptoTrading/vendor/danog/madelineproto/src/Ipc/Runner/entry.php:35}()
ServerCallback, innatarasyan: 	Accepted IPC callback connection, assigning ID 1134!
Exception, innatarasyan:      	touch(): Unable to create file /home/user/PhpstormProjects/CryptoTrading/public/images_list/6995559587015967329_5300984215955861488.mp4 because No such file or directory in Files.php:1030
AbstractServer, innatarasyan: 	Got error while calling IPC method: \danog\MadelineProto\Exception: touch(): Unable to create file /home/user/PhpstormProjects/CryptoTrading/public/images_list/6995559587015967329_5300984215955861488.mp4 because No such file or directory in /home/user/PhpstormProjects/CryptoTrading/vendor/danog/madelineproto/src/MTProtoTools/Files.php:1030
Revision: 8.4.20
TL Trace:

exceptionErrorHandler()
Files.php(1030):    	touch()
Files.php(1011):    	downloadToFile()
AbstractServer.php(259):	downloadToDir()
AbstractDriver.php(430):	clientRequest()
AbstractDriver.php(621):	invokeMicrotasks()
{closure:Revolt\EventLoop\Internal\AbstractDriver::createCallbackFiber():565}()
AbstractDriver.php(502):	resume()
AbstractDriver.php(558):	invokeCallbacks()
{closure:Revolt\EventLoop\Internal\AbstractDriver::createLoopFiber():538}()
AbstractDriver.php(96):	resume()
DriverSuspension.php(117):	{closure:Revolt\EventLoop\Internal\AbstractDriver::__construct():90}()
Future.php(251):    	suspend()
AbstractServer.php(177):	await()
entry.php(119):     	waitShutdown()
entry.php(154):     	{closure:/home/user/PhpstormProjects/CryptoTrading/vendor/danog/madelineproto/src/Ipc/Runner/entry.php:35}()
ServerCallback, innatarasyan: 	Accepted IPC callback connection, assigning ID 1135!
Exception, innatarasyan:      	touch(): Unable to create file /home/user/PhpstormProjects/CryptoTrading/public/images_list/5296480616784721124_y_2.jpg because No such file or directory in Files.php:1030
AbstractServer, innatarasyan: 	Got error while calling IPC method: \danog\MadelineProto\Exception: touch(): Unable to create file /home/user/PhpstormProjects/CryptoTrading/public/images_list/5296480616784721124_y_2.jpg because No such file or directory in /home/user/PhpstormProjects/CryptoTrading/vendor/danog/madelineproto/src/MTProtoTools/Files.php:1030
Revision: 8.4.20
TL Trace:

exceptionErrorHandler()
Files.php(1030):    	touch()
Files.php(1011):    	downloadToFile()
AbstractServer.php(259):	downloadToDir()
AbstractDriver.php(430):	clientRequest()
AbstractDriver.php(621):	invokeMicrotasks()
{closure:Revolt\EventLoop\Internal\AbstractDriver::createCallbackFiber():565}()
AbstractDriver.php(502):	resume()
AbstractDriver.php(558):	invokeCallbacks()
{closure:Revolt\EventLoop\Internal\AbstractDriver::createLoopFiber():538}()
AbstractDriver.php(96):	resume()
DriverSuspension.php(117):	{closure:Revolt\EventLoop\Internal\AbstractDriver::__construct():90}()
Future.php(251):    	suspend()
AbstractServer.php(177):	await()
entry.php(119):     	waitShutdown()
entry.php(154):     	{closure:/home/user/PhpstormProjects/CryptoTrading/vendor/danog/madelineproto/src/Ipc/Runner/entry.php:35}()
ServerCallback, innatarasyan: 	Accepted IPC callback connection, assigning ID 1136!
Exception, innatarasyan:      	touch(): Unable to create file /home/user/PhpstormProjects/CryptoTrading/public/images_list/-374385741642309631_5296556276472379273.mp4 because No such file or directory in Files.php:1030
AbstractServer, innatarasyan: 	Got error while calling IPC method: \danog\MadelineProto\Exception: touch(): Unable to create file /home/user/PhpstormProjects/CryptoTrading/public/images_list/-374385741642309631_5296556276472379273.mp4 because No such file or directory in /home/user/PhpstormProjects/CryptoTrading/vendor/danog/madelineproto/src/MTProtoTools/Files.php:1030
Revision: 8.4.20
TL Trace:

exceptionErrorHandler()
Files.php(1030):    	touch()
Files.php(1011):    	downloadToFile()
AbstractServer.php(259):	downloadToDir()
AbstractDriver.php(430):	clientRequest()
AbstractDriver.php(621):	invokeMicrotasks()
{closure:Revolt\EventLoop\Internal\AbstractDriver::createCallbackFiber():565}()
AbstractDriver.php(502):	resume()
AbstractDriver.php(558):	invokeCallbacks()
{closure:Revolt\EventLoop\Internal\AbstractDriver::createLoopFiber():538}()
AbstractDriver.php(96):	resume()
DriverSuspension.php(117):	{closure:Revolt\EventLoop\Internal\AbstractDriver::__construct():90}()
Future.php(251):    	suspend()
AbstractServer.php(177):	await()
entry.php(119):     	waitShutdown()
entry.php(154):     	{closure:/home/user/PhpstormProjects/CryptoTrading/vendor/danog/madelineproto/src/Ipc/Runner/entry.php:35}()
ServerCallback, innatarasyan: 	Accepted IPC callback connection, assigning ID 1137!
Exception, innatarasyan:      	touch(): Unable to create file /home/user/PhpstormProjects/CryptoTrading/public/images_list/-7980279918983609229_5291770896925619121.mp4 because No such file or directory in Files.php:1030
AbstractServer, innatarasyan: 	Got error while calling IPC method: \danog\MadelineProto\Exception: touch(): Unable to create file /home/user/PhpstormProjects/CryptoTrading/public/images_list/-7980279918983609229_5291770896925619121.mp4 because No such file or directory in /home/user/PhpstormProjects/CryptoTrading/vendor/danog/madelineproto/src/MTProtoTools/Files.php:1030
Revision: 8.4.20
TL Trace:

exceptionErrorHandler()
Files.php(1030):    	touch()
Files.php(1011):    	downloadToFile()
AbstractServer.php(259):	downloadToDir()
AbstractDriver.php(430):	clientRequest()
AbstractDriver.php(621):	invokeMicrotasks()
{closure:Revolt\EventLoop\Internal\AbstractDriver::createCallbackFiber():565}()
AbstractDriver.php(502):	resume()
AbstractDriver.php(558):	invokeCallbacks()
{closure:Revolt\EventLoop\Internal\AbstractDriver::createLoopFiber():538}()
AbstractDriver.php(96):	resume()
DriverSuspension.php(117):	{closure:Revolt\EventLoop\Internal\AbstractDriver::__construct():90}()
Future.php(251):    	suspend()
AbstractServer.php(177):	await()
entry.php(119):     	waitShutdown()
entry.php(154):     	{closure:/home/user/PhpstormProjects/CryptoTrading/vendor/danog/madelineproto/src/Ipc/Runner/entry.php:35}()
ServerCallback, innatarasyan: 	Accepted IPC callback connection, assigning ID 1138!
Exception, innatarasyan:      	touch(): Unable to create file /home/user/PhpstormProjects/CryptoTrading/public/images_list/6922183968651706045_5287267297298252700.mp4 because No such file or directory in Files.php:1030
AbstractServer, innatarasyan: 	Got error while calling IPC method: \danog\MadelineProto\Exception: touch(): Unable to create file /home/user/PhpstormProjects/CryptoTrading/public/images_list/6922183968651706045_5287267297298252700.mp4 because No such file or directory in /home/user/PhpstormProjects/CryptoTrading/vendor/danog/madelineproto/src/MTProtoTools/Files.php:1030
Revision: 8.4.20
TL Trace:

exceptionErrorHandler()
Files.php(1030):    	touch()
Files.php(1011):    	downloadToFile()
AbstractServer.php(259):	downloadToDir()
AbstractDriver.php(430):	clientRequest()
AbstractDriver.php(621):	invokeMicrotasks()
{closure:Revolt\EventLoop\Internal\AbstractDriver::createCallbackFiber():565}()
AbstractDriver.php(502):	resume()
AbstractDriver.php(558):	invokeCallbacks()
{closure:Revolt\EventLoop\Internal\AbstractDriver::createLoopFiber():538}()
AbstractDriver.php(96):	resume()
DriverSuspension.php(117):	{closure:Revolt\EventLoop\Internal\AbstractDriver::__construct():90}()
Future.php(251):    	suspend()
AbstractServer.php(177):	await()
entry.php(119):     	waitShutdown()
entry.php(154):     	{closure:/home/user/PhpstormProjects/CryptoTrading/vendor/danog/madelineproto/src/Ipc/Runner/entry.php:35}()
ServerCallback, innatarasyan: 	Accepted IPC callback connection, assigning ID 1139!
Exception, innatarasyan:      	touch(): Unable to create file /home/user/PhpstormProjects/CryptoTrading/public/images_list/5280695203222647625_y_2.jpg because No such file or directory in Files.php:1030
AbstractServer, innatarasyan: 	Got error while calling IPC method: \danog\MadelineProto\Exception: touch(): Unable to create file /home/user/PhpstormProjects/CryptoTrading/public/images_list/5280695203222647625_y_2.jpg because No such file or directory in /home/user/PhpstormProjects/CryptoTrading/vendor/danog/madelineproto/src/MTProtoTools/Files.php:1030
Revision: 8.4.20
TL Trace:

exceptionErrorHandler()
Files.php(1030):    	touch()
Files.php(1011):    	downloadToFile()
AbstractServer.php(259):	downloadToDir()
AbstractDriver.php(430):	clientRequest()
AbstractDriver.php(621):	invokeMicrotasks()
{closure:Revolt\EventLoop\Internal\AbstractDriver::createCallbackFiber():565}()
AbstractDriver.php(502):	resume()
AbstractDriver.php(558):	invokeCallbacks()
{closure:Revolt\EventLoop\Internal\AbstractDriver::createLoopFiber():538}()
AbstractDriver.php(96):	resume()
DriverSuspension.php(117):	{closure:Revolt\EventLoop\Internal\AbstractDriver::__construct():90}()
Future.php(251):    	suspend()
AbstractServer.php(177):	await()
entry.php(119):     	waitShutdown()
entry.php(154):     	{closure:/home/user/PhpstormProjects/CryptoTrading/vendor/danog/madelineproto/src/Ipc/Runner/entry.php:35}()
ServerCallback, innatarasyan: 	Accepted IPC callback connection, assigning ID 1140!
Exception, innatarasyan:      	touch(): Unable to create file /home/user/PhpstormProjects/CryptoTrading/public/images_list/5278443403408960878_y_2.jpg because No such file or directory in Files.php:1030
AbstractServer, innatarasyan: 	Got error while calling IPC method: \danog\MadelineProto\Exception: touch(): Unable to create file /home/user/PhpstormProjects/CryptoTrading/public/images_list/5278443403408960878_y_2.jpg because No such file or directory in /home/user/PhpstormProjects/CryptoTrading/vendor/danog/madelineproto/src/MTProtoTools/Files.php:1030
Revision: 8.4.20
TL Trace:

exceptionErrorHandler()
Files.php(1030):    	touch()
Files.php(1011):    	downloadToFile()
AbstractServer.php(259):	downloadToDir()
AbstractDriver.php(430):	clientRequest()
AbstractDriver.php(621):	invokeMicrotasks()
{closure:Revolt\EventLoop\Internal\AbstractDriver::createCallbackFiber():565}()
AbstractDriver.php(502):	resume()
AbstractDriver.php(558):	invokeCallbacks()
{closure:Revolt\EventLoop\Internal\AbstractDriver::createLoopFiber():538}()
AbstractDriver.php(96):	resume()
DriverSuspension.php(117):	{closure:Revolt\EventLoop\Internal\AbstractDriver::__construct():90}()
Future.php(251):    	suspend()
AbstractServer.php(177):	await()
entry.php(119):     	waitShutdown()
entry.php(154):     	{closure:/home/user/PhpstormProjects/CryptoTrading/vendor/danog/madelineproto/src/Ipc/Runner/entry.php:35}()
ServerCallback, innatarasyan: 	Accepted IPC callback connection, assigning ID 1141!
Exception, innatarasyan:      	touch(): Unable to create file /home/user/PhpstormProjects/CryptoTrading/public/images_list/5288387731852903857_5276088352125252194.mp4 because No such file or directory in Files.php:1030
AbstractServer, innatarasyan: 	Got error while calling IPC method: \danog\MadelineProto\Exception: touch(): Unable to create file /home/user/PhpstormProjects/CryptoTrading/public/images_list/5288387731852903857_5276088352125252194.mp4 because No such file or directory in /home/user/PhpstormProjects/CryptoTrading/vendor/danog/madelineproto/src/MTProtoTools/Files.php:1030
Revision: 8.4.20
TL Trace:

exceptionErrorHandler()
Files.php(1030):    	touch()
Files.php(1011):    	downloadToFile()
AbstractServer.php(259):	downloadToDir()
AbstractDriver.php(430):	clientRequest()
AbstractDriver.php(621):	invokeMicrotasks()
{closure:Revolt\EventLoop\Internal\AbstractDriver::createCallbackFiber():565}()
AbstractDriver.php(502):	resume()
AbstractDriver.php(558):	invokeCallbacks()
{closure:Revolt\EventLoop\Internal\AbstractDriver::createLoopFiber():538}()
AbstractDriver.php(96):	resume()
DriverSuspension.php(117):	{closure:Revolt\EventLoop\Internal\AbstractDriver::__construct():90}()
Future.php(251):    	suspend()
AbstractServer.php(177):	await()
entry.php(119):     	waitShutdown()
entry.php(154):     	{closure:/home/user/PhpstormProjects/CryptoTrading/vendor/danog/madelineproto/src/Ipc/Runner/entry.php:35}()
ServerCallback, innatarasyan: 	Accepted IPC callback connection, assigning ID 1142!
Exception, innatarasyan:      	touch(): Unable to create file /home/user/PhpstormProjects/CryptoTrading/public/images_list/2938303545170516095_5274153774301079576.mp4 because No such file or directory in Files.php:1030
AbstractServer, innatarasyan: 	Got error while calling IPC method: \danog\MadelineProto\Exception: touch(): Unable to create file /home/user/PhpstormProjects/CryptoTrading/public/images_list/2938303545170516095_5274153774301079576.mp4 because No such file or directory in /home/user/PhpstormProjects/CryptoTrading/vendor/danog/madelineproto/src/MTProtoTools/Files.php:1030
Revision: 8.4.20
TL Trace:

exceptionErrorHandler()
Files.php(1030):    	touch()
Files.php(1011):    	downloadToFile()
AbstractServer.php(259):	downloadToDir()
AbstractDriver.php(430):	clientRequest()
AbstractDriver.php(621):	invokeMicrotasks()
{closure:Revolt\EventLoop\Internal\AbstractDriver::createCallbackFiber():565}()
AbstractDriver.php(502):	resume()
AbstractDriver.php(558):	invokeCallbacks()
{closure:Revolt\EventLoop\Internal\AbstractDriver::createLoopFiber():538}()
AbstractDriver.php(96):	resume()
DriverSuspension.php(117):	{closure:Revolt\EventLoop\Internal\AbstractDriver::__construct():90}()
Future.php(251):    	suspend()
AbstractServer.php(177):	await()
entry.php(119):     	waitShutdown()
entry.php(154):     	{closure:/home/user/PhpstormProjects/CryptoTrading/vendor/danog/madelineproto/src/Ipc/Runner/entry.php:35}()
ServerCallback, innatarasyan: 	Accepted IPC callback connection, assigning ID 1143!
Exception, innatarasyan:      	touch(): Unable to create file /home/user/PhpstormProjects/CryptoTrading/public/images_list/-3945905526946411724_5271901974487394885.mp4 because No such file or directory in Files.php:1030
AbstractServer, innatarasyan: 	Got error while calling IPC method: \danog\MadelineProto\Exception: touch(): Unable to create file /home/user/PhpstormProjects/CryptoTrading/public/images_list/-3945905526946411724_5271901974487394885.mp4 because No such file or directory in /home/user/PhpstormProjects/CryptoTrading/vendor/danog/madelineproto/src/MTProtoTools/Files.php:1030
Revision: 8.4.20
TL Trace:

exceptionErrorHandler()
Files.php(1030):    	touch()
Files.php(1011):    	downloadToFile()
AbstractServer.php(259):	downloadToDir()
AbstractDriver.php(430):	clientRequest()
AbstractDriver.php(621):	invokeMicrotasks()
{closure:Revolt\EventLoop\Internal\AbstractDriver::createCallbackFiber():565}()
AbstractDriver.php(502):	resume()
AbstractDriver.php(558):	invokeCallbacks()
{closure:Revolt\EventLoop\Internal\AbstractDriver::createLoopFiber():538}()
AbstractDriver.php(96):	resume()
DriverSuspension.php(117):	{closure:Revolt\EventLoop\Internal\AbstractDriver::__construct():90}()
Future.php(251):    	suspend()
AbstractServer.php(177):	await()
entry.php(119):     	waitShutdown()
entry.php(154):     	{closure:/home/user/PhpstormProjects/CryptoTrading/vendor/danog/madelineproto/src/Ipc/Runner/entry.php:35}()
UpdateHandler, innatarasyan:  	Parsing updates (updateShort) received via the socket...
FeedLoop, innatarasyan:       	Resumed update feed loop generic
UpdateHandler, innatarasyan:  	Saving update of type updateUserStatus
UpdateHandler, innatarasyan:  	Parsing updates (updateShort) received via the socket...
FeedLoop, innatarasyan:       	Resumed update feed loop generic
UpdateHandler, innatarasyan:  	Saving update of type updateUserStatus
SessionPaths, innatarasyan:   	Waiting for exclusive lock of /home/user/PhpstormProjects/CryptoTrading/bot.madeline/safe.php.lock...
SessionPaths, innatarasyan:   	Got exclusive lock of /home/user/PhpstormProjects/CryptoTrading/bot.madeline/safe.php.lock...
SessionPaths, innatarasyan:   	Waiting for exclusive lock of /home/user/PhpstormProjects/CryptoTrading/bot.madeline/lightState.php.lock...
SessionPaths, innatarasyan:   	Got exclusive lock of /home/user/PhpstormProjects/CryptoTrading/bot.madeline/lightState.php.lock...
APIWrapper, innatarasyan:     	Saved session!
UpdateHandler, innatarasyan:  	Parsing updates (updateShort) received via the socket...
FeedLoop, innatarasyan:       	Resumed update feed loop generic
UpdateHandler, innatarasyan:  	Saving update of type updateUserStatus
UpdateHandler, innatarasyan:  	Parsing updates (updateShort) received via the socket...
FeedLoop, innatarasyan:       	Resumed update feed loop generic
UpdateHandler, innatarasyan:  	Saving update of type updateUserStatus
UpdateHandler, innatarasyan:  	Parsing updates (updateShort) received via the socket...
FeedLoop, innatarasyan:       	Resumed update feed loop generic
UpdateHandler, innatarasyan:  	Saving update of type updateUserStatus
UpdateHandler, innatarasyan:  	Parsing updates (updateShort) received via the socket...
FeedLoop, innatarasyan:       	Resumed update feed loop generic
UpdateHandler, innatarasyan:  	Saving update of type updateUserStatus
UpdateHandler, innatarasyan:  	Parsing updates (updateShort) received via the socket...
FeedLoop, innatarasyan:       	Resumed update feed loop generic
UpdateHandler, innatarasyan:  	Saving update of type updateUserStatus
UpdateHandler, innatarasyan:  	Parsing updates (updateShort) received via the socket...
FeedLoop, innatarasyan:       	Resumed update feed loop generic
UpdateHandler, innatarasyan:  	Saving update of type updateUserStatus
SessionPaths, innatarasyan:   	Waiting for exclusive lock of /home/user/PhpstormProjects/CryptoTrading/bot.madeline/safe.php.lock...
SessionPaths, innatarasyan:   	Got exclusive lock of /home/user/PhpstormProjects/CryptoTrading/bot.madeline/safe.php.lock...
SessionPaths, innatarasyan:   	Waiting for exclusive lock of /home/user/PhpstormProjects/CryptoTrading/bot.madeline/lightState.php.lock...
SessionPaths, innatarasyan:   	Got exclusive lock of /home/user/PhpstormProjects/CryptoTrading/bot.madeline/lightState.php.lock...
APIWrapper, innatarasyan:     	Saved session!
UpdateHandler, innatarasyan:  	Parsing updates (updates) received via the socket...
SeqLoop, innatarasyan:        	Was fed updates of type updates...
UpdateHandler, innatarasyan:  	Parsing updates (updates) received via the socket...
SeqLoop, innatarasyan:        	Was fed updates of type updates...
FeedLoop, innatarasyan:       	Resumed update feed loop channel -1001290362028
UpdateHandler, innatarasyan:  	Saving update of type updateNewChannelMessage
FeedLoop, innatarasyan:       	Resumed update feed loop channel -1001290362028
UpdateHandler, innatarasyan:  	Parsing updates (updateShort) received via the socket...
FeedLoop, innatarasyan:       	Resumed update feed loop generic
UpdateHandler, innatarasyan:  	Saving update of type updateUserStatus
MinDatabase, innatarasyan:    	Found 2 pending contexts
UpdateHandler, innatarasyan:  	Parsing updates (updates) received via the socket...
SeqLoop, innatarasyan:        	Was fed updates of type updates...
UpdateHandler, innatarasyan:  	Parsing updates (updates) received via the socket...
SeqLoop, innatarasyan:        	Was fed updates of type updates...
FeedLoop, innatarasyan:       	Resumed update feed loop generic
UpdateHandler, innatarasyan:  	Saving update of type updateMessagePoll
UpdateHandler, innatarasyan:  	Saving update of type updateMessagePoll
UpdateHandler, innatarasyan:  	Parsing updates (updateShort) received via the socket...
FeedLoop, innatarasyan:       	Resumed update feed loop channel -1001290362028
UpdateHandler, innatarasyan:  	Saving update of type updateDeleteChannelMessages
UpdateHandler, innatarasyan:  	Parsing updates (updateShort) received via the socket...
FeedLoop, innatarasyan:       	Resumed update feed loop channel -1001290362028
SessionPaths, innatarasyan:   	Waiting for exclusive lock of /home/user/PhpstormProjects/CryptoTrading/bot.madeline/safe.php.lock...
SessionPaths, innatarasyan:   	Got exclusive lock of /home/user/PhpstormProjects/CryptoTrading/bot.madeline/safe.php.lock...
SessionPaths, innatarasyan:   	Waiting for exclusive lock of /home/user/PhpstormProjects/CryptoTrading/bot.madeline/lightState.php.lock...
SessionPaths, innatarasyan:   	Got exclusive lock of /home/user/PhpstormProjects/CryptoTrading/bot.madeline/lightState.php.lock...
APIWrapper, innatarasyan:     	Saved session!
UpdateHandler, innatarasyan:  	Parsing updates (updateShort) received via the socket...
FeedLoop, innatarasyan:       	Resumed update feed loop generic
UpdateHandler, innatarasyan:  	Saving update of type updateUserStatus
SessionPaths, innatarasyan:   	Waiting for exclusive lock of /home/user/PhpstormProjects/CryptoTrading/bot.madeline/safe.php.lock...
SessionPaths, innatarasyan:   	Got exclusive lock of /home/user/PhpstormProjects/CryptoTrading/bot.madeline/safe.php.lock...
SessionPaths, innatarasyan:   	Waiting for exclusive lock of /home/user/PhpstormProjects/CryptoTrading/bot.madeline/lightState.php.lock...
SessionPaths, innatarasyan:   	Got exclusive lock of /home/user/PhpstormProjects/CryptoTrading/bot.madeline/lightState.php.lock...
APIWrapper, innatarasyan:     	Saved session!
UpdateHandler, innatarasyan:  	Parsing updates (updates) received via the socket...
SeqLoop, innatarasyan:        	Was fed updates of type updates...
UpdateHandler, innatarasyan:  	Parsing updates (updates) received via the socket...
SeqLoop, innatarasyan:        	Was fed updates of type updates...
FeedLoop, innatarasyan:       	Resumed update feed loop channel -1001290362028
UpdateHandler, innatarasyan:  	Saving update of type updateNewChannelMessage
FeedLoop, innatarasyan:       	Resumed update feed loop channel -1001290362028
SessionPaths, innatarasyan:   	Waiting for exclusive lock of /home/user/PhpstormProjects/CryptoTrading/bot.madeline/safe.php.lock...
SessionPaths, innatarasyan:   	Got exclusive lock of /home/user/PhpstormProjects/CryptoTrading/bot.madeline/safe.php.lock...
SessionPaths, innatarasyan:   	Waiting for exclusive lock of /home/user/PhpstormProjects/CryptoTrading/bot.madeline/lightState.php.lock...
SessionPaths, innatarasyan:   	Got exclusive lock of /home/user/PhpstormProjects/CryptoTrading/bot.madeline/lightState.php.lock...
APIWrapper, innatarasyan:     	Saved session!
UpdateHandler, innatarasyan:  	Parsing updates (updateShort) received via the socket...
FeedLoop, innatarasyan:       	Resumed update feed loop channel -1001290362028
UpdateHandler, innatarasyan:  	Saving update of type updateDeleteChannelMessages
MinDatabase, innatarasyan:    	Found 1 pending contexts
UpdateHandler, innatarasyan:  	Parsing updates (updates) received via the socket...
SeqLoop, innatarasyan:        	Was fed updates of type updates...
FeedLoop, innatarasyan:       	Resumed update feed loop generic
UpdateHandler, innatarasyan:  	Saving update of type updateMessagePoll
UpdateHandler, innatarasyan:  	Parsing updates (updates) received via the socket...
SeqLoop, innatarasyan:        	Was fed updates of type updates...
FeedLoop, innatarasyan:       	Resumed update feed loop channel -1001290362028
UpdateHandler, innatarasyan:  	Saving update of type updateNewChannelMessage
FeedLoop, innatarasyan:       	MSGID duplicate (2084109) in update feed loop channel -1001290362028
FeedLoop, innatarasyan:       	Resumed update feed loop channel -1001290362028
SessionPaths, innatarasyan:   	Waiting for exclusive lock of /home/user/PhpstormProjects/CryptoTrading/bot.madeline/safe.php.lock...
SessionPaths, innatarasyan:   	Got exclusive lock of /home/user/PhpstormProjects/CryptoTrading/bot.madeline/safe.php.lock...
SessionPaths, innatarasyan:   	Waiting for exclusive lock of /home/user/PhpstormProjects/CryptoTrading/bot.madeline/lightState.php.lock...
SessionPaths, innatarasyan:   	Got exclusive lock of /home/user/PhpstormProjects/CryptoTrading/bot.madeline/lightState.php.lock...
APIWrapper, innatarasyan:     	Saved session!
UpdateHandler, innatarasyan:  	Parsing updates (updateShort) received via the socket...
FeedLoop, innatarasyan:       	Resumed update feed loop channel -1001290362028
UpdateHandler, innatarasyan:  	Saving update of type updateDeleteChannelMessages
FeedLoop, innatarasyan:       	Getdiff fed me message of type message in update feed loop channel -1001290362028...
FeedLoop, innatarasyan:       	Resumed update feed loop channel -1001290362028
UpdateHandler, innatarasyan:  	Saving update of type updateNewChannelMessage
UpdateHandler, innatarasyan:  	Saving update of type updateDeleteChannelMessages
UpdateHandler, innatarasyan:  	Parsing updates (updates) received via the socket...
SeqLoop, innatarasyan:        	Was fed updates of type updates...
FeedLoop, innatarasyan:       	Resumed update feed loop channel -1001290362028
MinDatabase, innatarasyan:    	Found 2 pending contexts
UpdateHandler, innatarasyan:  	Parsing updates (updateShort) received via the socket...
UpdateHandler, innatarasyan:  	Parsing updates (updates) received via the socket...
SeqLoop, innatarasyan:        	Was fed updates of type updates...
FeedLoop, innatarasyan:       	Resumed update feed loop generic
UpdateHandler, innatarasyan:  	Saving update of type updateUserStatus
FeedLoop, innatarasyan:       	Resumed update feed loop generic
UpdateHandler, innatarasyan:  	Saving update of type updateMessagePoll
FeedLoop, innatarasyan:       	Resumed update feed loop channel -1001290362028
UpdateHandler, innatarasyan:  	Saving update of type updateDeleteChannelMessages
UpdateHandler, innatarasyan:  	Parsing updates (updateShort) received via the socket...
FeedLoop, innatarasyan:       	Resumed update feed loop generic
UpdateHandler, innatarasyan:  	Saving update of type updateUserStatus
SessionPaths, innatarasyan:   	Waiting for exclusive lock of /home/user/PhpstormProjects/CryptoTrading/bot.madeline/safe.php.lock...
SessionPaths, innatarasyan:   	Got exclusive lock of /home/user/PhpstormProjects/CryptoTrading/bot.madeline/safe.php.lock...
SessionPaths, innatarasyan:   	Waiting for exclusive lock of /home/user/PhpstormProjects/CryptoTrading/bot.madeline/lightState.php.lock...
SessionPaths, innatarasyan:   	Got exclusive lock of /home/user/PhpstormProjects/CryptoTrading/bot.madeline/lightState.php.lock...
APIWrapper, innatarasyan:     	Saved session!
UpdateHandler, innatarasyan:  	Parsing updates (updateShort) received via the socket...
FeedLoop, innatarasyan:       	Resumed update feed loop generic
UpdateHandler, innatarasyan:  	Saving update of type updateUserStatus
SessionPaths, innatarasyan:   	Waiting for exclusive lock of /home/user/PhpstormProjects/CryptoTrading/bot.madeline/safe.php.lock...
SessionPaths, innatarasyan:   	Got exclusive lock of /home/user/PhpstormProjects/CryptoTrading/bot.madeline/safe.php.lock...
SessionPaths, innatarasyan:   	Waiting for exclusive lock of /home/user/PhpstormProjects/CryptoTrading/bot.madeline/lightState.php.lock...
SessionPaths, innatarasyan:   	Got exclusive lock of /home/user/PhpstormProjects/CryptoTrading/bot.madeline/lightState.php.lock...
APIWrapper, innatarasyan:     	Saved session!
UpdateHandler, innatarasyan:  	Parsing updates (updateShort) received via the socket...
FeedLoop, innatarasyan:       	Resumed update feed loop generic
UpdateHandler, innatarasyan:  	Saving update of type updateUserStatus
SessionPaths, innatarasyan:   	Waiting for exclusive lock of /home/user/PhpstormProjects/CryptoTrading/bot.madeline/safe.php.lock...
SessionPaths, innatarasyan:   	Got exclusive lock of /home/user/PhpstormProjects/CryptoTrading/bot.madeline/safe.php.lock...
SessionPaths, innatarasyan:   	Waiting for exclusive lock of /home/user/PhpstormProjects/CryptoTrading/bot.madeline/lightState.php.lock...
SessionPaths, innatarasyan:   	Got exclusive lock of /home/user/PhpstormProjects/CryptoTrading/bot.madeline/lightState.php.lock...
APIWrapper, innatarasyan:     	Saved session!
SessionPaths, innatarasyan:   	Waiting for exclusive lock of /home/user/PhpstormProjects/CryptoTrading/bot.madeline/safe.php.lock...
SessionPaths, innatarasyan:   	Got exclusive lock of /home/user/PhpstormProjects/CryptoTrading/bot.madeline/safe.php.lock...
SessionPaths, innatarasyan:   	Waiting for exclusive lock of /home/user/PhpstormProjects/CryptoTrading/bot.madeline/lightState.php.lock...
SessionPaths, innatarasyan:   	Got exclusive lock of /home/user/PhpstormProjects/CryptoTrading/bot.madeline/lightState.php.lock...
APIWrapper, innatarasyan:     	Saved session!
UpdateHandler, innatarasyan:  	Parsing updates (updateShort) received via the socket...
FeedLoop, innatarasyan:       	Resumed update feed loop generic
UpdateHandler, innatarasyan:  	Saving update of type updateChannelMessageViews
SessionPaths, innatarasyan:   	Waiting for exclusive lock of /home/user/PhpstormProjects/CryptoTrading/bot.madeline/safe.php.lock...
SessionPaths, innatarasyan:   	Got exclusive lock of /home/user/PhpstormProjects/CryptoTrading/bot.madeline/safe.php.lock...
SessionPaths, innatarasyan:   	Waiting for exclusive lock of /home/user/PhpstormProjects/CryptoTrading/bot.madeline/lightState.php.lock...
SessionPaths, innatarasyan:   	Got exclusive lock of /home/user/PhpstormProjects/CryptoTrading/bot.madeline/lightState.php.lock...
APIWrapper, innatarasyan:     	Saved session!
SessionPaths, innatarasyan:   	Waiting for exclusive lock of /home/user/PhpstormProjects/CryptoTrading/bot.madeline/safe.php.lock...
SessionPaths, innatarasyan:   	Got exclusive lock of /home/user/PhpstormProjects/CryptoTrading/bot.madeline/safe.php.lock...
SessionPaths, innatarasyan:   	Waiting for exclusive lock of /home/user/PhpstormProjects/CryptoTrading/bot.madeline/lightState.php.lock...
SessionPaths, innatarasyan:   	Got exclusive lock of /home/user/PhpstormProjects/CryptoTrading/bot.madeline/lightState.php.lock...
APIWrapper, innatarasyan:     	Saved session!
UpdateHandler, innatarasyan:  	Parsing updates (updateShort) received via the socket...
FeedLoop, innatarasyan:       	Resumed update feed loop generic
UpdateHandler, innatarasyan:  	Saving update of type updateUserStatus
UpdateHandler, innatarasyan:  	Parsing updates (updateShort) received via the socket...
FeedLoop, innatarasyan:       	Resumed update feed loop generic
UpdateHandler, innatarasyan:  	Saving update of type updateUserStatus
UpdateHandler, innatarasyan:  	Parsing updates (updateShort) received via the socket...
FeedLoop, innatarasyan:       	Resumed update feed loop generic
UpdateHandler, innatarasyan:  	Saving update of type updateUserStatus
SessionPaths, innatarasyan:   	Waiting for exclusive lock of /home/user/PhpstormProjects/CryptoTrading/bot.madeline/safe.php.lock...
SessionPaths, innatarasyan:   	Got exclusive lock of /home/user/PhpstormProjects/CryptoTrading/bot.madeline/safe.php.lock...
SessionPaths, innatarasyan:   	Waiting for exclusive lock of /home/user/PhpstormProjects/CryptoTrading/bot.madeline/lightState.php.lock...
SessionPaths, innatarasyan:   	Got exclusive lock of /home/user/PhpstormProjects/CryptoTrading/bot.madeline/lightState.php.lock...
APIWrapper, innatarasyan:     	Saved session!
SessionPaths, innatarasyan:   	Waiting for exclusive lock of /home/user/PhpstormProjects/CryptoTrading/bot.madeline/safe.php.lock...
SessionPaths, innatarasyan:   	Got exclusive lock of /home/user/PhpstormProjects/CryptoTrading/bot.madeline/safe.php.lock...
SessionPaths, innatarasyan:   	Waiting for exclusive lock of /home/user/PhpstormProjects/CryptoTrading/bot.madeline/lightState.php.lock...
SessionPaths, innatarasyan:   	Got exclusive lock of /home/user/PhpstormProjects/CryptoTrading/bot.madeline/lightState.php.lock...
APIWrapper, innatarasyan:     	Saved session!
UpdateHandler, innatarasyan:  	Parsing updates (updateShort) received via the socket...
FeedLoop, innatarasyan:       	Resumed update feed loop generic
UpdateHandler, innatarasyan:  	Saving update of type updateUserStatus
SessionPaths, innatarasyan:   	Waiting for exclusive lock of /home/user/PhpstormProjects/CryptoTrading/bot.madeline/safe.php.lock...
SessionPaths, innatarasyan:   	Got exclusive lock of /home/user/PhpstormProjects/CryptoTrading/bot.madeline/safe.php.lock...
SessionPaths, innatarasyan:   	Waiting for exclusive lock of /home/user/PhpstormProjects/CryptoTrading/bot.madeline/lightState.php.lock...
SessionPaths, innatarasyan:   	Got exclusive lock of /home/user/PhpstormProjects/CryptoTrading/bot.madeline/lightState.php.lock...
APIWrapper, innatarasyan:     	Saved session!
UpdateHandler, innatarasyan:  	Parsing updates (updates) received via the socket...
SeqLoop, innatarasyan:        	Was fed updates of type updates...
UpdateHandler, innatarasyan:  	Parsing updates (updates) received via the socket...
SeqLoop, innatarasyan:        	Was fed updates of type updates...
FeedLoop, innatarasyan:       	Resumed update feed loop channel -1001290362028
UpdateHandler, innatarasyan:  	Saving update of type updateNewChannelMessage
FeedLoop, innatarasyan:       	Resumed update feed loop channel -1001290362028
UpdateHandler, innatarasyan:  	Parsing updates (updateShort) received via the socket...
FeedLoop, innatarasyan:       	Resumed update feed loop generic
UpdateHandler, innatarasyan:  	Saving update of type updateUserStatus
UpdateHandler, innatarasyan:  	Parsing updates (updateShort) received via the socket...
FeedLoop, innatarasyan:       	Resumed update feed loop generic
UpdateHandler, innatarasyan:  	Saving update of type updateUserStatus
UpdateHandler, innatarasyan:  	Parsing updates (updateShort) received via the socket...
FeedLoop, innatarasyan:       	Resumed update feed loop channel -1001290362028
UpdateHandler, innatarasyan:  	Saving update of type updateDeleteChannelMessages
UpdateHandler, innatarasyan:  	Parsing updates (updates) received via the socket...
SeqLoop, innatarasyan:        	Was fed updates of type updates...
UpdateHandler, innatarasyan:  	Parsing updates (updateShort) received via the socket...
FeedLoop, innatarasyan:       	Resumed update feed loop channel -1001290362028
UpdateHandler, innatarasyan:  	Saving update of type updateNewChannelMessage
UpdateHandler, innatarasyan:  	Parsing updates (updates) received via the socket...
SeqLoop, innatarasyan:        	Was fed updates of type updates...
FeedLoop, innatarasyan:       	Resumed update feed loop channel -1001290362028
UpdateHandler, innatarasyan:  	Parsing updates (updateShort) received via the socket...
FeedLoop, innatarasyan:       	Resumed update feed loop channel -1001290362028
UpdateHandler, innatarasyan:  	Saving update of type updateDeleteChannelMessages
MinDatabase, innatarasyan:    	Found 1 pending contexts
UpdateHandler, innatarasyan:  	Parsing updates (updateShort) received via the socket...
UpdateHandler, innatarasyan:  	Parsing updates (updates) received via the socket...
SeqLoop, innatarasyan:        	Was fed updates of type updates...
FeedLoop, innatarasyan:       	Resumed update feed loop channel -1001290362028
FeedLoop, innatarasyan:       	Resumed update feed loop generic
UpdateHandler, innatarasyan:  	Saving update of type updateMessagePoll
SessionPaths, innatarasyan:   	Waiting for exclusive lock of /home/user/PhpstormProjects/CryptoTrading/bot.madeline/safe.php.lock...
SessionPaths, innatarasyan:   	Got exclusive lock of /home/user/PhpstormProjects/CryptoTrading/bot.madeline/safe.php.lock...
SessionPaths, innatarasyan:   	Waiting for exclusive lock of /home/user/PhpstormProjects/CryptoTrading/bot.madeline/lightState.php.lock...
SessionPaths, innatarasyan:   	Got exclusive lock of /home/user/PhpstormProjects/CryptoTrading/bot.madeline/lightState.php.lock...
APIWrapper, innatarasyan:     	Saved session!
UpdateHandler, innatarasyan:  	Parsing updates (updates) received via the socket...
SeqLoop, innatarasyan:        	Was fed updates of type updates...
FeedLoop, innatarasyan:       	Resumed update feed loop channel -1001290362028
UpdateHandler, innatarasyan:  	Saving update of type updateNewChannelMessage
FeedLoop, innatarasyan:       	MSGID duplicate (2084113) in update feed loop channel -1001290362028
FeedLoop, innatarasyan:       	Resumed update feed loop channel -1001290362028
UpdateHandler, innatarasyan:  	Parsing updates (updateShort) received via the socket...
FeedLoop, innatarasyan:       	Resumed update feed loop generic
UpdateHandler, innatarasyan:  	Saving update of type updateUserStatus
SessionPaths, innatarasyan:   	Waiting for exclusive lock of /home/user/PhpstormProjects/CryptoTrading/bot.madeline/safe.php.lock...
SessionPaths, innatarasyan:   	Got exclusive lock of /home/user/PhpstormProjects/CryptoTrading/bot.madeline/safe.php.lock...
SessionPaths, innatarasyan:   	Waiting for exclusive lock of /home/user/PhpstormProjects/CryptoTrading/bot.madeline/lightState.php.lock...
SessionPaths, innatarasyan:   	Got exclusive lock of /home/user/PhpstormProjects/CryptoTrading/bot.madeline/lightState.php.lock...
APIWrapper, innatarasyan:     	Saved session!
SessionPaths, innatarasyan:   	Waiting for exclusive lock of /home/user/PhpstormProjects/CryptoTrading/bot.madeline/safe.php.lock...
SessionPaths, innatarasyan:   	Got exclusive lock of /home/user/PhpstormProjects/CryptoTrading/bot.madeline/safe.php.lock...
SessionPaths, innatarasyan:   	Waiting for exclusive lock of /home/user/PhpstormProjects/CryptoTrading/bot.madeline/lightState.php.lock...
SessionPaths, innatarasyan:   	Got exclusive lock of /home/user/PhpstormProjects/CryptoTrading/bot.madeline/lightState.php.lock...
APIWrapper, innatarasyan:     	Saved session!
UpdateHandler, innatarasyan:  	Parsing updates (updateShort) received via the socket...
FeedLoop, innatarasyan:       	Resumed update feed loop generic
UpdateHandler, innatarasyan:  	Saving update of type updateUserStatus
SessionPaths, innatarasyan:   	Waiting for exclusive lock of /home/user/PhpstormProjects/CryptoTrading/bot.madeline/safe.php.lock...
SessionPaths, innatarasyan:   	Got exclusive lock of /home/user/PhpstormProjects/CryptoTrading/bot.madeline/safe.php.lock...
SessionPaths, innatarasyan:   	Waiting for exclusive lock of /home/user/PhpstormProjects/CryptoTrading/bot.madeline/lightState.php.lock...
SessionPaths, innatarasyan:   	Got exclusive lock of /home/user/PhpstormProjects/CryptoTrading/bot.madeline/lightState.php.lock...
APIWrapper, innatarasyan:     	Saved session!
UpdateHandler, innatarasyan:  	Parsing updates (updates) received via the socket...
SeqLoop, innatarasyan:        	Was fed updates of type updates...
UpdateHandler, innatarasyan:  	Parsing updates (updates) received via the socket...
SeqLoop, innatarasyan:        	Was fed updates of type updates...
FeedLoop, innatarasyan:       	Resumed update feed loop channel -1001290362028
UpdateHandler, innatarasyan:  	Saving update of type updateNewChannelMessage
FeedLoop, innatarasyan:       	Resumed update feed loop channel -1001290362028
UpdateHandler, innatarasyan:  	Parsing updates (updateShort) received via the socket...
FeedLoop, innatarasyan:       	Resumed update feed loop channel -1001290362028
UpdateHandler, innatarasyan:  	Saving update of type updateDeleteChannelMessages
MinDatabase, innatarasyan:    	Found 2 pending contexts
UpdateHandler, innatarasyan:  	Parsing updates (updates) received via the socket...
SeqLoop, innatarasyan:        	Was fed updates of type updates...
UpdateHandler, innatarasyan:  	Parsing updates (updateShort) received via the socket...
UpdateHandler, innatarasyan:  	Parsing updates (updates) received via the socket...
SeqLoop, innatarasyan:        	Was fed updates of type updates...
FeedLoop, innatarasyan:       	Resumed update feed loop channel -1001290362028
FeedLoop, innatarasyan:       	Resumed update feed loop generic
UpdateHandler, innatarasyan:  	Saving update of type updateMessagePoll
UpdateHandler, innatarasyan:  	Saving update of type updateMessagePoll
SessionPaths, innatarasyan:   	Waiting for exclusive lock of /home/user/PhpstormProjects/CryptoTrading/bot.madeline/safe.php.lock...
SessionPaths, innatarasyan:   	Got exclusive lock of /home/user/PhpstormProjects/CryptoTrading/bot.madeline/safe.php.lock...
SessionPaths, innatarasyan:   	Waiting for exclusive lock of /home/user/PhpstormProjects/CryptoTrading/bot.madeline/lightState.php.lock...
SessionPaths, innatarasyan:   	Got exclusive lock of /home/user/PhpstormProjects/CryptoTrading/bot.madeline/lightState.php.lock...
APIWrapper, innatarasyan:     	Saved session!
ResponseHandler, innatarasyan: 	Received bad_msg_notification: incorrect server salt (in this case, the bad_server_salt response is received with the correct salt, and the message is to be re-sent with it)
ResponseHandler, innatarasyan: 	Received bad_msg_notification: incorrect server salt (in this case, the bad_server_salt response is received with the correct salt, and the message is to be re-sent with it)
MTProto, innatarasyan:        	Updated config!
SessionPaths, innatarasyan:   	Waiting for exclusive lock of /home/user/PhpstormProjects/CryptoTrading/bot.madeline/safe.php.lock...
SessionPaths, innatarasyan:   	Got exclusive lock of /home/user/PhpstormProjects/CryptoTrading/bot.madeline/safe.php.lock...
SessionPaths, innatarasyan:   	Waiting for exclusive lock of /home/user/PhpstormProjects/CryptoTrading/bot.madeline/lightState.php.lock...
SessionPaths, innatarasyan:   	Got exclusive lock of /home/user/PhpstormProjects/CryptoTrading/bot.madeline/lightState.php.lock...
APIWrapper, innatarasyan:     	Saved session!
SessionPaths, innatarasyan:   	Waiting for exclusive lock of /home/user/PhpstormProjects/CryptoTrading/bot.madeline/safe.php.lock...
SessionPaths, innatarasyan:   	Got exclusive lock of /home/user/PhpstormProjects/CryptoTrading/bot.madeline/safe.php.lock...
SessionPaths, innatarasyan:   	Waiting for exclusive lock of /home/user/PhpstormProjects/CryptoTrading/bot.madeline/lightState.php.lock...
SessionPaths, innatarasyan:   	Got exclusive lock of /home/user/PhpstormProjects/CryptoTrading/bot.madeline/lightState.php.lock...
APIWrapper, innatarasyan:     	Saved session!
UpdateHandler, innatarasyan:  	Parsing updates (updateShort) received via the socket...
FeedLoop, innatarasyan:       	Resumed update feed loop generic
UpdateHandler, innatarasyan:  	Saving update of type updateUserStatus
UpdateHandler, innatarasyan:  	Parsing updates (updateShort) received via the socket...
FeedLoop, innatarasyan:       	Resumed update feed loop generic
UpdateHandler, innatarasyan:  	Saving update of type updateUserStatus
SessionPaths, innatarasyan:   	Waiting for exclusive lock of /home/user/PhpstormProjects/CryptoTrading/bot.madeline/safe.php.lock...
SessionPaths, innatarasyan:   	Got exclusive lock of /home/user/PhpstormProjects/CryptoTrading/bot.madeline/safe.php.lock...
SessionPaths, innatarasyan:   	Waiting for exclusive lock of /home/user/PhpstormProjects/CryptoTrading/bot.madeline/lightState.php.lock...
SessionPaths, innatarasyan:   	Got exclusive lock of /home/user/PhpstormProjects/CryptoTrading/bot.madeline/lightState.php.lock...
APIWrapper, innatarasyan:     	Saved session!
UpdateHandler, innatarasyan:  	Parsing updates (updateShort) received via the socket...
FeedLoop, innatarasyan:       	Resumed update feed loop generic
UpdateHandler, innatarasyan:  	Saving update of type updateUserStatus
UpdateHandler, innatarasyan:  	Parsing updates (updateShort) received via the socket...
FeedLoop, innatarasyan:       	Resumed update feed loop generic
UpdateHandler, innatarasyan:  	Saving update of type updateUserStatus
SessionPaths, innatarasyan:   	Waiting for exclusive lock of /home/user/PhpstormProjects/CryptoTrading/bot.madeline/safe.php.lock...
SessionPaths, innatarasyan:   	Got exclusive lock of /home/user/PhpstormProjects/CryptoTrading/bot.madeline/safe.php.lock...
SessionPaths, innatarasyan:   	Waiting for exclusive lock of /home/user/PhpstormProjects/CryptoTrading/bot.madeline/lightState.php.lock...
SessionPaths, innatarasyan:   	Got exclusive lock of /home/user/PhpstormProjects/CryptoTrading/bot.madeline/lightState.php.lock...
APIWrapper, innatarasyan:     	Saved session!
UpdateHandler, innatarasyan:  	Parsing updates (updateShort) received via the socket...
FeedLoop, innatarasyan:       	Resumed update feed loop generic
UpdateHandler, innatarasyan:  	Saving update of type updateUserStatus
UpdateHandler, innatarasyan:  	Parsing updates (updateShort) received via the socket...
FeedLoop, innatarasyan:       	Resumed update feed loop generic
UpdateHandler, innatarasyan:  	Saving update of type updateUserStatus
SessionPaths, innatarasyan:   	Waiting for exclusive lock of /home/user/PhpstormProjects/CryptoTrading/bot.madeline/safe.php.lock...
SessionPaths, innatarasyan:   	Got exclusive lock of /home/user/PhpstormProjects/CryptoTrading/bot.madeline/safe.php.lock...
SessionPaths, innatarasyan:   	Waiting for exclusive lock of /home/user/PhpstormProjects/CryptoTrading/bot.madeline/lightState.php.lock...
SessionPaths, innatarasyan:   	Got exclusive lock of /home/user/PhpstormProjects/CryptoTrading/bot.madeline/lightState.php.lock...
APIWrapper, innatarasyan:     	Saved session!
SessionPaths, innatarasyan:   	Waiting for exclusive lock of /home/user/PhpstormProjects/CryptoTrading/bot.madeline/safe.php.lock...
SessionPaths, innatarasyan:   	Got exclusive lock of /home/user/PhpstormProjects/CryptoTrading/bot.madeline/safe.php.lock...
SessionPaths, innatarasyan:   	Waiting for exclusive lock of /home/user/PhpstormProjects/CryptoTrading/bot.madeline/lightState.php.lock...
SessionPaths, innatarasyan:   	Got exclusive lock of /home/user/PhpstormProjects/CryptoTrading/bot.madeline/lightState.php.lock...
APIWrapper, innatarasyan:     	Saved session!
SessionPaths, innatarasyan:   	Waiting for exclusive lock of /home/user/PhpstormProjects/CryptoTrading/bot.madeline/safe.php.lock...
SessionPaths, innatarasyan:   	Got exclusive lock of /home/user/PhpstormProjects/CryptoTrading/bot.madeline/safe.php.lock...
SessionPaths, innatarasyan:   	Waiting for exclusive lock of /home/user/PhpstormProjects/CryptoTrading/bot.madeline/lightState.php.lock...
SessionPaths, innatarasyan:   	Got exclusive lock of /home/user/PhpstormProjects/CryptoTrading/bot.madeline/lightState.php.lock...
APIWrapper, innatarasyan:     	Saved session!
UpdateHandler, innatarasyan:  	Parsing updates (updateShort) received via the socket...
FeedLoop, innatarasyan:       	Resumed update feed loop generic
UpdateHandler, innatarasyan:  	Saving update of type updateUserStatus
UpdateHandler, innatarasyan:  	Parsing updates (updateShort) received via the socket...
FeedLoop, innatarasyan:       	Resumed update feed loop generic
UpdateHandler, innatarasyan:  	Saving update of type updateUserStatus
SessionPaths, innatarasyan:   	Waiting for exclusive lock of /home/user/PhpstormProjects/CryptoTrading/bot.madeline/safe.php.lock...
SessionPaths, innatarasyan:   	Got exclusive lock of /home/user/PhpstormProjects/CryptoTrading/bot.madeline/safe.php.lock...
SessionPaths, innatarasyan:   	Waiting for exclusive lock of /home/user/PhpstormProjects/CryptoTrading/bot.madeline/lightState.php.lock...
SessionPaths, innatarasyan:   	Got exclusive lock of /home/user/PhpstormProjects/CryptoTrading/bot.madeline/lightState.php.lock...
APIWrapper, innatarasyan:     	Saved session!
UpdateHandler, innatarasyan:  	Parsing updates (updates) received via the socket...
SeqLoop, innatarasyan:        	Was fed updates of type updates...
UpdateHandler, innatarasyan:  	Parsing updates (updates) received via the socket...
SeqLoop, innatarasyan:        	Was fed updates of type updates...
FeedLoop, innatarasyan:       	Resumed update feed loop channel -1001290362028
UpdateHandler, innatarasyan:  	Saving update of type updateNewChannelMessage
FeedLoop, innatarasyan:       	Resumed update feed loop channel -1001290362028
MinDatabase, innatarasyan:    	Found 2 pending contexts
UpdateHandler, innatarasyan:  	Parsing updates (updates) received via the socket...
SeqLoop, innatarasyan:        	Was fed updates of type updates...
UpdateHandler, innatarasyan:  	Parsing updates (updates) received via the socket...
SeqLoop, innatarasyan:        	Was fed updates of type updates...
FeedLoop, innatarasyan:       	Resumed update feed loop generic
UpdateHandler, innatarasyan:  	Saving update of type updateMessagePoll
UpdateHandler, innatarasyan:  	Saving update of type updateMessagePoll
UpdateHandler, innatarasyan:  	Parsing updates (updateShort) received via the socket...
FeedLoop, innatarasyan:       	Resumed update feed loop channel -1001290362028
UpdateHandler, innatarasyan:  	Saving update of type updateDeleteChannelMessages
UpdateHandler, innatarasyan:  	Parsing updates (updateShort) received via the socket...
FeedLoop, innatarasyan:       	Resumed update feed loop channel -1001290362028
UpdateHandler, innatarasyan:  	Parsing updates (updateShort) received via the socket...
FeedLoop, innatarasyan:       	Resumed update feed loop generic
UpdateHandler, innatarasyan:  	Saving update of type updateUserStatus
SessionPaths, innatarasyan:   	Waiting for exclusive lock of /home/user/PhpstormProjects/CryptoTrading/bot.madeline/safe.php.lock...
SessionPaths, innatarasyan:   	Got exclusive lock of /home/user/PhpstormProjects/CryptoTrading/bot.madeline/safe.php.lock...
SessionPaths, innatarasyan:   	Waiting for exclusive lock of /home/user/PhpstormProjects/CryptoTrading/bot.madeline/lightState.php.lock...
SessionPaths, innatarasyan:   	Got exclusive lock of /home/user/PhpstormProjects/CryptoTrading/bot.madeline/lightState.php.lock...
APIWrapper, innatarasyan:     	Saved session!
MinDatabase, innatarasyan:    	Found 1 pending contexts
UpdateHandler, innatarasyan:  	Parsing updates (updateShort) received via the socket...
FeedLoop, innatarasyan:       	Resumed update feed loop generic
UpdateHandler, innatarasyan:  	Saving update of type updateChannelUserTyping
MinDatabase, innatarasyan:    	Found 1 pending contexts
UpdateHandler, innatarasyan:  	Parsing updates (updateShort) received via the socket...
FeedLoop, innatarasyan:       	Resumed update feed loop generic
UpdateHandler, innatarasyan:  	Saving update of type updateChannelUserTyping
MinDatabase, innatarasyan:    	Found 1 pending contexts
UpdateHandler, innatarasyan:  	Parsing updates (updateShort) received via the socket...
FeedLoop, innatarasyan:       	Resumed update feed loop generic
UpdateHandler, innatarasyan:  	Saving update of type updateChannelUserTyping
UpdateHandler, innatarasyan:  	Parsing updates (updates) received via the socket...
SeqLoop, innatarasyan:        	Was fed updates of type updates...
FeedLoop, innatarasyan:       	Resumed update feed loop channel -1001290362028
UpdateHandler, innatarasyan:  	Saving update of type updateNewChannelMessage
SessionPaths, innatarasyan:   	Waiting for exclusive lock of /home/user/PhpstormProjects/CryptoTrading/bot.madeline/safe.php.lock...
SessionPaths, innatarasyan:   	Got exclusive lock of /home/user/PhpstormProjects/CryptoTrading/bot.madeline/safe.php.lock...
SessionPaths, innatarasyan:   	Waiting for exclusive lock of /home/user/PhpstormProjects/CryptoTrading/bot.madeline/lightState.php.lock...
SessionPaths, innatarasyan:   	Got exclusive lock of /home/user/PhpstormProjects/CryptoTrading/bot.madeline/lightState.php.lock...
APIWrapper, innatarasyan:     	Saved session!
SessionPaths, innatarasyan:   	Waiting for exclusive lock of /home/user/PhpstormProjects/CryptoTrading/bot.madeline/safe.php.lock...
SessionPaths, innatarasyan:   	Got exclusive lock of /home/user/PhpstormProjects/CryptoTrading/bot.madeline/safe.php.lock...
SessionPaths, innatarasyan:   	Waiting for exclusive lock of /home/user/PhpstormProjects/CryptoTrading/bot.madeline/lightState.php.lock...
SessionPaths, innatarasyan:   	Got exclusive lock of /home/user/PhpstormProjects/CryptoTrading/bot.madeline/lightState.php.lock...
APIWrapper, innatarasyan:     	Saved session!
UpdateHandler, innatarasyan:  	Parsing updates (updateShort) received via the socket...
FeedLoop, innatarasyan:       	Resumed update feed loop generic
UpdateHandler, innatarasyan:  	Saving update of type updateUserStatus
SessionPaths, innatarasyan:   	Waiting for exclusive lock of /home/user/PhpstormProjects/CryptoTrading/bot.madeline/safe.php.lock...
SessionPaths, innatarasyan:   	Got exclusive lock of /home/user/PhpstormProjects/CryptoTrading/bot.madeline/safe.php.lock...
SessionPaths, innatarasyan:   	Waiting for exclusive lock of /home/user/PhpstormProjects/CryptoTrading/bot.madeline/lightState.php.lock...
SessionPaths, innatarasyan:   	Got exclusive lock of /home/user/PhpstormProjects/CryptoTrading/bot.madeline/lightState.php.lock...
APIWrapper, innatarasyan:     	Saved session!
SessionPaths, innatarasyan:   	Waiting for exclusive lock of /home/user/PhpstormProjects/CryptoTrading/bot.madeline/safe.php.lock...
SessionPaths, innatarasyan:   	Got exclusive lock of /home/user/PhpstormProjects/CryptoTrading/bot.madeline/safe.php.lock...
SessionPaths, innatarasyan:   	Waiting for exclusive lock of /home/user/PhpstormProjects/CryptoTrading/bot.madeline/lightState.php.lock...
SessionPaths, innatarasyan:   	Got exclusive lock of /home/user/PhpstormProjects/CryptoTrading/bot.madeline/lightState.php.lock...
APIWrapper, innatarasyan:     	Saved session!
UpdateHandler, innatarasyan:  	Parsing updates (updateShort) received via the socket...
FeedLoop, innatarasyan:       	Resumed update feed loop generic
UpdateHandler, innatarasyan:  	Saving update of type updateChannelMessageViews
UpdateHandler, innatarasyan:  	Parsing updates (updateShort) received via the socket...
FeedLoop, innatarasyan:       	Resumed update feed loop generic
UpdateHandler, innatarasyan:  	Saving update of type updateChannelMessageViews
SessionPaths, innatarasyan:   	Waiting for exclusive lock of /home/user/PhpstormProjects/CryptoTrading/bot.madeline/safe.php.lock...
SessionPaths, innatarasyan:   	Got exclusive lock of /home/user/PhpstormProjects/CryptoTrading/bot.madeline/safe.php.lock...
SessionPaths, innatarasyan:   	Waiting for exclusive lock of /home/user/PhpstormProjects/CryptoTrading/bot.madeline/lightState.php.lock...
SessionPaths, innatarasyan:   	Got exclusive lock of /home/user/PhpstormProjects/CryptoTrading/bot.madeline/lightState.php.lock...
APIWrapper, innatarasyan:     	Saved session!
SessionPaths, innatarasyan:   	Waiting for exclusive lock of /home/user/PhpstormProjects/CryptoTrading/bot.madeline/safe.php.lock...
SessionPaths, innatarasyan:   	Got exclusive lock of /home/user/PhpstormProjects/CryptoTrading/bot.madeline/safe.php.lock...
SessionPaths, innatarasyan:   	Waiting for exclusive lock of /home/user/PhpstormProjects/CryptoTrading/bot.madeline/lightState.php.lock...
SessionPaths, innatarasyan:   	Got exclusive lock of /home/user/PhpstormProjects/CryptoTrading/bot.madeline/lightState.php.lock...
APIWrapper, innatarasyan:     	Saved session!
UpdateHandler, innatarasyan:  	Parsing updates (updates) received via the socket...
SeqLoop, innatarasyan:        	Was fed updates of type updates...
UpdateHandler, innatarasyan:  	Parsing updates (updates) received via the socket...
SeqLoop, innatarasyan:        	Was fed updates of type updates...
FeedLoop, innatarasyan:       	Resumed update feed loop channel -1001290362028
UpdateHandler, innatarasyan:  	Saving update of type updateNewChannelMessage
FeedLoop, innatarasyan:       	Resumed update feed loop channel -1001290362028
UpdateHandler, innatarasyan:  	Parsing updates (updateShort) received via the socket...
UpdateHandler, innatarasyan:  	Parsing updates (updateShort) received via the socket...
FeedLoop, innatarasyan:       	Resumed update feed loop channel -1001290362028
UpdateHandler, innatarasyan:  	Saving update of type updateDeleteChannelMessages
SessionPaths, innatarasyan:   	Waiting for exclusive lock of /home/user/PhpstormProjects/CryptoTrading/bot.madeline/safe.php.lock...
SessionPaths, innatarasyan:   	Got exclusive lock of /home/user/PhpstormProjects/CryptoTrading/bot.madeline/safe.php.lock...
SessionPaths, innatarasyan:   	Waiting for exclusive lock of /home/user/PhpstormProjects/CryptoTrading/bot.madeline/lightState.php.lock...
SessionPaths, innatarasyan:   	Got exclusive lock of /home/user/PhpstormProjects/CryptoTrading/bot.madeline/lightState.php.lock...
APIWrapper, innatarasyan:     	Saved session!
UpdateHandler, innatarasyan:  	Parsing updates (updateShort) received via the socket...
FeedLoop, innatarasyan:       	Resumed update feed loop generic
UpdateHandler, innatarasyan:  	Saving update of type updateUserStatus
MinDatabase, innatarasyan:    	Found 1 pending contexts
UpdateHandler, innatarasyan:  	Parsing updates (updates) received via the socket...
SeqLoop, innatarasyan:        	Was fed updates of type updates...
FeedLoop, innatarasyan:       	Resumed update feed loop generic
UpdateHandler, innatarasyan:  	Saving update of type updateMessagePoll
MinDatabase, innatarasyan:    	Found 1 pending contexts
UpdateHandler, innatarasyan:  	Parsing updates (updates) received via the socket...
SeqLoop, innatarasyan:        	Was fed updates of type updates...
FeedLoop, innatarasyan:       	Resumed update feed loop generic
UpdateHandler, innatarasyan:  	Saving update of type updateMessagePoll
UpdateHandler, innatarasyan:  	Parsing updates (updateShort) received via the socket...
FeedLoop, innatarasyan:       	Resumed update feed loop generic
UpdateHandler, innatarasyan:  	Saving update of type updateUserStatus
UpdateHandler, innatarasyan:  	Parsing updates (updateShort) received via the socket...
FeedLoop, innatarasyan:       	Resumed update feed loop generic
UpdateHandler, innatarasyan:  	Saving update of type updateUserStatus
UpdateHandler, innatarasyan:  	Parsing updates (updateShort) received via the socket...
FeedLoop, innatarasyan:       	Resumed update feed loop generic
UpdateHandler, innatarasyan:  	Saving update of type updateUserStatus
UpdateHandler, innatarasyan:  	Parsing updates (updateShort) received via the socket...
FeedLoop, innatarasyan:       	Resumed update feed loop generic
UpdateHandler, innatarasyan:  	Saving update of type updateUserStatus
SessionPaths, innatarasyan:   	Waiting for exclusive lock of /home/user/PhpstormProjects/CryptoTrading/bot.madeline/safe.php.lock...
SessionPaths, innatarasyan:   	Got exclusive lock of /home/user/PhpstormProjects/CryptoTrading/bot.madeline/safe.php.lock...
SessionPaths, innatarasyan:   	Waiting for exclusive lock of /home/user/PhpstormProjects/CryptoTrading/bot.madeline/lightState.php.lock...
SessionPaths, innatarasyan:   	Got exclusive lock of /home/user/PhpstormProjects/CryptoTrading/bot.madeline/lightState.php.lock...
APIWrapper, innatarasyan:     	Saved session!
UpdateHandler, innatarasyan:  	Parsing updates (updateShort) received via the socket...
FeedLoop, innatarasyan:       	Resumed update feed loop generic
UpdateHandler, innatarasyan:  	Saving update of type updateUserStatus
SessionPaths, innatarasyan:   	Waiting for exclusive lock of /home/user/PhpstormProjects/CryptoTrading/bot.madeline/safe.php.lock...
SessionPaths, innatarasyan:   	Got exclusive lock of /home/user/PhpstormProjects/CryptoTrading/bot.madeline/safe.php.lock...
SessionPaths, innatarasyan:   	Waiting for exclusive lock of /home/user/PhpstormProjects/CryptoTrading/bot.madeline/lightState.php.lock...
SessionPaths, innatarasyan:   	Got exclusive lock of /home/user/PhpstormProjects/CryptoTrading/bot.madeline/lightState.php.lock...
APIWrapper, innatarasyan:     	Saved session!
UpdateHandler, innatarasyan:  	Parsing updates (updateShort) received via the socket...
FeedLoop, innatarasyan:       	Resumed update feed loop generic
UpdateHandler, innatarasyan:  	Saving update of type updateUserStatus
UpdateHandler, innatarasyan:  	Parsing updates (updates) received via the socket...
SeqLoop, innatarasyan:        	Was fed updates of type updates...
UpdateHandler, innatarasyan:  	Parsing updates (updates) received via the socket...
SeqLoop, innatarasyan:        	Was fed updates of type updates...
FeedLoop, innatarasyan:       	Resumed update feed loop channel -1001290362028
UpdateHandler, innatarasyan:  	Saving update of type updateNewChannelMessage
SessionPaths, innatarasyan:   	Waiting for exclusive lock of /home/user/PhpstormProjects/CryptoTrading/bot.madeline/safe.php.lock...
SessionPaths, innatarasyan:   	Got exclusive lock of /home/user/PhpstormProjects/CryptoTrading/bot.madeline/safe.php.lock...
SessionPaths, innatarasyan:   	Waiting for exclusive lock of /home/user/PhpstormProjects/CryptoTrading/bot.madeline/lightState.php.lock...
SessionPaths, innatarasyan:   	Got exclusive lock of /home/user/PhpstormProjects/CryptoTrading/bot.madeline/lightState.php.lock...
APIWrapper, innatarasyan:     	Saved session!
UpdateHandler, innatarasyan:  	Parsing updates (updateShort) received via the socket...
FeedLoop, innatarasyan:       	Resumed update feed loop generic
UpdateHandler, innatarasyan:  	Saving update of type updateUserStatus
SessionPaths, innatarasyan:   	Waiting for exclusive lock of /home/user/PhpstormProjects/CryptoTrading/bot.madeline/safe.php.lock...
SessionPaths, innatarasyan:   	Got exclusive lock of /home/user/PhpstormProjects/CryptoTrading/bot.madeline/safe.php.lock...
SessionPaths, innatarasyan:   	Waiting for exclusive lock of /home/user/PhpstormProjects/CryptoTrading/bot.madeline/lightState.php.lock...
SessionPaths, innatarasyan:   	Got exclusive lock of /home/user/PhpstormProjects/CryptoTrading/bot.madeline/lightState.php.lock...
APIWrapper, innatarasyan:     	Saved session!
UpdateHandler, innatarasyan:  	Parsing updates (updateShort) received via the socket...
FeedLoop, innatarasyan:       	Resumed update feed loop generic
UpdateHandler, innatarasyan:  	Saving update of type updateUserStatus
UpdateHandler, innatarasyan:  	Parsing updates (updateShort) received via the socket...
FeedLoop, innatarasyan:       	Resumed update feed loop generic
UpdateHandler, innatarasyan:  	Saving update of type updateUserStatus
UpdateHandler, innatarasyan:  	Parsing updates (updateShort) received via the socket...
FeedLoop, innatarasyan:       	Resumed update feed loop generic
UpdateHandler, innatarasyan:  	Saving update of type updateUserStatus
SessionPaths, innatarasyan:   	Waiting for exclusive lock of /home/user/PhpstormProjects/CryptoTrading/bot.madeline/safe.php.lock...
SessionPaths, innatarasyan:   	Got exclusive lock of /home/user/PhpstormProjects/CryptoTrading/bot.madeline/safe.php.lock...
SessionPaths, innatarasyan:   	Waiting for exclusive lock of /home/user/PhpstormProjects/CryptoTrading/bot.madeline/lightState.php.lock...
SessionPaths, innatarasyan:   	Got exclusive lock of /home/user/PhpstormProjects/CryptoTrading/bot.madeline/lightState.php.lock...
APIWrapper, innatarasyan:     	Saved session!
UpdateHandler, innatarasyan:  	Parsing updates (updateShort) received via the socket...
FeedLoop, innatarasyan:       	Resumed update feed loop generic
UpdateHandler, innatarasyan:  	Saving update of type updateUserStatus
UpdateHandler, innatarasyan:  	Parsing updates (updateShort) received via the socket...
FeedLoop, innatarasyan:       	Resumed update feed loop generic
UpdateHandler, innatarasyan:  	Saving update of type updateUserStatus
UpdateHandler, innatarasyan:  	Parsing updates (updates) received via the socket...
SeqLoop, innatarasyan:        	Was fed updates of type updates...
UpdateHandler, innatarasyan:  	Parsing updates (updates) received via the socket...
SeqLoop, innatarasyan:        	Was fed updates of type updates...
FeedLoop, innatarasyan:       	Resumed update feed loop channel -1001290362028
UpdateHandler, innatarasyan:  	Saving update of type updateNewChannelMessage
FeedLoop, innatarasyan:       	Resumed update feed loop channel -1001290362028
UpdateHandler, innatarasyan:  	Parsing updates (updateShort) received via the socket...
FeedLoop, innatarasyan:       	Resumed update feed loop generic
UpdateHandler, innatarasyan:  	Saving update of type updateUserStatus
UpdateHandler, innatarasyan:  	Parsing updates (updateShort) received via the socket...
UpdateHandler, innatarasyan:  	Parsing updates (updateShort) received via the socket...
FeedLoop, innatarasyan:       	Resumed update feed loop generic
UpdateHandler, innatarasyan:  	Saving update of type updateUserStatus
FeedLoop, innatarasyan:       	Resumed update feed loop channel -1001290362028
UpdateHandler, innatarasyan:  	Saving update of type updateDeleteChannelMessages
SessionPaths, innatarasyan:   	Waiting for exclusive lock of /home/user/PhpstormProjects/CryptoTrading/bot.madeline/safe.php.lock...
SessionPaths, innatarasyan:   	Got exclusive lock of /home/user/PhpstormProjects/CryptoTrading/bot.madeline/safe.php.lock...
SessionPaths, innatarasyan:   	Waiting for exclusive lock of /home/user/PhpstormProjects/CryptoTrading/bot.madeline/lightState.php.lock...
SessionPaths, innatarasyan:   	Got exclusive lock of /home/user/PhpstormProjects/CryptoTrading/bot.madeline/lightState.php.lock...
APIWrapper, innatarasyan:     	Saved session!
SessionPaths, innatarasyan:   	Waiting for exclusive lock of /home/user/PhpstormProjects/CryptoTrading/bot.madeline/safe.php.lock...
SessionPaths, innatarasyan:   	Got exclusive lock of /home/user/PhpstormProjects/CryptoTrading/bot.madeline/safe.php.lock...
SessionPaths, innatarasyan:   	Waiting for exclusive lock of /home/user/PhpstormProjects/CryptoTrading/bot.madeline/lightState.php.lock...
SessionPaths, innatarasyan:   	Got exclusive lock of /home/user/PhpstormProjects/CryptoTrading/bot.madeline/lightState.php.lock...
APIWrapper, innatarasyan:     	Saved session!
SessionPaths, innatarasyan:   	Waiting for exclusive lock of /home/user/PhpstormProjects/CryptoTrading/bot.madeline/safe.php.lock...
SessionPaths, innatarasyan:   	Got exclusive lock of /home/user/PhpstormProjects/CryptoTrading/bot.madeline/safe.php.lock...
SessionPaths, innatarasyan:   	Waiting for exclusive lock of /home/user/PhpstormProjects/CryptoTrading/bot.madeline/lightState.php.lock...
SessionPaths, innatarasyan:   	Got exclusive lock of /home/user/PhpstormProjects/CryptoTrading/bot.madeline/lightState.php.lock...
APIWrapper, innatarasyan:     	Saved session!
UpdateHandler, innatarasyan:  	Parsing updates (updateShort) received via the socket...
FeedLoop, innatarasyan:       	Resumed update feed loop generic
UpdateHandler, innatarasyan:  	Saving update of type updateUserStatus
SessionPaths, innatarasyan:   	Waiting for exclusive lock of /home/user/PhpstormProjects/CryptoTrading/bot.madeline/safe.php.lock...
SessionPaths, innatarasyan:   	Got exclusive lock of /home/user/PhpstormProjects/CryptoTrading/bot.madeline/safe.php.lock...
SessionPaths, innatarasyan:   	Waiting for exclusive lock of /home/user/PhpstormProjects/CryptoTrading/bot.madeline/lightState.php.lock...
SessionPaths, innatarasyan:   	Got exclusive lock of /home/user/PhpstormProjects/CryptoTrading/bot.madeline/lightState.php.lock...
APIWrapper, innatarasyan:     	Saved session!
UpdateHandler, innatarasyan:  	Parsing updates (updates) received via the socket...
SeqLoop, innatarasyan:        	Was fed updates of type updates...
UpdateHandler, innatarasyan:  	Parsing updates (updates) received via the socket...
SeqLoop, innatarasyan:        	Was fed updates of type updates...
FeedLoop, innatarasyan:       	Resumed update feed loop channel -1001290362028
UpdateHandler, innatarasyan:  	Saving update of type updateNewChannelMessage
FeedLoop, innatarasyan:       	Resumed update feed loop channel -1001290362028
UpdateHandler, innatarasyan:  	Parsing updates (updateShort) received via the socket...
FeedLoop, innatarasyan:       	Resumed update feed loop generic
UpdateHandler, innatarasyan:  	Saving update of type updateUserStatus
UpdateHandler, innatarasyan:  	Parsing updates (updateShort) received via the socket...
FeedLoop, innatarasyan:       	Resumed update feed loop generic
UpdateHandler, innatarasyan:  	Saving update of type updateUserStatus
UpdateHandler, innatarasyan:  	Parsing updates (updateShort) received via the socket...
UpdateHandler, innatarasyan:  	Parsing updates (updateShort) received via the socket...
FeedLoop, innatarasyan:       	Resumed update feed loop channel -1001290362028
UpdateHandler, innatarasyan:  	Saving update of type updateDeleteChannelMessages
SessionPaths, innatarasyan:   	Waiting for exclusive lock of /home/user/PhpstormProjects/CryptoTrading/bot.madeline/safe.php.lock...
SessionPaths, innatarasyan:   	Got exclusive lock of /home/user/PhpstormProjects/CryptoTrading/bot.madeline/safe.php.lock...
SessionPaths, innatarasyan:   	Waiting for exclusive lock of /home/user/PhpstormProjects/CryptoTrading/bot.madeline/lightState.php.lock...
SessionPaths, innatarasyan:   	Got exclusive lock of /home/user/PhpstormProjects/CryptoTrading/bot.madeline/lightState.php.lock...
APIWrapper, innatarasyan:     	Saved session!
SessionPaths, innatarasyan:   	Waiting for exclusive lock of /home/user/PhpstormProjects/CryptoTrading/bot.madeline/safe.php.lock...
SessionPaths, innatarasyan:   	Got exclusive lock of /home/user/PhpstormProjects/CryptoTrading/bot.madeline/safe.php.lock...
SessionPaths, innatarasyan:   	Waiting for exclusive lock of /home/user/PhpstormProjects/CryptoTrading/bot.madeline/lightState.php.lock...
SessionPaths, innatarasyan:   	Got exclusive lock of /home/user/PhpstormProjects/CryptoTrading/bot.madeline/lightState.php.lock...
APIWrapper, innatarasyan:     	Saved session!
UpdateHandler, innatarasyan:  	Parsing updates (updateShort) received via the socket...
FeedLoop, innatarasyan:       	Resumed update feed loop generic
UpdateHandler, innatarasyan:  	Saving update of type updateUserStatus
UpdateHandler, innatarasyan:  	Parsing updates (updateShort) received via the socket...
FeedLoop, innatarasyan:       	Resumed update feed loop generic
UpdateHandler, innatarasyan:  	Saving update of type updateChannelMessageViews
UpdateHandler, innatarasyan:  	Parsing updates (updateShort) received via the socket...
FeedLoop, innatarasyan:       	Resumed update feed loop generic
UpdateHandler, innatarasyan:  	Saving update of type updateUserStatus
UpdateHandler, innatarasyan:  	Parsing updates (updateShort) received via the socket...
FeedLoop, innatarasyan:       	Resumed update feed loop generic
UpdateHandler, innatarasyan:  	Saving update of type updateUserStatus
UpdateHandler, innatarasyan:  	Parsing updates (updateShort) received via the socket...
FeedLoop, innatarasyan:       	Resumed update feed loop generic
UpdateHandler, innatarasyan:  	Saving update of type updateUserStatus
SessionPaths, innatarasyan:   	Waiting for exclusive lock of /home/user/PhpstormProjects/CryptoTrading/bot.madeline/safe.php.lock...
SessionPaths, innatarasyan:   	Got exclusive lock of /home/user/PhpstormProjects/CryptoTrading/bot.madeline/safe.php.lock...
SessionPaths, innatarasyan:   	Waiting for exclusive lock of /home/user/PhpstormProjects/CryptoTrading/bot.madeline/lightState.php.lock...
SessionPaths, innatarasyan:   	Got exclusive lock of /home/user/PhpstormProjects/CryptoTrading/bot.madeline/lightState.php.lock...
APIWrapper, innatarasyan:     	Saved session!
UpdateHandler, innatarasyan:  	Parsing updates (updateShort) received via the socket...
FeedLoop, innatarasyan:       	Resumed update feed loop generic
UpdateHandler, innatarasyan:  	Saving update of type updateUserStatus
SessionPaths, innatarasyan:   	Waiting for exclusive lock of /home/user/PhpstormProjects/CryptoTrading/bot.madeline/safe.php.lock...
SessionPaths, innatarasyan:   	Got exclusive lock of /home/user/PhpstormProjects/CryptoTrading/bot.madeline/safe.php.lock...
SessionPaths, innatarasyan:   	Waiting for exclusive lock of /home/user/PhpstormProjects/CryptoTrading/bot.madeline/lightState.php.lock...
SessionPaths, innatarasyan:   	Got exclusive lock of /home/user/PhpstormProjects/CryptoTrading/bot.madeline/lightState.php.lock...
APIWrapper, innatarasyan:     	Saved session!
UpdateHandler, innatarasyan:  	Parsing updates (updates) received via the socket...
SeqLoop, innatarasyan:        	Was fed updates of type updates...
UpdateHandler, innatarasyan:  	Parsing updates (updates) received via the socket...
SeqLoop, innatarasyan:        	Was fed updates of type updates...
FeedLoop, innatarasyan:       	Resumed update feed loop channel -1001290362028
UpdateHandler, innatarasyan:  	Saving update of type updateNewChannelMessage
FeedLoop, innatarasyan:       	Resumed update feed loop channel -1001290362028
SessionPaths, innatarasyan:   	Waiting for exclusive lock of /home/user/PhpstormProjects/CryptoTrading/bot.madeline/safe.php.lock...
SessionPaths, innatarasyan:   	Got exclusive lock of /home/user/PhpstormProjects/CryptoTrading/bot.madeline/safe.php.lock...
SessionPaths, innatarasyan:   	Waiting for exclusive lock of /home/user/PhpstormProjects/CryptoTrading/bot.madeline/lightState.php.lock...
SessionPaths, innatarasyan:   	Got exclusive lock of /home/user/PhpstormProjects/CryptoTrading/bot.madeline/lightState.php.lock...
APIWrapper, innatarasyan:     	Saved session!
UpdateHandler, innatarasyan:  	Parsing updates (updateShort) received via the socket...
FeedLoop, innatarasyan:       	Resumed update feed loop channel -1001290362028
UpdateHandler, innatarasyan:  	Saving update of type updateDeleteChannelMessages
UpdateHandler, innatarasyan:  	Parsing updates (updateShort) received via the socket...
FeedLoop, innatarasyan:       	Resumed update feed loop channel -1001290362028
UpdateHandler, innatarasyan:  	Parsing updates (updateShort) received via the socket...
FeedLoop, innatarasyan:       	Resumed update feed loop generic
UpdateHandler, innatarasyan:  	Saving update of type updateUserStatus
UpdateHandler, innatarasyan:  	Parsing updates (updateShort) received via the socket...
FeedLoop, innatarasyan:       	Resumed update feed loop generic
UpdateHandler, innatarasyan:  	Saving update of type updateUserStatus
UpdateHandler, innatarasyan:  	Parsing updates (updateShort) received via the socket...
FeedLoop, innatarasyan:       	Resumed update feed loop generic
UpdateHandler, innatarasyan:  	Saving update of type updateUserStatus
UpdateHandler, innatarasyan:  	Parsing updates (updateShort) received via the socket...
FeedLoop, innatarasyan:       	Resumed update feed loop generic
UpdateHandler, innatarasyan:  	Saving update of type updateUserStatus
UpdateHandler, innatarasyan:  	Parsing updates (updateShort) received via the socket...
FeedLoop, innatarasyan:       	Resumed update feed loop generic
UpdateHandler, innatarasyan:  	Saving update of type updateUserStatus
UpdateHandler, innatarasyan:  	Parsing updates (updateShort) received via the socket...
UpdateHandler, innatarasyan:  	Parsing updates (updateShort) received via the socket...
FeedLoop, innatarasyan:       	Resumed update feed loop channel -1001290362028
UpdateHandler, innatarasyan:  	Saving update of type updateDeleteChannelMessages
SessionPaths, innatarasyan:   	Waiting for exclusive lock of /home/user/PhpstormProjects/CryptoTrading/bot.madeline/safe.php.lock...
SessionPaths, innatarasyan:   	Got exclusive lock of /home/user/PhpstormProjects/CryptoTrading/bot.madeline/safe.php.lock...
SessionPaths, innatarasyan:   	Waiting for exclusive lock of /home/user/PhpstormProjects/CryptoTrading/bot.madeline/lightState.php.lock...
SessionPaths, innatarasyan:   	Got exclusive lock of /home/user/PhpstormProjects/CryptoTrading/bot.madeline/lightState.php.lock...
APIWrapper, innatarasyan:     	Saved session!
MinDatabase, innatarasyan:    	Found 1 pending contexts
UpdateHandler, innatarasyan:  	Parsing updates (updateShort) received via the socket...
FeedLoop, innatarasyan:       	Resumed update feed loop generic
UpdateHandler, innatarasyan:  	Saving update of type updateChannelUserTyping
UpdateHandler, innatarasyan:  	Parsing updates (updateShort) received via the socket...
FeedLoop, innatarasyan:       	Resumed update feed loop generic
UpdateHandler, innatarasyan:  	Saving update of type updateUserStatus
MinDatabase, innatarasyan:    	Found 1 pending contexts
UpdateHandler, innatarasyan:  	Parsing updates (updateShort) received via the socket...
FeedLoop, innatarasyan:       	Resumed update feed loop generic
UpdateHandler, innatarasyan:  	Saving update of type updateChannelUserTyping
MinDatabase, innatarasyan:    	Found 1 pending contexts
UpdateHandler, innatarasyan:  	Parsing updates (updateShort) received via the socket...
FeedLoop, innatarasyan:       	Resumed update feed loop generic
UpdateHandler, innatarasyan:  	Saving update of type updateChannelUserTyping
MinDatabase, innatarasyan:    	Found 1 pending contexts
UpdateHandler, innatarasyan:  	Parsing updates (updateShort) received via the socket...
FeedLoop, innatarasyan:       	Resumed update feed loop generic
UpdateHandler, innatarasyan:  	Saving update of type updateChannelUserTyping
MinDatabase, innatarasyan:    	Found 1 pending contexts
UpdateHandler, innatarasyan:  	Parsing updates (updateShort) received via the socket...
FeedLoop, innatarasyan:       	Resumed update feed loop generic
UpdateHandler, innatarasyan:  	Saving update of type updateChannelUserTyping
UpdateHandler, innatarasyan:  	Parsing updates (updates) received via the socket...
SeqLoop, innatarasyan:        	Was fed updates of type updates...
UpdateHandler, innatarasyan:  	Parsing updates (updates) received via the socket...
SeqLoop, innatarasyan:        	Was fed updates of type updates...
FeedLoop, innatarasyan:       	Resumed update feed loop channel -1001290362028
UpdateHandler, innatarasyan:  	Saving update of type updateNewChannelMessage
UpdateHandler, innatarasyan:  	Parsing updates (updateShort) received via the socket...
FeedLoop, innatarasyan:       	Resumed update feed loop generic
UpdateHandler, innatarasyan:  	Saving update of type updateUserStatus
UpdateHandler, innatarasyan:  	Parsing updates (updateShort) received via the socket...
FeedLoop, innatarasyan:       	Resumed update feed loop generic
UpdateHandler, innatarasyan:  	Saving update of type updateUserStatus
SessionPaths, innatarasyan:   	Waiting for exclusive lock of /home/user/PhpstormProjects/CryptoTrading/bot.madeline/safe.php.lock...
SessionPaths, innatarasyan:   	Got exclusive lock of /home/user/PhpstormProjects/CryptoTrading/bot.madeline/safe.php.lock...
SessionPaths, innatarasyan:   	Waiting for exclusive lock of /home/user/PhpstormProjects/CryptoTrading/bot.madeline/lightState.php.lock...
SessionPaths, innatarasyan:   	Got exclusive lock of /home/user/PhpstormProjects/CryptoTrading/bot.madeline/lightState.php.lock...
APIWrapper, innatarasyan:     	Saved session!
UpdateHandler, innatarasyan:  	Parsing updates (updates) received via the socket...
SeqLoop, innatarasyan:        	Was fed updates of type updates...
FeedLoop, innatarasyan:       	Resumed update feed loop channel -1001290362028
UpdateHandler, innatarasyan:  	Saving update of type updateNewChannelMessage
UpdateHandler, innatarasyan:  	Parsing updates (updateShort) received via the socket...
FeedLoop, innatarasyan:       	Resumed update feed loop generic
UpdateHandler, innatarasyan:  	Saving update of type updateUserStatus
UpdateHandler, innatarasyan:  	Parsing updates (updateShort) received via the socket...
FeedLoop, innatarasyan:       	Resumed update feed loop generic
UpdateHandler, innatarasyan:  	Saving update of type updateUserStatus
UpdateHandler, innatarasyan:  	Parsing updates (updateShort) received via the socket...
FeedLoop, innatarasyan:       	Resumed update feed loop generic
UpdateHandler, innatarasyan:  	Saving update of type updateUserStatus
UpdateHandler, innatarasyan:  	Parsing updates (updateShort) received via the socket...
FeedLoop, innatarasyan:       	Resumed update feed loop generic
UpdateHandler, innatarasyan:  	Saving update of type updateUserStatus
SessionPaths, innatarasyan:   	Waiting for exclusive lock of /home/user/PhpstormProjects/CryptoTrading/bot.madeline/safe.php.lock...
SessionPaths, innatarasyan:   	Got exclusive lock of /home/user/PhpstormProjects/CryptoTrading/bot.madeline/safe.php.lock...
SessionPaths, innatarasyan:   	Waiting for exclusive lock of /home/user/PhpstormProjects/CryptoTrading/bot.madeline/lightState.php.lock...
SessionPaths, innatarasyan:   	Got exclusive lock of /home/user/PhpstormProjects/CryptoTrading/bot.madeline/lightState.php.lock...
APIWrapper, innatarasyan:     	Saved session!
UpdateHandler, innatarasyan:  	Parsing updates (updates) received via the socket...
SeqLoop, innatarasyan:        	Was fed updates of type updates...
UpdateHandler, innatarasyan:  	Parsing updates (updates) received via the socket...
SeqLoop, innatarasyan:        	Was fed updates of type updates...
FeedLoop, innatarasyan:       	Resumed update feed loop channel -1001290362028
UpdateHandler, innatarasyan:  	Saving update of type updateEditChannelMessage
MinDatabase, innatarasyan:    	Found 1 pending contexts
UpdateHandler, innatarasyan:  	Parsing updates (updateShort) received via the socket...
FeedLoop, innatarasyan:       	Resumed update feed loop generic
UpdateHandler, innatarasyan:  	Saving update of type updateChannelUserTyping
MinDatabase, innatarasyan:    	Found 1 pending contexts
UpdateHandler, innatarasyan:  	Parsing updates (updateShort) received via the socket...
FeedLoop, innatarasyan:       	Resumed update feed loop generic
UpdateHandler, innatarasyan:  	Saving update of type updateChannelUserTyping
UpdateHandler, innatarasyan:  	Parsing updates (updates) received via the socket...
SeqLoop, innatarasyan:        	Was fed updates of type updates...
UpdateHandler, innatarasyan:  	Parsing updates (updates) received via the socket...
SeqLoop, innatarasyan:        	Was fed updates of type updates...
FeedLoop, innatarasyan:       	Resumed update feed loop channel -1001290362028
UpdateHandler, innatarasyan:  	Saving update of type updateNewChannelMessage
UpdateHandler, innatarasyan:  	Parsing updates (updateShort) received via the socket...
FeedLoop, innatarasyan:       	Resumed update feed loop channel -1001290362028
UpdateHandler, innatarasyan:  	Parsing updates (updates) received via the socket...
SeqLoop, innatarasyan:        	Was fed updates of type updates...
FeedLoop, innatarasyan:       	Resumed update feed loop channel -1001290362028
UpdateHandler, innatarasyan:  	Saving update of type updateNewChannelMessage
FeedLoop, innatarasyan:       	MSGID duplicate (2084125) in update feed loop channel -1001290362028
FeedLoop, innatarasyan:       	Resumed update feed loop channel -1001290362028
UpdateHandler, innatarasyan:  	Saving update of type updateDeleteChannelMessages
UpdateHandler, innatarasyan:  	Parsing updates (updates) received via the socket...
SeqLoop, innatarasyan:        	Was fed updates of type updates...
FeedLoop, innatarasyan:       	Resumed update feed loop channel -1001290362028
UpdateHandler, innatarasyan:  	Saving update of type updateNewChannelMessage
UpdateHandler, innatarasyan:  	Parsing updates (updates) received via the socket...
SeqLoop, innatarasyan:        	Was fed updates of type updates...
UpdateHandler, innatarasyan:  	Parsing updates (updates) received via the socket...
SeqLoop, innatarasyan:        	Was fed updates of type updates...
FeedLoop, innatarasyan:       	Resumed update feed loop channel -1001290362028
SessionPaths, innatarasyan:   	Waiting for exclusive lock of /home/user/PhpstormProjects/CryptoTrading/bot.madeline/safe.php.lock...
SessionPaths, innatarasyan:   	Got exclusive lock of /home/user/PhpstormProjects/CryptoTrading/bot.madeline/safe.php.lock...
SessionPaths, innatarasyan:   	Waiting for exclusive lock of /home/user/PhpstormProjects/CryptoTrading/bot.madeline/lightState.php.lock...
SessionPaths, innatarasyan:   	Got exclusive lock of /home/user/PhpstormProjects/CryptoTrading/bot.madeline/lightState.php.lock...
APIWrapper, innatarasyan:     	Saved session!
UpdateHandler, innatarasyan:  	Parsing updates (updates) received via the socket...
SeqLoop, innatarasyan:        	Was fed updates of type updates...
FeedLoop, innatarasyan:       	Resumed update feed loop channel -1001290362028
UpdateHandler, innatarasyan:  	Saving update of type updateNewChannelMessage
FeedLoop, innatarasyan:       	MSGID duplicate (2084127) in update feed loop channel -1001290362028
FeedLoop, innatarasyan:       	Resumed update feed loop channel -1001290362028
SessionPaths, innatarasyan:   	Waiting for exclusive lock of /home/user/PhpstormProjects/CryptoTrading/bot.madeline/safe.php.lock...
SessionPaths, innatarasyan:   	Got exclusive lock of /home/user/PhpstormProjects/CryptoTrading/bot.madeline/safe.php.lock...
SessionPaths, innatarasyan:   	Waiting for exclusive lock of /home/user/PhpstormProjects/CryptoTrading/bot.madeline/lightState.php.lock...
SessionPaths, innatarasyan:   	Got exclusive lock of /home/user/PhpstormProjects/CryptoTrading/bot.madeline/lightState.php.lock...
APIWrapper, innatarasyan:     	Saved session!
UpdateHandler, innatarasyan:  	Parsing updates (updates) received via the socket...
SeqLoop, innatarasyan:        	Was fed updates of type updates...
UpdateHandler, innatarasyan:  	Parsing updates (updateShort) received via the socket...
UpdateHandler, innatarasyan:  	Parsing updates (updates) received via the socket...
SeqLoop, innatarasyan:        	Was fed updates of type updates...
FeedLoop, innatarasyan:       	Resumed update feed loop channel -1001290362028
UpdateHandler, innatarasyan:  	Saving update of type updateNewChannelMessage
UpdateHandler, innatarasyan:  	Saving update of type updateNewChannelMessage
FeedLoop, innatarasyan:       	MSGID duplicate (2084129) in update feed loop channel -1001290362028
FeedLoop, innatarasyan:       	Resumed update feed loop channel -1001290362028
UpdateHandler, innatarasyan:  	Saving update of type updateDeleteChannelMessages
FeedLoop, innatarasyan:       	Resumed update feed loop channel -1001290362028
UpdateHandler, innatarasyan:  	Saving update of type updateDeleteChannelMessages
SessionPaths, innatarasyan:   	Waiting for exclusive lock of /home/user/PhpstormProjects/CryptoTrading/bot.madeline/safe.php.lock...
SessionPaths, innatarasyan:   	Got exclusive lock of /home/user/PhpstormProjects/CryptoTrading/bot.madeline/safe.php.lock...
SessionPaths, innatarasyan:   	Waiting for exclusive lock of /home/user/PhpstormProjects/CryptoTrading/bot.madeline/lightState.php.lock...
SessionPaths, innatarasyan:   	Got exclusive lock of /home/user/PhpstormProjects/CryptoTrading/bot.madeline/lightState.php.lock...
APIWrapper, innatarasyan:     	Saved session!
UpdateHandler, innatarasyan:  	Parsing updates (updates) received via the socket...
SeqLoop, innatarasyan:        	Was fed updates of type updates...
FeedLoop, innatarasyan:       	Resumed update feed loop channel -1001290362028
UpdateHandler, innatarasyan:  	Saving update of type updateNewChannelMessage
FeedLoop, innatarasyan:       	MSGID duplicate (2084130) in update feed loop channel -1001290362028
FeedLoop, innatarasyan:       	Resumed update feed loop channel -1001290362028
UpdateHandler, innatarasyan:  	Parsing updates (updateShort) received via the socket...
FeedLoop, innatarasyan:       	Resumed update feed loop generic
UpdateHandler, innatarasyan:  	Saving update of type updateUserStatus
UpdateHandler, innatarasyan:  	Parsing updates (updateShort) received via the socket...
FeedLoop, innatarasyan:       	Resumed update feed loop generic
UpdateHandler, innatarasyan:  	Saving update of type updateUserStatus
UpdateHandler, innatarasyan:  	Parsing updates (updateShort) received via the socket...
FeedLoop, innatarasyan:       	Resumed update feed loop channel -1001290362028
UpdateHandler, innatarasyan:  	Saving update of type updateDeleteChannelMessages
FeedLoop, innatarasyan:       	Resumed update feed loop channel -1001290362028
UpdateHandler, innatarasyan:  	Saving update of type updateDeleteChannelMessages
SessionPaths, innatarasyan:   	Waiting for exclusive lock of /home/user/PhpstormProjects/CryptoTrading/bot.madeline/safe.php.lock...
SessionPaths, innatarasyan:   	Got exclusive lock of /home/user/PhpstormProjects/CryptoTrading/bot.madeline/safe.php.lock...
SessionPaths, innatarasyan:   	Waiting for exclusive lock of /home/user/PhpstormProjects/CryptoTrading/bot.madeline/lightState.php.lock...
SessionPaths, innatarasyan:   	Got exclusive lock of /home/user/PhpstormProjects/CryptoTrading/bot.madeline/lightState.php.lock...
APIWrapper, innatarasyan:     	Saved session!
SessionPaths, innatarasyan:   	Waiting for exclusive lock of /home/user/PhpstormProjects/CryptoTrading/bot.madeline/safe.php.lock...
SessionPaths, innatarasyan:   	Got exclusive lock of /home/user/PhpstormProjects/CryptoTrading/bot.madeline/safe.php.lock...
SessionPaths, innatarasyan:   	Waiting for exclusive lock of /home/user/PhpstormProjects/CryptoTrading/bot.madeline/lightState.php.lock...
SessionPaths, innatarasyan:   	Got exclusive lock of /home/user/PhpstormProjects/CryptoTrading/bot.madeline/lightState.php.lock...
APIWrapper, innatarasyan:     	Saved session!
MinDatabase, innatarasyan:    	Found 1 pending contexts
UpdateHandler, innatarasyan:  	Parsing updates (updateShort) received via the socket...
FeedLoop, innatarasyan:       	Resumed update feed loop generic
UpdateHandler, innatarasyan:  	Saving update of type updateChannelUserTyping
SessionPaths, innatarasyan:   	Waiting for exclusive lock of /home/user/PhpstormProjects/CryptoTrading/bot.madeline/safe.php.lock...
SessionPaths, innatarasyan:   	Got exclusive lock of /home/user/PhpstormProjects/CryptoTrading/bot.madeline/safe.php.lock...
SessionPaths, innatarasyan:   	Waiting for exclusive lock of /home/user/PhpstormProjects/CryptoTrading/bot.madeline/lightState.php.lock...
SessionPaths, innatarasyan:   	Got exclusive lock of /home/user/PhpstormProjects/CryptoTrading/bot.madeline/lightState.php.lock...
APIWrapper, innatarasyan:     	Saved session!
UpdateHandler, innatarasyan:  	Parsing updates (updateShort) received via the socket...
FeedLoop, innatarasyan:       	Resumed update feed loop generic
UpdateHandler, innatarasyan:  	Saving update of type updateUserStatus
SessionPaths, innatarasyan:   	Waiting for exclusive lock of /home/user/PhpstormProjects/CryptoTrading/bot.madeline/safe.php.lock...
SessionPaths, innatarasyan:   	Got exclusive lock of /home/user/PhpstormProjects/CryptoTrading/bot.madeline/safe.php.lock...
SessionPaths, innatarasyan:   	Waiting for exclusive lock of /home/user/PhpstormProjects/CryptoTrading/bot.madeline/lightState.php.lock...
SessionPaths, innatarasyan:   	Got exclusive lock of /home/user/PhpstormProjects/CryptoTrading/bot.madeline/lightState.php.lock...
APIWrapper, innatarasyan:     	Saved session!
UpdateHandler, innatarasyan:  	Parsing updates (updateShort) received via the socket...
FeedLoop, innatarasyan:       	Resumed update feed loop generic
UpdateHandler, innatarasyan:  	Saving update of type updateUserStatus
UpdateHandler, innatarasyan:  	Parsing updates (updateShort) received via the socket...
FeedLoop, innatarasyan:       	Resumed update feed loop generic
UpdateHandler, innatarasyan:  	Saving update of type updateUserStatus
UpdateHandler, innatarasyan:  	Parsing updates (updateShort) received via the socket...
FeedLoop, innatarasyan:       	Resumed update feed loop generic
UpdateHandler, innatarasyan:  	Saving update of type updateUserStatus
UpdateHandler, innatarasyan:  	Parsing updates (updateShort) received via the socket...
FeedLoop, innatarasyan:       	Resumed update feed loop generic
UpdateHandler, innatarasyan:  	Saving update of type updateUserStatus
UpdateHandler, innatarasyan:  	Parsing updates (updateShort) received via the socket...
FeedLoop, innatarasyan:       	Resumed update feed loop generic
UpdateHandler, innatarasyan:  	Saving update of type updateUserStatus
SessionPaths, innatarasyan:   	Waiting for exclusive lock of /home/user/PhpstormProjects/CryptoTrading/bot.madeline/safe.php.lock...
SessionPaths, innatarasyan:   	Got exclusive lock of /home/user/PhpstormProjects/CryptoTrading/bot.madeline/safe.php.lock...
SessionPaths, innatarasyan:   	Waiting for exclusive lock of /home/user/PhpstormProjects/CryptoTrading/bot.madeline/lightState.php.lock...
SessionPaths, innatarasyan:   	Got exclusive lock of /home/user/PhpstormProjects/CryptoTrading/bot.madeline/lightState.php.lock...
APIWrapper, innatarasyan:     	Saved session!
UpdateHandler, innatarasyan:  	Parsing updates (updateShort) received via the socket...
FeedLoop, innatarasyan:       	Resumed update feed loop generic
UpdateHandler, innatarasyan:  	Saving update of type updateUserStatus
SessionPaths, innatarasyan:   	Waiting for exclusive lock of /home/user/PhpstormProjects/CryptoTrading/bot.madeline/safe.php.lock...
SessionPaths, innatarasyan:   	Got exclusive lock of /home/user/PhpstormProjects/CryptoTrading/bot.madeline/safe.php.lock...
SessionPaths, innatarasyan:   	Waiting for exclusive lock of /home/user/PhpstormProjects/CryptoTrading/bot.madeline/lightState.php.lock...
SessionPaths, innatarasyan:   	Got exclusive lock of /home/user/PhpstormProjects/CryptoTrading/bot.madeline/lightState.php.lock...
APIWrapper, innatarasyan:     	Saved session!
UpdateHandler, innatarasyan:  	Parsing updates (updateShort) received via the socket...
FeedLoop, innatarasyan:       	Resumed update feed loop generic
UpdateHandler, innatarasyan:  	Saving update of type updateUserStatus
UpdateHandler, innatarasyan:  	Parsing updates (updateShort) received via the socket...
FeedLoop, innatarasyan:       	Resumed update feed loop generic
UpdateHandler, innatarasyan:  	Saving update of type updateChannelMessageViews
UpdateHandler, innatarasyan:  	Parsing updates (updateShort) received via the socket...
FeedLoop, innatarasyan:       	Resumed update feed loop generic
UpdateHandler, innatarasyan:  	Saving update of type updateUserStatus
UpdateHandler, innatarasyan:  	Parsing updates (updateShort) received via the socket...
FeedLoop, innatarasyan:       	Resumed update feed loop generic
UpdateHandler, innatarasyan:  	Saving update of type updateUserStatus
SessionPaths, innatarasyan:   	Waiting for exclusive lock of /home/user/PhpstormProjects/CryptoTrading/bot.madeline/safe.php.lock...
SessionPaths, innatarasyan:   	Got exclusive lock of /home/user/PhpstormProjects/CryptoTrading/bot.madeline/safe.php.lock...
SessionPaths, innatarasyan:   	Waiting for exclusive lock of /home/user/PhpstormProjects/CryptoTrading/bot.madeline/lightState.php.lock...
SessionPaths, innatarasyan:   	Got exclusive lock of /home/user/PhpstormProjects/CryptoTrading/bot.madeline/lightState.php.lock...
APIWrapper, innatarasyan:     	Saved session!
UpdateHandler, innatarasyan:  	Parsing updates (updates) received via the socket...
SeqLoop, innatarasyan:        	Was fed updates of type updates...
UpdateHandler, innatarasyan:  	Parsing updates (updates) received via the socket...
SeqLoop, innatarasyan:        	Was fed updates of type updates...
FeedLoop, innatarasyan:       	Resumed update feed loop channel -1001290362028
UpdateHandler, innatarasyan:  	Saving update of type updateNewChannelMessage
FeedLoop, innatarasyan:       	Resumed update feed loop channel -1001290362028
SessionPaths, innatarasyan:   	Waiting for exclusive lock of /home/user/PhpstormProjects/CryptoTrading/bot.madeline/safe.php.lock...
SessionPaths, innatarasyan:   	Got exclusive lock of /home/user/PhpstormProjects/CryptoTrading/bot.madeline/safe.php.lock...
SessionPaths, innatarasyan:   	Waiting for exclusive lock of /home/user/PhpstormProjects/CryptoTrading/bot.madeline/lightState.php.lock...
SessionPaths, innatarasyan:   	Got exclusive lock of /home/user/PhpstormProjects/CryptoTrading/bot.madeline/lightState.php.lock...
APIWrapper, innatarasyan:     	Saved session!
UpdateHandler, innatarasyan:  	Parsing updates (updateShort) received via the socket...
UpdateHandler, innatarasyan:  	Parsing updates (updateShort) received via the socket...
FeedLoop, innatarasyan:       	Resumed update feed loop channel -1001290362028
UpdateHandler, innatarasyan:  	Saving update of type updateDeleteChannelMessages
SessionPaths, innatarasyan:   	Waiting for exclusive lock of /home/user/PhpstormProjects/CryptoTrading/bot.madeline/safe.php.lock...
SessionPaths, innatarasyan:   	Got exclusive lock of /home/user/PhpstormProjects/CryptoTrading/bot.madeline/safe.php.lock...
SessionPaths, innatarasyan:   	Waiting for exclusive lock of /home/user/PhpstormProjects/CryptoTrading/bot.madeline/lightState.php.lock...
SessionPaths, innatarasyan:   	Got exclusive lock of /home/user/PhpstormProjects/CryptoTrading/bot.madeline/lightState.php.lock...
APIWrapper, innatarasyan:     	Saved session!
SessionPaths, innatarasyan:   	Waiting for exclusive lock of /home/user/PhpstormProjects/CryptoTrading/bot.madeline/safe.php.lock...
SessionPaths, innatarasyan:   	Got exclusive lock of /home/user/PhpstormProjects/CryptoTrading/bot.madeline/safe.php.lock...
SessionPaths, innatarasyan:   	Waiting for exclusive lock of /home/user/PhpstormProjects/CryptoTrading/bot.madeline/lightState.php.lock...
SessionPaths, innatarasyan:   	Got exclusive lock of /home/user/PhpstormProjects/CryptoTrading/bot.madeline/lightState.php.lock...
APIWrapper, innatarasyan:     	Saved session!
SessionPaths, innatarasyan:   	Waiting for exclusive lock of /home/user/PhpstormProjects/CryptoTrading/bot.madeline/safe.php.lock...
SessionPaths, innatarasyan:   	Got exclusive lock of /home/user/PhpstormProjects/CryptoTrading/bot.madeline/safe.php.lock...
SessionPaths, innatarasyan:   	Waiting for exclusive lock of /home/user/PhpstormProjects/CryptoTrading/bot.madeline/lightState.php.lock...
SessionPaths, innatarasyan:   	Got exclusive lock of /home/user/PhpstormProjects/CryptoTrading/bot.madeline/lightState.php.lock...
APIWrapper, innatarasyan:     	Saved session!
UpdateHandler, innatarasyan:  	Parsing updates (updateShort) received via the socket...
FeedLoop, innatarasyan:       	Resumed update feed loop generic
UpdateHandler, innatarasyan:  	Saving update of type updateUserStatus
UpdateHandler, innatarasyan:  	Parsing updates (updateShort) received via the socket...
FeedLoop, innatarasyan:       	Resumed update feed loop generic
UpdateHandler, innatarasyan:  	Saving update of type updateUserStatus
UpdateHandler, innatarasyan:  	Parsing updates (updateShort) received via the socket...
FeedLoop, innatarasyan:       	Resumed update feed loop generic
UpdateHandler, innatarasyan:  	Saving update of type updateUserStatus
SessionPaths, innatarasyan:   	Waiting for exclusive lock of /home/user/PhpstormProjects/CryptoTrading/bot.madeline/safe.php.lock...
SessionPaths, innatarasyan:   	Got exclusive lock of /home/user/PhpstormProjects/CryptoTrading/bot.madeline/safe.php.lock...
SessionPaths, innatarasyan:   	Waiting for exclusive lock of /home/user/PhpstormProjects/CryptoTrading/bot.madeline/lightState.php.lock...
SessionPaths, innatarasyan:   	Got exclusive lock of /home/user/PhpstormProjects/CryptoTrading/bot.madeline/lightState.php.lock...
APIWrapper, innatarasyan:     	Saved session!
UpdateHandler, innatarasyan:  	Parsing updates (updateShort) received via the socket...
FeedLoop, innatarasyan:       	Resumed update feed loop generic
UpdateHandler, innatarasyan:  	Saving update of type updateUserStatus
SessionPaths, innatarasyan:   	Waiting for exclusive lock of /home/user/PhpstormProjects/CryptoTrading/bot.madeline/safe.php.lock...
SessionPaths, innatarasyan:   	Got exclusive lock of /home/user/PhpstormProjects/CryptoTrading/bot.madeline/safe.php.lock...
SessionPaths, innatarasyan:   	Waiting for exclusive lock of /home/user/PhpstormProjects/CryptoTrading/bot.madeline/lightState.php.lock...
SessionPaths, innatarasyan:   	Got exclusive lock of /home/user/PhpstormProjects/CryptoTrading/bot.madeline/lightState.php.lock...
APIWrapper, innatarasyan:     	Saved session!
UpdateHandler, innatarasyan:  	Parsing updates (updateShort) received via the socket...
FeedLoop, innatarasyan:       	Resumed update feed loop generic
UpdateHandler, innatarasyan:  	Saving update of type updateChannelMessageViews
UpdateHandler, innatarasyan:  	Parsing updates (updateShort) received via the socket...
FeedLoop, innatarasyan:       	Resumed update feed loop generic
UpdateHandler, innatarasyan:  	Saving update of type updateUserStatus
UpdateHandler, innatarasyan:  	Parsing updates (updateShort) received via the socket...
FeedLoop, innatarasyan:       	Resumed update feed loop generic
UpdateHandler, innatarasyan:  	Saving update of type updateUserStatus
UpdateHandler, innatarasyan:  	Parsing updates (updateShort) received via the socket...
FeedLoop, innatarasyan:       	Resumed update feed loop generic
UpdateHandler, innatarasyan:  	Saving update of type updateUserStatus
SessionPaths, innatarasyan:   	Waiting for exclusive lock of /home/user/PhpstormProjects/CryptoTrading/bot.madeline/safe.php.lock...
SessionPaths, innatarasyan:   	Got exclusive lock of /home/user/PhpstormProjects/CryptoTrading/bot.madeline/safe.php.lock...
SessionPaths, innatarasyan:   	Waiting for exclusive lock of /home/user/PhpstormProjects/CryptoTrading/bot.madeline/lightState.php.lock...
SessionPaths, innatarasyan:   	Got exclusive lock of /home/user/PhpstormProjects/CryptoTrading/bot.madeline/lightState.php.lock...
APIWrapper, innatarasyan:     	Saved session!
UpdateHandler, innatarasyan:  	Parsing updates (updateShort) received via the socket...
FeedLoop, innatarasyan:       	Resumed update feed loop generic
UpdateHandler, innatarasyan:  	Saving update of type updateUserStatus
UpdateHandler, innatarasyan:  	Parsing updates (updates) received via the socket...
SeqLoop, innatarasyan:        	Was fed updates of type updates...
UpdateHandler, innatarasyan:  	Parsing updates (updates) received via the socket...
SeqLoop, innatarasyan:        	Was fed updates of type updates...
FeedLoop, innatarasyan:       	Resumed update feed loop channel -1001290362028
UpdateHandler, innatarasyan:  	Saving update of type updateNewChannelMessage
FeedLoop, innatarasyan:       	Resumed update feed loop channel -1001290362028
UpdateHandler, innatarasyan:  	Parsing updates (updates) received via the socket...
SeqLoop, innatarasyan:        	Was fed updates of type updates...
FeedLoop, innatarasyan:       	Resumed update feed loop channel -1001290362028
UpdateHandler, innatarasyan:  	Saving update of type updateNewChannelMessage
UpdateHandler, innatarasyan:  	Parsing updates (updates) received via the socket...
SeqLoop, innatarasyan:        	Was fed updates of type updates...
FeedLoop, innatarasyan:       	Resumed update feed loop channel -1001290362028
UpdateHandler, innatarasyan:  	Saving update of type updateNewChannelMessage
UpdateHandler, innatarasyan:  	Parsing updates (updates) received via the socket...
SeqLoop, innatarasyan:        	Was fed updates of type updates...
UpdateHandler, innatarasyan:  	Parsing updates (updateShort) received via the socket...
UpdateHandler, innatarasyan:  	Parsing updates (updates) received via the socket...
SeqLoop, innatarasyan:        	Was fed updates of type updates...
FeedLoop, innatarasyan:       	Resumed update feed loop channel -1001290362028
FeedLoop, innatarasyan:       	Resumed update feed loop channel -1001290362028
UpdateHandler, innatarasyan:  	Parsing updates (updates) received via the socket...
SeqLoop, innatarasyan:        	Was fed updates of type updates...
FeedLoop, innatarasyan:       	Resumed update feed loop channel -1001290362028
UpdateHandler, innatarasyan:  	Saving update of type updateNewChannelMessage
FeedLoop, innatarasyan:       	MSGID duplicate (2084135) in update feed loop channel -1001290362028
FeedLoop, innatarasyan:       	Resumed update feed loop channel -1001290362028
UpdateHandler, innatarasyan:  	Saving update of type updateDeleteChannelMessages
UpdateHandler, innatarasyan:  	Parsing updates (updates) received via the socket...
SeqLoop, innatarasyan:        	Was fed updates of type updates...
FeedLoop, innatarasyan:       	Resumed update feed loop channel -1001290362028
SessionPaths, innatarasyan:   	Waiting for exclusive lock of /home/user/PhpstormProjects/CryptoTrading/bot.madeline/safe.php.lock...
SessionPaths, innatarasyan:   	Got exclusive lock of /home/user/PhpstormProjects/CryptoTrading/bot.madeline/safe.php.lock...
SessionPaths, innatarasyan:   	Waiting for exclusive lock of /home/user/PhpstormProjects/CryptoTrading/bot.madeline/lightState.php.lock...
SessionPaths, innatarasyan:   	Got exclusive lock of /home/user/PhpstormProjects/CryptoTrading/bot.madeline/lightState.php.lock...
APIWrapper, innatarasyan:     	Saved session!
UpdateHandler, innatarasyan:  	Parsing updates (updateShort) received via the socket...
UpdateHandler, innatarasyan:  	Parsing updates (updateShort) received via the socket...
UpdateHandler, innatarasyan:  	Parsing updates (updateShort) received via the socket...
UpdateHandler, innatarasyan:  	Parsing updates (updateShort) received via the socket...
FeedLoop, innatarasyan:       	Resumed update feed loop channel -1001290362028
UpdateHandler, innatarasyan:  	Saving update of type updateDeleteChannelMessages
UpdateHandler, innatarasyan:  	Saving update of type updateDeleteChannelMessages
UpdateHandler, innatarasyan:  	Saving update of type updateDeleteChannelMessages
UpdateHandler, innatarasyan:  	Saving update of type updateDeleteChannelMessages
FeedLoop, innatarasyan:       	Resumed update feed loop channel -1001290362028
UpdateHandler, innatarasyan:  	Saving update of type updateDeleteChannelMessages
SessionPaths, innatarasyan:   	Waiting for exclusive lock of /home/user/PhpstormProjects/CryptoTrading/bot.madeline/safe.php.lock...
SessionPaths, innatarasyan:   	Got exclusive lock of /home/user/PhpstormProjects/CryptoTrading/bot.madeline/safe.php.lock...
SessionPaths, innatarasyan:   	Waiting for exclusive lock of /home/user/PhpstormProjects/CryptoTrading/bot.madeline/lightState.php.lock...
SessionPaths, innatarasyan:   	Got exclusive lock of /home/user/PhpstormProjects/CryptoTrading/bot.madeline/lightState.php.lock...
APIWrapper, innatarasyan:     	Saved session!
UpdateHandler, innatarasyan:  	Parsing updates (updateShort) received via the socket...
FeedLoop, innatarasyan:       	Resumed update feed loop generic
UpdateHandler, innatarasyan:  	Saving update of type updateUserStatus
SessionPaths, innatarasyan:   	Waiting for exclusive lock of /home/user/PhpstormProjects/CryptoTrading/bot.madeline/safe.php.lock...
SessionPaths, innatarasyan:   	Got exclusive lock of /home/user/PhpstormProjects/CryptoTrading/bot.madeline/safe.php.lock...
SessionPaths, innatarasyan:   	Waiting for exclusive lock of /home/user/PhpstormProjects/CryptoTrading/bot.madeline/lightState.php.lock...
SessionPaths, innatarasyan:   	Got exclusive lock of /home/user/PhpstormProjects/CryptoTrading/bot.madeline/lightState.php.lock...
APIWrapper, innatarasyan:     	Saved session!
SessionPaths, innatarasyan:   	Waiting for exclusive lock of /home/user/PhpstormProjects/CryptoTrading/bot.madeline/safe.php.lock...
SessionPaths, innatarasyan:   	Got exclusive lock of /home/user/PhpstormProjects/CryptoTrading/bot.madeline/safe.php.lock...
SessionPaths, innatarasyan:   	Waiting for exclusive lock of /home/user/PhpstormProjects/CryptoTrading/bot.madeline/lightState.php.lock...
SessionPaths, innatarasyan:   	Got exclusive lock of /home/user/PhpstormProjects/CryptoTrading/bot.madeline/lightState.php.lock...
APIWrapper, innatarasyan:     	Saved session!
UpdateHandler, innatarasyan:  	Parsing updates (updateShort) received via the socket...
FeedLoop, innatarasyan:       	Resumed update feed loop generic
UpdateHandler, innatarasyan:  	Saving update of type updateUserStatus
UpdateHandler, innatarasyan:  	Parsing updates (updateShort) received via the socket...
FeedLoop, innatarasyan:       	Resumed update feed loop generic
UpdateHandler, innatarasyan:  	Saving update of type updateUserStatus
SessionPaths, innatarasyan:   	Waiting for exclusive lock of /home/user/PhpstormProjects/CryptoTrading/bot.madeline/safe.php.lock...
SessionPaths, innatarasyan:   	Got exclusive lock of /home/user/PhpstormProjects/CryptoTrading/bot.madeline/safe.php.lock...
SessionPaths, innatarasyan:   	Waiting for exclusive lock of /home/user/PhpstormProjects/CryptoTrading/bot.madeline/lightState.php.lock...
SessionPaths, innatarasyan:   	Got exclusive lock of /home/user/PhpstormProjects/CryptoTrading/bot.madeline/lightState.php.lock...
APIWrapper, innatarasyan:     	Saved session!
UpdateHandler, innatarasyan:  	Parsing updates (updateShort) received via the socket...
FeedLoop, innatarasyan:       	Resumed update feed loop generic
UpdateHandler, innatarasyan:  	Saving update of type updateUserStatus
SessionPaths, innatarasyan:   	Waiting for exclusive lock of /home/user/PhpstormProjects/CryptoTrading/bot.madeline/safe.php.lock...
SessionPaths, innatarasyan:   	Got exclusive lock of /home/user/PhpstormProjects/CryptoTrading/bot.madeline/safe.php.lock...
SessionPaths, innatarasyan:   	Waiting for exclusive lock of /home/user/PhpstormProjects/CryptoTrading/bot.madeline/lightState.php.lock...
SessionPaths, innatarasyan:   	Got exclusive lock of /home/user/PhpstormProjects/CryptoTrading/bot.madeline/lightState.php.lock...
APIWrapper, innatarasyan:     	Saved session!
UpdateHandler, innatarasyan:  	Parsing updates (updateShort) received via the socket...
FeedLoop, innatarasyan:       	Resumed update feed loop generic
UpdateHandler, innatarasyan:  	Saving update of type updateUserStatus
UpdateHandler, innatarasyan:  	Parsing updates (updates) received via the socket...
SeqLoop, innatarasyan:        	Was fed updates of type updates...
UpdateHandler, innatarasyan:  	Parsing updates (updates) received via the socket...
SeqLoop, innatarasyan:        	Was fed updates of type updates...
FeedLoop, innatarasyan:       	Resumed update feed loop channel -1001290362028
UpdateHandler, innatarasyan:  	Saving update of type updateNewChannelMessage
FeedLoop, innatarasyan:       	Resumed update feed loop channel -1001290362028
SessionPaths, innatarasyan:   	Waiting for exclusive lock of /home/user/PhpstormProjects/CryptoTrading/bot.madeline/safe.php.lock...
SessionPaths, innatarasyan:   	Got exclusive lock of /home/user/PhpstormProjects/CryptoTrading/bot.madeline/safe.php.lock...
SessionPaths, innatarasyan:   	Waiting for exclusive lock of /home/user/PhpstormProjects/CryptoTrading/bot.madeline/lightState.php.lock...
SessionPaths, innatarasyan:   	Got exclusive lock of /home/user/PhpstormProjects/CryptoTrading/bot.madeline/lightState.php.lock...
APIWrapper, innatarasyan:     	Saved session!
UpdateHandler, innatarasyan:  	Parsing updates (updateShort) received via the socket...
FeedLoop, innatarasyan:       	Resumed update feed loop channel -1001290362028
UpdateHandler, innatarasyan:  	Saving update of type updateDeleteChannelMessages
UpdateHandler, innatarasyan:  	Parsing updates (updateShort) received via the socket...
FeedLoop, innatarasyan:       	Resumed update feed loop channel -1001290362028
UpdateHandler, innatarasyan:  	Parsing updates (updateShort) received via the socket...
FeedLoop, innatarasyan:       	Resumed update feed loop generic
UpdateHandler, innatarasyan:  	Saving update of type updateUserStatus
UpdateHandler, innatarasyan:  	Parsing updates (updateShort) received via the socket...
FeedLoop, innatarasyan:       	Resumed update feed loop generic
UpdateHandler, innatarasyan:  	Saving update of type updateUserStatus
UpdateHandler, innatarasyan:  	Parsing updates (updateShort) received via the socket...
FeedLoop, innatarasyan:       	Resumed update feed loop generic
UpdateHandler, innatarasyan:  	Saving update of type updateUserStatus
SessionPaths, innatarasyan:   	Waiting for exclusive lock of /home/user/PhpstormProjects/CryptoTrading/bot.madeline/safe.php.lock...
SessionPaths, innatarasyan:   	Got exclusive lock of /home/user/PhpstormProjects/CryptoTrading/bot.madeline/safe.php.lock...
SessionPaths, innatarasyan:   	Waiting for exclusive lock of /home/user/PhpstormProjects/CryptoTrading/bot.madeline/lightState.php.lock...
SessionPaths, innatarasyan:   	Got exclusive lock of /home/user/PhpstormProjects/CryptoTrading/bot.madeline/lightState.php.lock...
APIWrapper, innatarasyan:     	Saved session!
UpdateHandler, innatarasyan:  	Parsing updates (updateShort) received via the socket...
FeedLoop, innatarasyan:       	Resumed update feed loop generic
UpdateHandler, innatarasyan:  	Saving update of type updateChannelMessageViews
UpdateHandler, innatarasyan:  	Parsing updates (updateShort) received via the socket...
FeedLoop, innatarasyan:       	Resumed update feed loop generic
UpdateHandler, innatarasyan:  	Saving update of type updateUserStatus
SessionPaths, innatarasyan:   	Waiting for exclusive lock of /home/user/PhpstormProjects/CryptoTrading/bot.madeline/safe.php.lock...
SessionPaths, innatarasyan:   	Got exclusive lock of /home/user/PhpstormProjects/CryptoTrading/bot.madeline/safe.php.lock...
SessionPaths, innatarasyan:   	Waiting for exclusive lock of /home/user/PhpstormProjects/CryptoTrading/bot.madeline/lightState.php.lock...
SessionPaths, innatarasyan:   	Got exclusive lock of /home/user/PhpstormProjects/CryptoTrading/bot.madeline/lightState.php.lock...
APIWrapper, innatarasyan:     	Saved session!
UpdateHandler, innatarasyan:  	Parsing updates (updateShort) received via the socket...
FeedLoop, innatarasyan:       	Resumed update feed loop generic
UpdateHandler, innatarasyan:  	Saving update of type updateUserStatus
SessionPaths, innatarasyan:   	Waiting for exclusive lock of /home/user/PhpstormProjects/CryptoTrading/bot.madeline/safe.php.lock...
SessionPaths, innatarasyan:   	Got exclusive lock of /home/user/PhpstormProjects/CryptoTrading/bot.madeline/safe.php.lock...
SessionPaths, innatarasyan:   	Waiting for exclusive lock of /home/user/PhpstormProjects/CryptoTrading/bot.madeline/lightState.php.lock...
SessionPaths, innatarasyan:   	Got exclusive lock of /home/user/PhpstormProjects/CryptoTrading/bot.madeline/lightState.php.lock...
APIWrapper, innatarasyan:     	Saved session!
UpdateHandler, innatarasyan:  	Parsing updates (updateShort) received via the socket...
FeedLoop, innatarasyan:       	Resumed update feed loop generic
UpdateHandler, innatarasyan:  	Saving update of type updateUserStatus
UpdateHandler, innatarasyan:  	Parsing updates (updateShort) received via the socket...
FeedLoop, innatarasyan:       	Resumed update feed loop generic
UpdateHandler, innatarasyan:  	Saving update of type updateUserStatus
UpdateHandler, innatarasyan:  	Parsing updates (updateShort) received via the socket...
FeedLoop, innatarasyan:       	Resumed update feed loop generic
UpdateHandler, innatarasyan:  	Saving update of type updateChannelMessageViews
UpdateHandler, innatarasyan:  	Parsing updates (updateShort) received via the socket...
FeedLoop, innatarasyan:       	Resumed update feed loop generic
UpdateHandler, innatarasyan:  	Saving update of type updateUserStatus
UpdateHandler, innatarasyan:  	Parsing updates (updateShort) received via the socket...
FeedLoop, innatarasyan:       	Resumed update feed loop generic
UpdateHandler, innatarasyan:  	Saving update of type updateUserStatus
SessionPaths, innatarasyan:   	Waiting for exclusive lock of /home/user/PhpstormProjects/CryptoTrading/bot.madeline/safe.php.lock...
SessionPaths, innatarasyan:   	Got exclusive lock of /home/user/PhpstormProjects/CryptoTrading/bot.madeline/safe.php.lock...
SessionPaths, innatarasyan:   	Waiting for exclusive lock of /home/user/PhpstormProjects/CryptoTrading/bot.madeline/lightState.php.lock...
SessionPaths, innatarasyan:   	Got exclusive lock of /home/user/PhpstormProjects/CryptoTrading/bot.madeline/lightState.php.lock...
APIWrapper, innatarasyan:     	Saved session!
UpdateHandler, innatarasyan:  	Parsing updates (updateShort) received via the socket...
FeedLoop, innatarasyan:       	Resumed update feed loop generic
UpdateHandler, innatarasyan:  	Saving update of type updateUserStatus
UpdateHandler, innatarasyan:  	Parsing updates (updateShort) received via the socket...
FeedLoop, innatarasyan:       	Resumed update feed loop generic
UpdateHandler, innatarasyan:  	Saving update of type updateUserStatus
UpdateHandler, innatarasyan:  	Parsing updates (updateShort) received via the socket...
FeedLoop, innatarasyan:       	Resumed update feed loop generic
UpdateHandler, innatarasyan:  	Saving update of type updateUserStatus
UpdateHandler, innatarasyan:  	Parsing updates (updateShort) received via the socket...
FeedLoop, innatarasyan:       	Resumed update feed loop generic
UpdateHandler, innatarasyan:  	Saving update of type updateUserStatus
SessionPaths, innatarasyan:   	Waiting for exclusive lock of /home/user/PhpstormProjects/CryptoTrading/bot.madeline/safe.php.lock...
SessionPaths, innatarasyan:   	Got exclusive lock of /home/user/PhpstormProjects/CryptoTrading/bot.madeline/safe.php.lock...
SessionPaths, innatarasyan:   	Waiting for exclusive lock of /home/user/PhpstormProjects/CryptoTrading/bot.madeline/lightState.php.lock...
SessionPaths, innatarasyan:   	Got exclusive lock of /home/user/PhpstormProjects/CryptoTrading/bot.madeline/lightState.php.lock...
APIWrapper, innatarasyan:     	Saved session!
UpdateHandler, innatarasyan:  	Parsing updates (updateShort) received via the socket...
FeedLoop, innatarasyan:       	Resumed update feed loop generic
UpdateHandler, innatarasyan:  	Saving update of type updateUserStatus
SessionPaths, innatarasyan:   	Waiting for exclusive lock of /home/user/PhpstormProjects/CryptoTrading/bot.madeline/safe.php.lock...
SessionPaths, innatarasyan:   	Got exclusive lock of /home/user/PhpstormProjects/CryptoTrading/bot.madeline/safe.php.lock...
SessionPaths, innatarasyan:   	Waiting for exclusive lock of /home/user/PhpstormProjects/CryptoTrading/bot.madeline/lightState.php.lock...
SessionPaths, innatarasyan:   	Got exclusive lock of /home/user/PhpstormProjects/CryptoTrading/bot.madeline/lightState.php.lock...
APIWrapper, innatarasyan:     	Saved session!
UpdateHandler, innatarasyan:  	Parsing updates (updates) received via the socket...
SeqLoop, innatarasyan:        	Was fed updates of type updates...
FeedLoop, innatarasyan:       	Resumed update feed loop channel -1001290362028
UpdateHandler, innatarasyan:  	Saving update of type updateEditChannelMessage
UpdateHandler, innatarasyan:  	Parsing updates (updateShort) received via the socket...
FeedLoop, innatarasyan:       	Resumed update feed loop generic
UpdateHandler, innatarasyan:  	Saving update of type updateUserStatus
SessionPaths, innatarasyan:   	Waiting for exclusive lock of /home/user/PhpstormProjects/CryptoTrading/bot.madeline/safe.php.lock...
SessionPaths, innatarasyan:   	Got exclusive lock of /home/user/PhpstormProjects/CryptoTrading/bot.madeline/safe.php.lock...
SessionPaths, innatarasyan:   	Waiting for exclusive lock of /home/user/PhpstormProjects/CryptoTrading/bot.madeline/lightState.php.lock...
SessionPaths, innatarasyan:   	Got exclusive lock of /home/user/PhpstormProjects/CryptoTrading/bot.madeline/lightState.php.lock...
APIWrapper, innatarasyan:     	Saved session!
UpdateHandler, innatarasyan:  	Parsing updates (updateShort) received via the socket...
FeedLoop, innatarasyan:       	Resumed update feed loop generic
UpdateHandler, innatarasyan:  	Saving update of type updateUserStatus
SessionPaths, innatarasyan:   	Waiting for exclusive lock of /home/user/PhpstormProjects/CryptoTrading/bot.madeline/safe.php.lock...
SessionPaths, innatarasyan:   	Got exclusive lock of /home/user/PhpstormProjects/CryptoTrading/bot.madeline/safe.php.lock...
SessionPaths, innatarasyan:   	Waiting for exclusive lock of /home/user/PhpstormProjects/CryptoTrading/bot.madeline/lightState.php.lock...
SessionPaths, innatarasyan:   	Got exclusive lock of /home/user/PhpstormProjects/CryptoTrading/bot.madeline/lightState.php.lock...
APIWrapper, innatarasyan:     	Saved session!
UpdateHandler, innatarasyan:  	Parsing updates (updateShort) received via the socket...
FeedLoop, innatarasyan:       	Resumed update feed loop generic
UpdateHandler, innatarasyan:  	Saving update of type updateUserStatus
UpdateHandler, innatarasyan:  	Parsing updates (updateShort) received via the socket...
FeedLoop, innatarasyan:       	Resumed update feed loop generic
UpdateHandler, innatarasyan:  	Saving update of type updateUserStatus
SessionPaths, innatarasyan:   	Waiting for exclusive lock of /home/user/PhpstormProjects/CryptoTrading/bot.madeline/safe.php.lock...
SessionPaths, innatarasyan:   	Got exclusive lock of /home/user/PhpstormProjects/CryptoTrading/bot.madeline/safe.php.lock...
SessionPaths, innatarasyan:   	Waiting for exclusive lock of /home/user/PhpstormProjects/CryptoTrading/bot.madeline/lightState.php.lock...
SessionPaths, innatarasyan:   	Got exclusive lock of /home/user/PhpstormProjects/CryptoTrading/bot.madeline/lightState.php.lock...
APIWrapper, innatarasyan:     	Saved session!
SessionPaths, innatarasyan:   	Waiting for exclusive lock of /home/user/PhpstormProjects/CryptoTrading/bot.madeline/safe.php.lock...
SessionPaths, innatarasyan:   	Got exclusive lock of /home/user/PhpstormProjects/CryptoTrading/bot.madeline/safe.php.lock...
SessionPaths, innatarasyan:   	Waiting for exclusive lock of /home/user/PhpstormProjects/CryptoTrading/bot.madeline/lightState.php.lock...
SessionPaths, innatarasyan:   	Got exclusive lock of /home/user/PhpstormProjects/CryptoTrading/bot.madeline/lightState.php.lock...
APIWrapper, innatarasyan:     	Saved session!
UpdateHandler, innatarasyan:  	Parsing updates (updates) received via the socket...
SeqLoop, innatarasyan:        	Was fed updates of type updates...
UpdateHandler, innatarasyan:  	Parsing updates (updates) received via the socket...
SeqLoop, innatarasyan:        	Was fed updates of type updates...
FeedLoop, innatarasyan:       	Resumed update feed loop channel -1001290362028
UpdateHandler, innatarasyan:  	Saving update of type updateNewChannelMessage
FeedLoop, innatarasyan:       	Resumed update feed loop channel -1001290362028
UpdateHandler, innatarasyan:  	Parsing updates (updateShort) received via the socket...
UpdateHandler, innatarasyan:  	Parsing updates (updateShort) received via the socket...
FeedLoop, innatarasyan:       	Resumed update feed loop channel -1001290362028
UpdateHandler, innatarasyan:  	Saving update of type updateDeleteChannelMessages
UpdateHandler, innatarasyan:  	Parsing updates (updates) received via the socket...
SeqLoop, innatarasyan:        	Was fed updates of type updates...
FeedLoop, innatarasyan:       	Resumed update feed loop channel -1001290362028
UpdateHandler, innatarasyan:  	Saving update of type updateNewChannelMessage
UpdateHandler, innatarasyan:  	Parsing updates (updates) received via the socket...
SeqLoop, innatarasyan:        	Was fed updates of type updates...
FeedLoop, innatarasyan:       	Resumed update feed loop channel -1001290362028
MinDatabase, innatarasyan:    	Found 2 pending contexts
UpdateHandler, innatarasyan:  	Parsing updates (updates) received via the socket...
SeqLoop, innatarasyan:        	Was fed updates of type updates...
UpdateHandler, innatarasyan:  	Parsing updates (updates) received via the socket...
SeqLoop, innatarasyan:        	Was fed updates of type updates...
FeedLoop, innatarasyan:       	Resumed update feed loop generic
UpdateHandler, innatarasyan:  	Saving update of type updateMessagePoll
UpdateHandler, innatarasyan:  	Saving update of type updateMessagePoll
SessionPaths, innatarasyan:   	Waiting for exclusive lock of /home/user/PhpstormProjects/CryptoTrading/bot.madeline/safe.php.lock...
SessionPaths, innatarasyan:   	Got exclusive lock of /home/user/PhpstormProjects/CryptoTrading/bot.madeline/safe.php.lock...
SessionPaths, innatarasyan:   	Waiting for exclusive lock of /home/user/PhpstormProjects/CryptoTrading/bot.madeline/lightState.php.lock...
SessionPaths, innatarasyan:   	Got exclusive lock of /home/user/PhpstormProjects/CryptoTrading/bot.madeline/lightState.php.lock...
APIWrapper, innatarasyan:     	Saved session!
SessionPaths, innatarasyan:   	Waiting for exclusive lock of /home/user/PhpstormProjects/CryptoTrading/bot.madeline/safe.php.lock...
SessionPaths, innatarasyan:   	Got exclusive lock of /home/user/PhpstormProjects/CryptoTrading/bot.madeline/safe.php.lock...
SessionPaths, innatarasyan:   	Waiting for exclusive lock of /home/user/PhpstormProjects/CryptoTrading/bot.madeline/lightState.php.lock...
SessionPaths, innatarasyan:   	Got exclusive lock of /home/user/PhpstormProjects/CryptoTrading/bot.madeline/lightState.php.lock...
APIWrapper, innatarasyan:     	Saved session!
UpdateHandler, innatarasyan:  	Parsing updates (updates) received via the socket...
SeqLoop, innatarasyan:        	Was fed updates of type updates...
UpdateHandler, innatarasyan:  	Parsing updates (updates) received via the socket...
SeqLoop, innatarasyan:        	Was fed updates of type updates...
FeedLoop, innatarasyan:       	Resumed update feed loop channel -1001290362028
UpdateHandler, innatarasyan:  	Saving update of type updateNewChannelMessage
UpdateHandler, innatarasyan:  	Parsing updates (updateShort) received via the socket...
UpdateHandler, innatarasyan:  	Parsing updates (updateShort) received via the socket...
FeedLoop, innatarasyan:       	Resumed update feed loop channel -1001290362028
UpdateHandler, innatarasyan:  	Saving update of type updateDeleteChannelMessages
SessionPaths, innatarasyan:   	Waiting for exclusive lock of /home/user/PhpstormProjects/CryptoTrading/bot.madeline/safe.php.lock...
SessionPaths, innatarasyan:   	Got exclusive lock of /home/user/PhpstormProjects/CryptoTrading/bot.madeline/safe.php.lock...
SessionPaths, innatarasyan:   	Waiting for exclusive lock of /home/user/PhpstormProjects/CryptoTrading/bot.madeline/lightState.php.lock...
SessionPaths, innatarasyan:   	Got exclusive lock of /home/user/PhpstormProjects/CryptoTrading/bot.madeline/lightState.php.lock...
APIWrapper, innatarasyan:     	Saved session!
UpdateHandler, innatarasyan:  	Parsing updates (updateShort) received via the socket...
FeedLoop, innatarasyan:       	Resumed update feed loop generic
UpdateHandler, innatarasyan:  	Saving update of type updateUserStatus
SessionPaths, innatarasyan:   	Waiting for exclusive lock of /home/user/PhpstormProjects/CryptoTrading/bot.madeline/safe.php.lock...
SessionPaths, innatarasyan:   	Got exclusive lock of /home/user/PhpstormProjects/CryptoTrading/bot.madeline/safe.php.lock...
SessionPaths, innatarasyan:   	Waiting for exclusive lock of /home/user/PhpstormProjects/CryptoTrading/bot.madeline/lightState.php.lock...
SessionPaths, innatarasyan:   	Got exclusive lock of /home/user/PhpstormProjects/CryptoTrading/bot.madeline/lightState.php.lock...
APIWrapper, innatarasyan:     	Saved session!
SessionPaths, innatarasyan:   	Waiting for exclusive lock of /home/user/PhpstormProjects/CryptoTrading/bot.madeline/safe.php.lock...
SessionPaths, innatarasyan:   	Got exclusive lock of /home/user/PhpstormProjects/CryptoTrading/bot.madeline/safe.php.lock...
SessionPaths, innatarasyan:   	Waiting for exclusive lock of /home/user/PhpstormProjects/CryptoTrading/bot.madeline/lightState.php.lock...
SessionPaths, innatarasyan:   	Got exclusive lock of /home/user/PhpstormProjects/CryptoTrading/bot.madeline/lightState.php.lock...
APIWrapper, innatarasyan:     	Saved session!
UpdateHandler, innatarasyan:  	Parsing updates (updateShort) received via the socket...
FeedLoop, innatarasyan:       	Resumed update feed loop generic
UpdateHandler, innatarasyan:  	Saving update of type updateUserStatus
UpdateHandler, innatarasyan:  	Parsing updates (updates) received via the socket...
SeqLoop, innatarasyan:        	Was fed updates of type updates...
UpdateHandler, innatarasyan:  	Parsing updates (updates) received via the socket...
SeqLoop, innatarasyan:        	Was fed updates of type updates...
FeedLoop, innatarasyan:       	Resumed update feed loop channel -1001290362028
UpdateHandler, innatarasyan:  	Saving update of type updateNewChannelMessage
FeedLoop, innatarasyan:       	Resumed update feed loop channel -1001290362028
UpdateHandler, innatarasyan:  	Parsing updates (updateShort) received via the socket...
FeedLoop, innatarasyan:       	Resumed update feed loop generic
UpdateHandler, innatarasyan:  	Saving update of type updateUserStatus
UpdateHandler, innatarasyan:  	Parsing updates (updateShort) received via the socket...
UpdateHandler, innatarasyan:  	Parsing updates (updateShort) received via the socket...
FeedLoop, innatarasyan:       	Resumed update feed loop channel -1001290362028
UpdateHandler, innatarasyan:  	Saving update of type updateDeleteChannelMessages
SessionPaths, innatarasyan:   	Waiting for exclusive lock of /home/user/PhpstormProjects/CryptoTrading/bot.madeline/safe.php.lock...
SessionPaths, innatarasyan:   	Got exclusive lock of /home/user/PhpstormProjects/CryptoTrading/bot.madeline/safe.php.lock...
SessionPaths, innatarasyan:   	Waiting for exclusive lock of /home/user/PhpstormProjects/CryptoTrading/bot.madeline/lightState.php.lock...
SessionPaths, innatarasyan:   	Got exclusive lock of /home/user/PhpstormProjects/CryptoTrading/bot.madeline/lightState.php.lock...
APIWrapper, innatarasyan:     	Saved session!
UpdateHandler, innatarasyan:  	Parsing updates (updates) received via the socket...
SeqLoop, innatarasyan:        	Was fed updates of type updates...
FeedLoop, innatarasyan:       	Resumed update feed loop channel -1001290362028
UpdateHandler, innatarasyan:  	Saving update of type updateNewChannelMessage
UpdateHandler, innatarasyan:  	Parsing updates (updateShort) received via the socket...
UpdateHandler, innatarasyan:  	Parsing updates (updates) received via the socket...
SeqLoop, innatarasyan:        	Was fed updates of type updates...
FeedLoop, innatarasyan:       	Resumed update feed loop channel -1001290362028
UpdateHandler, innatarasyan:  	Saving update of type updateDeleteChannelMessages
FeedLoop, innatarasyan:       	Resumed update feed loop channel -1001290362028
UpdateHandler, innatarasyan:  	Saving update of type updateNewChannelMessage
FeedLoop, innatarasyan:       	MSGID duplicate (2084142) in update feed loop channel -1001290362028
FeedLoop, innatarasyan:       	Resumed update feed loop channel -1001290362028
UpdateHandler, innatarasyan:  	Saving update of type updateDeleteChannelMessages
MinDatabase, innatarasyan:    	Found 1 pending contexts
UpdateHandler, innatarasyan:  	Parsing updates (updates) received via the socket...
SeqLoop, innatarasyan:        	Was fed updates of type updates...
FeedLoop, innatarasyan:       	Resumed update feed loop generic
UpdateHandler, innatarasyan:  	Saving update of type updateMessagePoll
SessionPaths, innatarasyan:   	Waiting for exclusive lock of /home/user/PhpstormProjects/CryptoTrading/bot.madeline/safe.php.lock...
SessionPaths, innatarasyan:   	Got exclusive lock of /home/user/PhpstormProjects/CryptoTrading/bot.madeline/safe.php.lock...
SessionPaths, innatarasyan:   	Waiting for exclusive lock of /home/user/PhpstormProjects/CryptoTrading/bot.madeline/lightState.php.lock...
SessionPaths, innatarasyan:   	Got exclusive lock of /home/user/PhpstormProjects/CryptoTrading/bot.madeline/lightState.php.lock...
APIWrapper, innatarasyan:     	Saved session!
UpdateHandler, innatarasyan:  	Parsing updates (updates) received via the socket...
SeqLoop, innatarasyan:        	Was fed updates of type updates...
FeedLoop, innatarasyan:       	Resumed update feed loop channel -1001290362028
UpdateHandler, innatarasyan:  	Saving update of type updateNewChannelMessage
FeedLoop, innatarasyan:       	MSGID duplicate (2084143) in update feed loop channel -1001290362028
FeedLoop, innatarasyan:       	Resumed update feed loop channel -1001290362028
UpdateHandler, innatarasyan:  	Parsing updates (updates) received via the socket...
SeqLoop, innatarasyan:        	Was fed updates of type updates...
FeedLoop, innatarasyan:       	Resumed update feed loop channel -1001290362028
UpdateHandler, innatarasyan:  	Saving update of type updateEditChannelMessage
UpdateHandler, innatarasyan:  	Parsing updates (updateShort) received via the socket...
FeedLoop, innatarasyan:       	Resumed update feed loop generic
UpdateHandler, innatarasyan:  	Saving update of type updateUserStatus
SessionPaths, innatarasyan:   	Waiting for exclusive lock of /home/user/PhpstormProjects/CryptoTrading/bot.madeline/safe.php.lock...
SessionPaths, innatarasyan:   	Got exclusive lock of /home/user/PhpstormProjects/CryptoTrading/bot.madeline/safe.php.lock...
SessionPaths, innatarasyan:   	Waiting for exclusive lock of /home/user/PhpstormProjects/CryptoTrading/bot.madeline/lightState.php.lock...
SessionPaths, innatarasyan:   	Got exclusive lock of /home/user/PhpstormProjects/CryptoTrading/bot.madeline/lightState.php.lock...
APIWrapper, innatarasyan:     	Saved session!
UpdateHandler, innatarasyan:  	Parsing updates (updateShort) received via the socket...
FeedLoop, innatarasyan:       	Resumed update feed loop generic
UpdateHandler, innatarasyan:  	Saving update of type updateUserStatus
SessionPaths, innatarasyan:   	Waiting for exclusive lock of /home/user/PhpstormProjects/CryptoTrading/bot.madeline/safe.php.lock...
SessionPaths, innatarasyan:   	Got exclusive lock of /home/user/PhpstormProjects/CryptoTrading/bot.madeline/safe.php.lock...
SessionPaths, innatarasyan:   	Waiting for exclusive lock of /home/user/PhpstormProjects/CryptoTrading/bot.madeline/lightState.php.lock...
SessionPaths, innatarasyan:   	Got exclusive lock of /home/user/PhpstormProjects/CryptoTrading/bot.madeline/lightState.php.lock...
APIWrapper, innatarasyan:     	Saved session!
UpdateHandler, innatarasyan:  	Parsing updates (updateShort) received via the socket...
FeedLoop, innatarasyan:       	Resumed update feed loop generic
UpdateHandler, innatarasyan:  	Saving update of type updateUserStatus
SessionPaths, innatarasyan:   	Waiting for exclusive lock of /home/user/PhpstormProjects/CryptoTrading/bot.madeline/safe.php.lock...
SessionPaths, innatarasyan:   	Got exclusive lock of /home/user/PhpstormProjects/CryptoTrading/bot.madeline/safe.php.lock...
SessionPaths, innatarasyan:   	Waiting for exclusive lock of /home/user/PhpstormProjects/CryptoTrading/bot.madeline/lightState.php.lock...
SessionPaths, innatarasyan:   	Got exclusive lock of /home/user/PhpstormProjects/CryptoTrading/bot.madeline/lightState.php.lock...
APIWrapper, innatarasyan:     	Saved session!
SessionPaths, innatarasyan:   	Waiting for exclusive lock of /home/user/PhpstormProjects/CryptoTrading/bot.madeline/safe.php.lock...
SessionPaths, innatarasyan:   	Got exclusive lock of /home/user/PhpstormProjects/CryptoTrading/bot.madeline/safe.php.lock...
SessionPaths, innatarasyan:   	Waiting for exclusive lock of /home/user/PhpstormProjects/CryptoTrading/bot.madeline/lightState.php.lock...
SessionPaths, innatarasyan:   	Got exclusive lock of /home/user/PhpstormProjects/CryptoTrading/bot.madeline/lightState.php.lock...
APIWrapper, innatarasyan:     	Saved session!
UpdateHandler, innatarasyan:  	Parsing updates (updateShort) received via the socket...
FeedLoop, innatarasyan:       	Resumed update feed loop generic
UpdateHandler, innatarasyan:  	Saving update of type updateUserStatus
SessionPaths, innatarasyan:   	Waiting for exclusive lock of /home/user/PhpstormProjects/CryptoTrading/bot.madeline/safe.php.lock...
SessionPaths, innatarasyan:   	Got exclusive lock of /home/user/PhpstormProjects/CryptoTrading/bot.madeline/safe.php.lock...
SessionPaths, innatarasyan:   	Waiting for exclusive lock of /home/user/PhpstormProjects/CryptoTrading/bot.madeline/lightState.php.lock...
SessionPaths, innatarasyan:   	Got exclusive lock of /home/user/PhpstormProjects/CryptoTrading/bot.madeline/lightState.php.lock...
APIWrapper, innatarasyan:     	Saved session!
UpdateHandler, innatarasyan:  	Parsing updates (updateShort) received via the socket...
FeedLoop, innatarasyan:       	Resumed update feed loop generic
UpdateHandler, innatarasyan:  	Saving update of type updateUserStatus
UpdateHandler, innatarasyan:  	Parsing updates (updateShort) received via the socket...
FeedLoop, innatarasyan:       	Resumed update feed loop generic
UpdateHandler, innatarasyan:  	Saving update of type updateUserStatus
MinDatabase, innatarasyan:    	Found 1 pending contexts
UpdateHandler, innatarasyan:  	Parsing updates (updateShort) received via the socket...
FeedLoop, innatarasyan:       	Resumed update feed loop generic
UpdateHandler, innatarasyan:  	Saving update of type updateChannelUserTyping
SessionPaths, innatarasyan:   	Waiting for exclusive lock of /home/user/PhpstormProjects/CryptoTrading/bot.madeline/safe.php.lock...
SessionPaths, innatarasyan:   	Got exclusive lock of /home/user/PhpstormProjects/CryptoTrading/bot.madeline/safe.php.lock...
SessionPaths, innatarasyan:   	Waiting for exclusive lock of /home/user/PhpstormProjects/CryptoTrading/bot.madeline/lightState.php.lock...
SessionPaths, innatarasyan:   	Got exclusive lock of /home/user/PhpstormProjects/CryptoTrading/bot.madeline/lightState.php.lock...
APIWrapper, innatarasyan:     	Saved session!
SessionPaths, innatarasyan:   	Waiting for exclusive lock of /home/user/PhpstormProjects/CryptoTrading/bot.madeline/safe.php.lock...
SessionPaths, innatarasyan:   	Got exclusive lock of /home/user/PhpstormProjects/CryptoTrading/bot.madeline/safe.php.lock...
SessionPaths, innatarasyan:   	Waiting for exclusive lock of /home/user/PhpstormProjects/CryptoTrading/bot.madeline/lightState.php.lock...
SessionPaths, innatarasyan:   	Got exclusive lock of /home/user/PhpstormProjects/CryptoTrading/bot.madeline/lightState.php.lock...
APIWrapper, innatarasyan:     	Saved session!
SessionPaths, innatarasyan:   	Waiting for exclusive lock of /home/user/PhpstormProjects/CryptoTrading/bot.madeline/safe.php.lock...
SessionPaths, innatarasyan:   	Got exclusive lock of /home/user/PhpstormProjects/CryptoTrading/bot.madeline/safe.php.lock...
SessionPaths, innatarasyan:   	Waiting for exclusive lock of /home/user/PhpstormProjects/CryptoTrading/bot.madeline/lightState.php.lock...
SessionPaths, innatarasyan:   	Got exclusive lock of /home/user/PhpstormProjects/CryptoTrading/bot.madeline/lightState.php.lock...
APIWrapper, innatarasyan:     	Saved session!
SessionPaths, innatarasyan:   	Waiting for exclusive lock of /home/user/PhpstormProjects/CryptoTrading/bot.madeline/safe.php.lock...
SessionPaths, innatarasyan:   	Got exclusive lock of /home/user/PhpstormProjects/CryptoTrading/bot.madeline/safe.php.lock...
SessionPaths, innatarasyan:   	Waiting for exclusive lock of /home/user/PhpstormProjects/CryptoTrading/bot.madeline/lightState.php.lock...
SessionPaths, innatarasyan:   	Got exclusive lock of /home/user/PhpstormProjects/CryptoTrading/bot.madeline/lightState.php.lock...
APIWrapper, innatarasyan:     	Saved session!
SessionPaths, innatarasyan:   	Waiting for exclusive lock of /home/user/PhpstormProjects/CryptoTrading/bot.madeline/safe.php.lock...
SessionPaths, innatarasyan:   	Got exclusive lock of /home/user/PhpstormProjects/CryptoTrading/bot.madeline/safe.php.lock...
SessionPaths, innatarasyan:   	Waiting for exclusive lock of /home/user/PhpstormProjects/CryptoTrading/bot.madeline/lightState.php.lock...
SessionPaths, innatarasyan:   	Got exclusive lock of /home/user/PhpstormProjects/CryptoTrading/bot.madeline/lightState.php.lock...
APIWrapper, innatarasyan:     	Saved session!
UpdateHandler, innatarasyan:  	Parsing updates (updateShort) received via the socket...
FeedLoop, innatarasyan:       	Resumed update feed loop generic
UpdateHandler, innatarasyan:  	Saving update of type updateUserStatus
UpdateHandler, innatarasyan:  	Parsing updates (updateShort) received via the socket...
FeedLoop, innatarasyan:       	Resumed update feed loop generic
UpdateHandler, innatarasyan:  	Saving update of type updateUserStatus
UpdateHandler, innatarasyan:  	Parsing updates (updateShort) received via the socket...
FeedLoop, innatarasyan:       	Resumed update feed loop generic
UpdateHandler, innatarasyan:  	Saving update of type updateUserStatus
SessionPaths, innatarasyan:   	Waiting for exclusive lock of /home/user/PhpstormProjects/CryptoTrading/bot.madeline/safe.php.lock...
SessionPaths, innatarasyan:   	Got exclusive lock of /home/user/PhpstormProjects/CryptoTrading/bot.madeline/safe.php.lock...
SessionPaths, innatarasyan:   	Waiting for exclusive lock of /home/user/PhpstormProjects/CryptoTrading/bot.madeline/lightState.php.lock...
SessionPaths, innatarasyan:   	Got exclusive lock of /home/user/PhpstormProjects/CryptoTrading/bot.madeline/lightState.php.lock...
APIWrapper, innatarasyan:     	Saved session!
UpdateHandler, innatarasyan:  	Parsing updates (updateShort) received via the socket...
FeedLoop, innatarasyan:       	Resumed update feed loop generic
UpdateHandler, innatarasyan:  	Saving update of type updateUserStatus
SessionPaths, innatarasyan:   	Waiting for exclusive lock of /home/user/PhpstormProjects/CryptoTrading/bot.madeline/safe.php.lock...
SessionPaths, innatarasyan:   	Got exclusive lock of /home/user/PhpstormProjects/CryptoTrading/bot.madeline/safe.php.lock...
SessionPaths, innatarasyan:   	Waiting for exclusive lock of /home/user/PhpstormProjects/CryptoTrading/bot.madeline/lightState.php.lock...
SessionPaths, innatarasyan:   	Got exclusive lock of /home/user/PhpstormProjects/CryptoTrading/bot.madeline/lightState.php.lock...
APIWrapper, innatarasyan:     	Saved session!
SessionPaths, innatarasyan:   	Waiting for exclusive lock of /home/user/PhpstormProjects/CryptoTrading/bot.madeline/safe.php.lock...
SessionPaths, innatarasyan:   	Got exclusive lock of /home/user/PhpstormProjects/CryptoTrading/bot.madeline/safe.php.lock...
SessionPaths, innatarasyan:   	Waiting for exclusive lock of /home/user/PhpstormProjects/CryptoTrading/bot.madeline/lightState.php.lock...
SessionPaths, innatarasyan:   	Got exclusive lock of /home/user/PhpstormProjects/CryptoTrading/bot.madeline/lightState.php.lock...
APIWrapper, innatarasyan:     	Saved session!
UpdateHandler, innatarasyan:  	Parsing updates (updateShort) received via the socket...
FeedLoop, innatarasyan:       	Resumed update feed loop generic
UpdateHandler, innatarasyan:  	Saving update of type updateUserStatus
SessionPaths, innatarasyan:   	Waiting for exclusive lock of /home/user/PhpstormProjects/CryptoTrading/bot.madeline/safe.php.lock...
SessionPaths, innatarasyan:   	Got exclusive lock of /home/user/PhpstormProjects/CryptoTrading/bot.madeline/safe.php.lock...
SessionPaths, innatarasyan:   	Waiting for exclusive lock of /home/user/PhpstormProjects/CryptoTrading/bot.madeline/lightState.php.lock...
SessionPaths, innatarasyan:   	Got exclusive lock of /home/user/PhpstormProjects/CryptoTrading/bot.madeline/lightState.php.lock...
APIWrapper, innatarasyan:     	Saved session!
UpdateHandler, innatarasyan:  	Parsing updates (updateShort) received via the socket...
FeedLoop, innatarasyan:       	Resumed update feed loop generic
UpdateHandler, innatarasyan:  	Saving update of type updateUserStatus
UpdateHandler, innatarasyan:  	Parsing updates (updateShort) received via the socket...
FeedLoop, innatarasyan:       	Resumed update feed loop generic
UpdateHandler, innatarasyan:  	Saving update of type updateUserStatus
SessionPaths, innatarasyan:   	Waiting for exclusive lock of /home/user/PhpstormProjects/CryptoTrading/bot.madeline/safe.php.lock...
SessionPaths, innatarasyan:   	Got exclusive lock of /home/user/PhpstormProjects/CryptoTrading/bot.madeline/safe.php.lock...
SessionPaths, innatarasyan:   	Waiting for exclusive lock of /home/user/PhpstormProjects/CryptoTrading/bot.madeline/lightState.php.lock...
SessionPaths, innatarasyan:   	Got exclusive lock of /home/user/PhpstormProjects/CryptoTrading/bot.madeline/lightState.php.lock...
APIWrapper, innatarasyan:     	Saved session!
UpdateHandler, innatarasyan:  	Parsing updates (updateShort) received via the socket...
FeedLoop, innatarasyan:       	Resumed update feed loop generic
UpdateHandler, innatarasyan:  	Saving update of type updateUserStatus
UpdateHandler, innatarasyan:  	Parsing updates (updates) received via the socket...
SeqLoop, innatarasyan:        	Was fed updates of type updates...
UpdateHandler, innatarasyan:  	Parsing updates (updates) received via the socket...
SeqLoop, innatarasyan:        	Was fed updates of type updates...
FeedLoop, innatarasyan:       	Resumed update feed loop channel -1001290362028
UpdateHandler, innatarasyan:  	Saving update of type updateNewChannelMessage
FeedLoop, innatarasyan:       	Resumed update feed loop channel -1001290362028
UpdateHandler, innatarasyan:  	Parsing updates (updateShort) received via the socket...
FeedLoop, innatarasyan:       	Resumed update feed loop generic
UpdateHandler, innatarasyan:  	Saving update of type updateUserStatus
MinDatabase, innatarasyan:    	Found 2 pending contexts
UpdateHandler, innatarasyan:  	Parsing updates (updates) received via the socket...
SeqLoop, innatarasyan:        	Was fed updates of type updates...
UpdateHandler, innatarasyan:  	Parsing updates (updates) received via the socket...
SeqLoop, innatarasyan:        	Was fed updates of type updates...
FeedLoop, innatarasyan:       	Resumed update feed loop generic
UpdateHandler, innatarasyan:  	Saving update of type updateMessagePoll
UpdateHandler, innatarasyan:  	Saving update of type updateMessagePoll
UpdateHandler, innatarasyan:  	Parsing updates (updateShort) received via the socket...
UpdateHandler, innatarasyan:  	Parsing updates (updateShort) received via the socket...
FeedLoop, innatarasyan:       	Resumed update feed loop channel -1001290362028
UpdateHandler, innatarasyan:  	Saving update of type updateDeleteChannelMessages
SessionPaths, innatarasyan:   	Waiting for exclusive lock of /home/user/PhpstormProjects/CryptoTrading/bot.madeline/safe.php.lock...
SessionPaths, innatarasyan:   	Got exclusive lock of /home/user/PhpstormProjects/CryptoTrading/bot.madeline/safe.php.lock...
SessionPaths, innatarasyan:   	Waiting for exclusive lock of /home/user/PhpstormProjects/CryptoTrading/bot.madeline/lightState.php.lock...
SessionPaths, innatarasyan:   	Got exclusive lock of /home/user/PhpstormProjects/CryptoTrading/bot.madeline/lightState.php.lock...
APIWrapper, innatarasyan:     	Saved session!
UpdateHandler, innatarasyan:  	Parsing updates (updates) received via the socket...
SeqLoop, innatarasyan:        	Was fed updates of type updates...
UpdateHandler, innatarasyan:  	Parsing updates (updates) received via the socket...
SeqLoop, innatarasyan:        	Was fed updates of type updates...
FeedLoop, innatarasyan:       	Resumed update feed loop channel -1001290362028
UpdateHandler, innatarasyan:  	Saving update of type updateNewChannelMessage
FeedLoop, innatarasyan:       	Resumed update feed loop channel -1001290362028
SessionPaths, innatarasyan:   	Waiting for exclusive lock of /home/user/PhpstormProjects/CryptoTrading/bot.madeline/safe.php.lock...
SessionPaths, innatarasyan:   	Got exclusive lock of /home/user/PhpstormProjects/CryptoTrading/bot.madeline/safe.php.lock...
SessionPaths, innatarasyan:   	Waiting for exclusive lock of /home/user/PhpstormProjects/CryptoTrading/bot.madeline/lightState.php.lock...
SessionPaths, innatarasyan:   	Got exclusive lock of /home/user/PhpstormProjects/CryptoTrading/bot.madeline/lightState.php.lock...
APIWrapper, innatarasyan:     	Saved session!
UpdateHandler, innatarasyan:  	Parsing updates (updateShort) received via the socket...
FeedLoop, innatarasyan:       	Resumed update feed loop channel -1001290362028
UpdateHandler, innatarasyan:  	Saving update of type updateDeleteChannelMessages
FeedLoop, innatarasyan:       	Resumed update feed loop channel -1001290362028
UpdateHandler, innatarasyan:  	Saving update of type updateDeleteChannelMessages
UpdateHandler, innatarasyan:  	Parsing updates (updates) received via the socket...
SeqLoop, innatarasyan:        	Was fed updates of type updates...
FeedLoop, innatarasyan:       	Resumed update feed loop channel -1001290362028
UpdateHandler, innatarasyan:  	Saving update of type updateNewChannelMessage
UpdateHandler, innatarasyan:  	Parsing updates (updateShort) received via the socket...
FeedLoop, innatarasyan:       	Resumed update feed loop channel -1001290362028
UpdateHandler, innatarasyan:  	Saving update of type updateDeleteChannelMessages
FeedLoop, innatarasyan:       	Resumed update feed loop channel -1001290362028
UpdateHandler, innatarasyan:  	Saving update of type updateDeleteChannelMessages
SessionPaths, innatarasyan:   	Waiting for exclusive lock of /home/user/PhpstormProjects/CryptoTrading/bot.madeline/safe.php.lock...
SessionPaths, innatarasyan:   	Got exclusive lock of /home/user/PhpstormProjects/CryptoTrading/bot.madeline/safe.php.lock...
SessionPaths, innatarasyan:   	Waiting for exclusive lock of /home/user/PhpstormProjects/CryptoTrading/bot.madeline/lightState.php.lock...
SessionPaths, innatarasyan:   	Got exclusive lock of /home/user/PhpstormProjects/CryptoTrading/bot.madeline/lightState.php.lock...
APIWrapper, innatarasyan:     	Saved session!
UpdateHandler, innatarasyan:  	Parsing updates (updateShort) received via the socket...
FeedLoop, innatarasyan:       	Resumed update feed loop generic
UpdateHandler, innatarasyan:  	Saving update of type updateUserStatus
UpdateHandler, innatarasyan:  	Parsing updates (updateShort) received via the socket...
FeedLoop, innatarasyan:       	Resumed update feed loop generic
UpdateHandler, innatarasyan:  	Saving update of type updateUserStatus
SessionPaths, innatarasyan:   	Waiting for exclusive lock of /home/user/PhpstormProjects/CryptoTrading/bot.madeline/safe.php.lock...
SessionPaths, innatarasyan:   	Got exclusive lock of /home/user/PhpstormProjects/CryptoTrading/bot.madeline/safe.php.lock...
SessionPaths, innatarasyan:   	Waiting for exclusive lock of /home/user/PhpstormProjects/CryptoTrading/bot.madeline/lightState.php.lock...
SessionPaths, innatarasyan:   	Got exclusive lock of /home/user/PhpstormProjects/CryptoTrading/bot.madeline/lightState.php.lock...
APIWrapper, innatarasyan:     	Saved session!
UpdateHandler, innatarasyan:  	Parsing updates (updateShort) received via the socket...
FeedLoop, innatarasyan:       	Resumed update feed loop generic
UpdateHandler, innatarasyan:  	Saving update of type updateUserStatus
SessionPaths, innatarasyan:   	Waiting for exclusive lock of /home/user/PhpstormProjects/CryptoTrading/bot.madeline/safe.php.lock...
SessionPaths, innatarasyan:   	Got exclusive lock of /home/user/PhpstormProjects/CryptoTrading/bot.madeline/safe.php.lock...
SessionPaths, innatarasyan:   	Waiting for exclusive lock of /home/user/PhpstormProjects/CryptoTrading/bot.madeline/lightState.php.lock...
SessionPaths, innatarasyan:   	Got exclusive lock of /home/user/PhpstormProjects/CryptoTrading/bot.madeline/lightState.php.lock...
APIWrapper, innatarasyan:     	Saved session!
SessionPaths, innatarasyan:   	Waiting for exclusive lock of /home/user/PhpstormProjects/CryptoTrading/bot.madeline/safe.php.lock...
SessionPaths, innatarasyan:   	Got exclusive lock of /home/user/PhpstormProjects/CryptoTrading/bot.madeline/safe.php.lock...
SessionPaths, innatarasyan:   	Waiting for exclusive lock of /home/user/PhpstormProjects/CryptoTrading/bot.madeline/lightState.php.lock...
SessionPaths, innatarasyan:   	Got exclusive lock of /home/user/PhpstormProjects/CryptoTrading/bot.madeline/lightState.php.lock...
APIWrapper, innatarasyan:     	Saved session!
SessionPaths, innatarasyan:   	Waiting for exclusive lock of /home/user/PhpstormProjects/CryptoTrading/bot.madeline/safe.php.lock...
SessionPaths, innatarasyan:   	Got exclusive lock of /home/user/PhpstormProjects/CryptoTrading/bot.madeline/safe.php.lock...
SessionPaths, innatarasyan:   	Waiting for exclusive lock of /home/user/PhpstormProjects/CryptoTrading/bot.madeline/lightState.php.lock...
SessionPaths, innatarasyan:   	Got exclusive lock of /home/user/PhpstormProjects/CryptoTrading/bot.madeline/lightState.php.lock...
APIWrapper, innatarasyan:     	Saved session!
SessionPaths, innatarasyan:   	Waiting for exclusive lock of /home/user/PhpstormProjects/CryptoTrading/bot.madeline/safe.php.lock...
SessionPaths, innatarasyan:   	Got exclusive lock of /home/user/PhpstormProjects/CryptoTrading/bot.madeline/safe.php.lock...
SessionPaths, innatarasyan:   	Waiting for exclusive lock of /home/user/PhpstormProjects/CryptoTrading/bot.madeline/lightState.php.lock...
SessionPaths, innatarasyan:   	Got exclusive lock of /home/user/PhpstormProjects/CryptoTrading/bot.madeline/lightState.php.lock...
APIWrapper, innatarasyan:     	Saved session!
UpdateHandler, innatarasyan:  	Parsing updates (updateShort) received via the socket...
FeedLoop, innatarasyan:       	Resumed update feed loop generic
UpdateHandler, innatarasyan:  	Saving update of type updateUserStatus
UpdateHandler, innatarasyan:  	Parsing updates (updateShort) received via the socket...
FeedLoop, innatarasyan:       	Resumed update feed loop generic
UpdateHandler, innatarasyan:  	Saving update of type updateUserStatus
UpdateHandler, innatarasyan:  	Parsing updates (updateShort) received via the socket...
FeedLoop, innatarasyan:       	Resumed update feed loop generic
UpdateHandler, innatarasyan:  	Saving update of type updateUserStatus
UpdateHandler, innatarasyan:  	Parsing updates (updates) received via the socket...
SeqLoop, innatarasyan:        	Was fed updates of type updates...
UpdateHandler, innatarasyan:  	Parsing updates (updates) received via the socket...
SeqLoop, innatarasyan:        	Was fed updates of type updates...
FeedLoop, innatarasyan:       	Resumed update feed loop channel -1001290362028
UpdateHandler, innatarasyan:  	Saving update of type updateNewChannelMessage
FeedLoop, innatarasyan:       	Resumed update feed loop channel -1001290362028
SessionPaths, innatarasyan:   	Waiting for exclusive lock of /home/user/PhpstormProjects/CryptoTrading/bot.madeline/safe.php.lock...
SessionPaths, innatarasyan:   	Got exclusive lock of /home/user/PhpstormProjects/CryptoTrading/bot.madeline/safe.php.lock...
SessionPaths, innatarasyan:   	Waiting for exclusive lock of /home/user/PhpstormProjects/CryptoTrading/bot.madeline/lightState.php.lock...
SessionPaths, innatarasyan:   	Got exclusive lock of /home/user/PhpstormProjects/CryptoTrading/bot.madeline/lightState.php.lock...
APIWrapper, innatarasyan:     	Saved session!
UpdateHandler, innatarasyan:  	Parsing updates (updateShort) received via the socket...
FeedLoop, innatarasyan:       	Resumed update feed loop channel -1001290362028
UpdateHandler, innatarasyan:  	Saving update of type updateDeleteChannelMessages
UpdateHandler, innatarasyan:  	Parsing updates (updateShort) received via the socket...
FeedLoop, innatarasyan:       	Resumed update feed loop channel -1001290362028
SessionPaths, innatarasyan:   	Waiting for exclusive lock of /home/user/PhpstormProjects/CryptoTrading/bot.madeline/safe.php.lock...
SessionPaths, innatarasyan:   	Got exclusive lock of /home/user/PhpstormProjects/CryptoTrading/bot.madeline/safe.php.lock...
SessionPaths, innatarasyan:   	Waiting for exclusive lock of /home/user/PhpstormProjects/CryptoTrading/bot.madeline/lightState.php.lock...
SessionPaths, innatarasyan:   	Got exclusive lock of /home/user/PhpstormProjects/CryptoTrading/bot.madeline/lightState.php.lock...
APIWrapper, innatarasyan:     	Saved session!
UpdateHandler, innatarasyan:  	Parsing updates (updateShort) received via the socket...
FeedLoop, innatarasyan:       	Resumed update feed loop generic
UpdateHandler, innatarasyan:  	Saving update of type updateUserStatus
SessionPaths, innatarasyan:   	Waiting for exclusive lock of /home/user/PhpstormProjects/CryptoTrading/bot.madeline/safe.php.lock...
SessionPaths, innatarasyan:   	Got exclusive lock of /home/user/PhpstormProjects/CryptoTrading/bot.madeline/safe.php.lock...
SessionPaths, innatarasyan:   	Waiting for exclusive lock of /home/user/PhpstormProjects/CryptoTrading/bot.madeline/lightState.php.lock...
SessionPaths, innatarasyan:   	Got exclusive lock of /home/user/PhpstormProjects/CryptoTrading/bot.madeline/lightState.php.lock...
APIWrapper, innatarasyan:     	Saved session!
SessionPaths, innatarasyan:   	Waiting for exclusive lock of /home/user/PhpstormProjects/CryptoTrading/bot.madeline/safe.php.lock...
SessionPaths, innatarasyan:   	Got exclusive lock of /home/user/PhpstormProjects/CryptoTrading/bot.madeline/safe.php.lock...
SessionPaths, innatarasyan:   	Waiting for exclusive lock of /home/user/PhpstormProjects/CryptoTrading/bot.madeline/lightState.php.lock...
SessionPaths, innatarasyan:   	Got exclusive lock of /home/user/PhpstormProjects/CryptoTrading/bot.madeline/lightState.php.lock...
APIWrapper, innatarasyan:     	Saved session!
UpdateHandler, innatarasyan:  	Parsing updates (updateShort) received via the socket...
FeedLoop, innatarasyan:       	Resumed update feed loop generic
UpdateHandler, innatarasyan:  	Saving update of type updateUserStatus
SessionPaths, innatarasyan:   	Waiting for exclusive lock of /home/user/PhpstormProjects/CryptoTrading/bot.madeline/safe.php.lock...
SessionPaths, innatarasyan:   	Got exclusive lock of /home/user/PhpstormProjects/CryptoTrading/bot.madeline/safe.php.lock...
SessionPaths, innatarasyan:   	Waiting for exclusive lock of /home/user/PhpstormProjects/CryptoTrading/bot.madeline/lightState.php.lock...
SessionPaths, innatarasyan:   	Got exclusive lock of /home/user/PhpstormProjects/CryptoTrading/bot.madeline/lightState.php.lock...
APIWrapper, innatarasyan:     	Saved session!
SessionPaths, innatarasyan:   	Waiting for exclusive lock of /home/user/PhpstormProjects/CryptoTrading/bot.madeline/safe.php.lock...
SessionPaths, innatarasyan:   	Got exclusive lock of /home/user/PhpstormProjects/CryptoTrading/bot.madeline/safe.php.lock...
SessionPaths, innatarasyan:   	Waiting for exclusive lock of /home/user/PhpstormProjects/CryptoTrading/bot.madeline/lightState.php.lock...
SessionPaths, innatarasyan:   	Got exclusive lock of /home/user/PhpstormProjects/CryptoTrading/bot.madeline/lightState.php.lock...
APIWrapper, innatarasyan:     	Saved session!
UpdateHandler, innatarasyan:  	Parsing updates (updates) received via the socket...
SeqLoop, innatarasyan:        	Was fed updates of type updates...
FeedLoop, innatarasyan:       	Resumed update feed loop channel -1001290362028
UpdateHandler, innatarasyan:  	Saving update of type updateNewChannelMessage
UpdateHandler, innatarasyan:  	Parsing updates (updates) received via the socket...
SeqLoop, innatarasyan:        	Was fed updates of type updates...
FeedLoop, innatarasyan:       	Resumed update feed loop channel -1001290362028
UpdateHandler, innatarasyan:  	Parsing updates (updateShort) received via the socket...
FeedLoop, innatarasyan:       	Resumed update feed loop channel -1001290362028
UpdateHandler, innatarasyan:  	Saving update of type updateDeleteChannelMessages
UpdateHandler, innatarasyan:  	Parsing updates (updates) received via the socket...
SeqLoop, innatarasyan:        	Was fed updates of type updates...
UpdateHandler, innatarasyan:  	Parsing updates (updateShort) received via the socket...
FeedLoop, innatarasyan:       	Resumed update feed loop channel -1001290362028
UpdateHandler, innatarasyan:  	Saving update of type updateNewChannelMessage
UpdateHandler, innatarasyan:  	Parsing updates (updates) received via the socket...
SeqLoop, innatarasyan:        	Was fed updates of type updates...
FeedLoop, innatarasyan:       	Resumed update feed loop channel -1001290362028
UpdateHandler, innatarasyan:  	Parsing updates (updateShort) received via the socket...
FeedLoop, innatarasyan:       	Resumed update feed loop channel -1001290362028
UpdateHandler, innatarasyan:  	Saving update of type updateDeleteChannelMessages
UpdateHandler, innatarasyan:  	Parsing updates (updateShort) received via the socket...
FeedLoop, innatarasyan:       	Resumed update feed loop channel -1001290362028
MinDatabase, innatarasyan:    	Found 1 pending contexts
UpdateHandler, innatarasyan:  	Parsing updates (updates) received via the socket...
SeqLoop, innatarasyan:        	Was fed updates of type updates...
FeedLoop, innatarasyan:       	Resumed update feed loop generic
UpdateHandler, innatarasyan:  	Saving update of type updateMessagePoll
SessionPaths, innatarasyan:   	Waiting for exclusive lock of /home/user/PhpstormProjects/CryptoTrading/bot.madeline/safe.php.lock...
SessionPaths, innatarasyan:   	Got exclusive lock of /home/user/PhpstormProjects/CryptoTrading/bot.madeline/safe.php.lock...
SessionPaths, innatarasyan:   	Waiting for exclusive lock of /home/user/PhpstormProjects/CryptoTrading/bot.madeline/lightState.php.lock...
SessionPaths, innatarasyan:   	Got exclusive lock of /home/user/PhpstormProjects/CryptoTrading/bot.madeline/lightState.php.lock...
APIWrapper, innatarasyan:     	Saved session!
MinDatabase, innatarasyan:    	Found 1 pending contexts
UpdateHandler, innatarasyan:  	Parsing updates (updates) received via the socket...
SeqLoop, innatarasyan:        	Was fed updates of type updates...
FeedLoop, innatarasyan:       	Resumed update feed loop generic
UpdateHandler, innatarasyan:  	Saving update of type updateMessagePoll
SessionPaths, innatarasyan:   	Waiting for exclusive lock of /home/user/PhpstormProjects/CryptoTrading/bot.madeline/safe.php.lock...
SessionPaths, innatarasyan:   	Got exclusive lock of /home/user/PhpstormProjects/CryptoTrading/bot.madeline/safe.php.lock...
SessionPaths, innatarasyan:   	Waiting for exclusive lock of /home/user/PhpstormProjects/CryptoTrading/bot.madeline/lightState.php.lock...
SessionPaths, innatarasyan:   	Got exclusive lock of /home/user/PhpstormProjects/CryptoTrading/bot.madeline/lightState.php.lock...
APIWrapper, innatarasyan:     	Saved session!
UpdateHandler, innatarasyan:  	Parsing updates (updates) received via the socket...
SeqLoop, innatarasyan:        	Was fed updates of type updates...
UpdateHandler, innatarasyan:  	Parsing updates (updates) received via the socket...
SeqLoop, innatarasyan:        	Was fed updates of type updates...
FeedLoop, innatarasyan:       	Resumed update feed loop channel -1001290362028
UpdateHandler, innatarasyan:  	Saving update of type updateNewChannelMessage
FeedLoop, innatarasyan:       	Resumed update feed loop channel -1001290362028
SessionPaths, innatarasyan:   	Waiting for exclusive lock of /home/user/PhpstormProjects/CryptoTrading/bot.madeline/safe.php.lock...
SessionPaths, innatarasyan:   	Got exclusive lock of /home/user/PhpstormProjects/CryptoTrading/bot.madeline/safe.php.lock...
SessionPaths, innatarasyan:   	Waiting for exclusive lock of /home/user/PhpstormProjects/CryptoTrading/bot.madeline/lightState.php.lock...
SessionPaths, innatarasyan:   	Got exclusive lock of /home/user/PhpstormProjects/CryptoTrading/bot.madeline/lightState.php.lock...
APIWrapper, innatarasyan:     	Saved session!
UpdateHandler, innatarasyan:  	Parsing updates (updateShort) received via the socket...
UpdateHandler, innatarasyan:  	Parsing updates (updateShort) received via the socket...
FeedLoop, innatarasyan:       	Resumed update feed loop channel -1001290362028
UpdateHandler, innatarasyan:  	Saving update of type updateDeleteChannelMessages
UpdateHandler, innatarasyan:  	Parsing updates (updateShort) received via the socket...
FeedLoop, innatarasyan:       	Resumed update feed loop generic
UpdateHandler, innatarasyan:  	Saving update of type updateUserStatus
SessionPaths, innatarasyan:   	Waiting for exclusive lock of /home/user/PhpstormProjects/CryptoTrading/bot.madeline/safe.php.lock...
SessionPaths, innatarasyan:   	Got exclusive lock of /home/user/PhpstormProjects/CryptoTrading/bot.madeline/safe.php.lock...
SessionPaths, innatarasyan:   	Waiting for exclusive lock of /home/user/PhpstormProjects/CryptoTrading/bot.madeline/lightState.php.lock...
SessionPaths, innatarasyan:   	Got exclusive lock of /home/user/PhpstormProjects/CryptoTrading/bot.madeline/lightState.php.lock...
APIWrapper, innatarasyan:     	Saved session!
UpdateHandler, innatarasyan:  	Parsing updates (updateShort) received via the socket...
FeedLoop, innatarasyan:       	Resumed update feed loop generic
UpdateHandler, innatarasyan:  	Saving update of type updateUserStatus
SessionPaths, innatarasyan:   	Waiting for exclusive lock of /home/user/PhpstormProjects/CryptoTrading/bot.madeline/safe.php.lock...
SessionPaths, innatarasyan:   	Got exclusive lock of /home/user/PhpstormProjects/CryptoTrading/bot.madeline/safe.php.lock...
SessionPaths, innatarasyan:   	Waiting for exclusive lock of /home/user/PhpstormProjects/CryptoTrading/bot.madeline/lightState.php.lock...
SessionPaths, innatarasyan:   	Got exclusive lock of /home/user/PhpstormProjects/CryptoTrading/bot.madeline/lightState.php.lock...
APIWrapper, innatarasyan:     	Saved session!
UpdateHandler, innatarasyan:  	Parsing updates (updates) received via the socket...
SeqLoop, innatarasyan:        	Was fed updates of type updates...
UpdateHandler, innatarasyan:  	Parsing updates (updates) received via the socket...
SeqLoop, innatarasyan:        	Was fed updates of type updates...
FeedLoop, innatarasyan:       	Resumed update feed loop channel -1001290362028
UpdateHandler, innatarasyan:  	Saving update of type updateNewChannelMessage
FeedLoop, innatarasyan:       	Resumed update feed loop channel -1001290362028
UpdateHandler, innatarasyan:  	Parsing updates (updateShort) received via the socket...
FeedLoop, innatarasyan:       	Resumed update feed loop generic
UpdateHandler, innatarasyan:  	Saving update of type updateUserStatus
UpdateHandler, innatarasyan:  	Parsing updates (updateShort) received via the socket...
FeedLoop, innatarasyan:       	Resumed update feed loop generic
UpdateHandler, innatarasyan:  	Saving update of type updateUserStatus
UpdateHandler, innatarasyan:  	Parsing updates (updateShort) received via the socket...
FeedLoop, innatarasyan:       	Resumed update feed loop generic
UpdateHandler, innatarasyan:  	Saving update of type updateUserStatus
UpdateHandler, innatarasyan:  	Parsing updates (updateShort) received via the socket...
FeedLoop, innatarasyan:       	Resumed update feed loop channel -1001290362028
UpdateHandler, innatarasyan:  	Saving update of type updateDeleteChannelMessages
SessionPaths, innatarasyan:   	Waiting for exclusive lock of /home/user/PhpstormProjects/CryptoTrading/bot.madeline/safe.php.lock...
SessionPaths, innatarasyan:   	Got exclusive lock of /home/user/PhpstormProjects/CryptoTrading/bot.madeline/safe.php.lock...
SessionPaths, innatarasyan:   	Waiting for exclusive lock of /home/user/PhpstormProjects/CryptoTrading/bot.madeline/lightState.php.lock...
SessionPaths, innatarasyan:   	Got exclusive lock of /home/user/PhpstormProjects/CryptoTrading/bot.madeline/lightState.php.lock...
APIWrapper, innatarasyan:     	Saved session!
MinDatabase, innatarasyan:    	Found 1 pending contexts
UpdateHandler, innatarasyan:  	Parsing updates (updateShort) received via the socket...
UpdateHandler, innatarasyan:  	Parsing updates (updates) received via the socket...
SeqLoop, innatarasyan:        	Was fed updates of type updates...
FeedLoop, innatarasyan:       	Resumed update feed loop channel -1001290362028
FeedLoop, innatarasyan:       	Resumed update feed loop generic
UpdateHandler, innatarasyan:  	Saving update of type updateMessagePoll
SessionPaths, innatarasyan:   	Waiting for exclusive lock of /home/user/PhpstormProjects/CryptoTrading/bot.madeline/safe.php.lock...
SessionPaths, innatarasyan:   	Got exclusive lock of /home/user/PhpstormProjects/CryptoTrading/bot.madeline/safe.php.lock...
SessionPaths, innatarasyan:   	Waiting for exclusive lock of /home/user/PhpstormProjects/CryptoTrading/bot.madeline/lightState.php.lock...
SessionPaths, innatarasyan:   	Got exclusive lock of /home/user/PhpstormProjects/CryptoTrading/bot.madeline/lightState.php.lock...
APIWrapper, innatarasyan:     	Saved session!
UpdateHandler, innatarasyan:  	Parsing updates (updateShort) received via the socket...
FeedLoop, innatarasyan:       	Resumed update feed loop generic
UpdateHandler, innatarasyan:  	Saving update of type updateUserStatus
UpdateHandler, innatarasyan:  	Parsing updates (updateShort) received via the socket...
FeedLoop, innatarasyan:       	Resumed update feed loop generic
UpdateHandler, innatarasyan:  	Saving update of type updateUserStatus
UpdateHandler, innatarasyan:  	Parsing updates (updateShort) received via the socket...
FeedLoop, innatarasyan:       	Resumed update feed loop generic
UpdateHandler, innatarasyan:  	Saving update of type updateUserStatus
SessionPaths, innatarasyan:   	Waiting for exclusive lock of /home/user/PhpstormProjects/CryptoTrading/bot.madeline/safe.php.lock...
SessionPaths, innatarasyan:   	Got exclusive lock of /home/user/PhpstormProjects/CryptoTrading/bot.madeline/safe.php.lock...
SessionPaths, innatarasyan:   	Waiting for exclusive lock of /home/user/PhpstormProjects/CryptoTrading/bot.madeline/lightState.php.lock...
SessionPaths, innatarasyan:   	Got exclusive lock of /home/user/PhpstormProjects/CryptoTrading/bot.madeline/lightState.php.lock...
APIWrapper, innatarasyan:     	Saved session!
SessionPaths, innatarasyan:   	Waiting for exclusive lock of /home/user/PhpstormProjects/CryptoTrading/bot.madeline/safe.php.lock...
SessionPaths, innatarasyan:   	Got exclusive lock of /home/user/PhpstormProjects/CryptoTrading/bot.madeline/safe.php.lock...
SessionPaths, innatarasyan:   	Waiting for exclusive lock of /home/user/PhpstormProjects/CryptoTrading/bot.madeline/lightState.php.lock...
SessionPaths, innatarasyan:   	Got exclusive lock of /home/user/PhpstormProjects/CryptoTrading/bot.madeline/lightState.php.lock...
APIWrapper, innatarasyan:     	Saved session!
UpdateHandler, innatarasyan:  	Parsing updates (updateShort) received via the socket...
FeedLoop, innatarasyan:       	Resumed update feed loop generic
UpdateHandler, innatarasyan:  	Saving update of type updateUserStatus
UpdateHandler, innatarasyan:  	Parsing updates (updateShort) received via the socket...
FeedLoop, innatarasyan:       	Resumed update feed loop generic
UpdateHandler, innatarasyan:  	Saving update of type updateUserStatus
SessionPaths, innatarasyan:   	Waiting for exclusive lock of /home/user/PhpstormProjects/CryptoTrading/bot.madeline/safe.php.lock...
SessionPaths, innatarasyan:   	Got exclusive lock of /home/user/PhpstormProjects/CryptoTrading/bot.madeline/safe.php.lock...
SessionPaths, innatarasyan:   	Waiting for exclusive lock of /home/user/PhpstormProjects/CryptoTrading/bot.madeline/lightState.php.lock...
SessionPaths, innatarasyan:   	Got exclusive lock of /home/user/PhpstormProjects/CryptoTrading/bot.madeline/lightState.php.lock...
APIWrapper, innatarasyan:     	Saved session!
SessionPaths, innatarasyan:   	Waiting for exclusive lock of /home/user/PhpstormProjects/CryptoTrading/bot.madeline/safe.php.lock...
SessionPaths, innatarasyan:   	Got exclusive lock of /home/user/PhpstormProjects/CryptoTrading/bot.madeline/safe.php.lock...
SessionPaths, innatarasyan:   	Waiting for exclusive lock of /home/user/PhpstormProjects/CryptoTrading/bot.madeline/lightState.php.lock...
SessionPaths, innatarasyan:   	Got exclusive lock of /home/user/PhpstormProjects/CryptoTrading/bot.madeline/lightState.php.lock...
APIWrapper, innatarasyan:     	Saved session!
UpdateHandler, innatarasyan:  	Parsing updates (updateShort) received via the socket...
FeedLoop, innatarasyan:       	Resumed update feed loop generic
UpdateHandler, innatarasyan:  	Saving update of type updateUserStatus
SessionPaths, innatarasyan:   	Waiting for exclusive lock of /home/user/PhpstormProjects/CryptoTrading/bot.madeline/safe.php.lock...
SessionPaths, innatarasyan:   	Got exclusive lock of /home/user/PhpstormProjects/CryptoTrading/bot.madeline/safe.php.lock...
SessionPaths, innatarasyan:   	Waiting for exclusive lock of /home/user/PhpstormProjects/CryptoTrading/bot.madeline/lightState.php.lock...
SessionPaths, innatarasyan:   	Got exclusive lock of /home/user/PhpstormProjects/CryptoTrading/bot.madeline/lightState.php.lock...
APIWrapper, innatarasyan:     	Saved session!
UpdateHandler, innatarasyan:  	Parsing updates (updateShort) received via the socket...
FeedLoop, innatarasyan:       	Resumed update feed loop generic
UpdateHandler, innatarasyan:  	Saving update of type updateUserStatus
UpdateHandler, innatarasyan:  	Parsing updates (updateShort) received via the socket...
FeedLoop, innatarasyan:       	Resumed update feed loop generic
UpdateHandler, innatarasyan:  	Saving update of type updateUserStatus
UpdateHandler, innatarasyan:  	Parsing updates (updateShort) received via the socket...
FeedLoop, innatarasyan:       	Resumed update feed loop generic
UpdateHandler, innatarasyan:  	Saving update of type updateUserStatus
UpdateHandler, innatarasyan:  	Parsing updates (updateShort) received via the socket...
FeedLoop, innatarasyan:       	Resumed update feed loop generic
UpdateHandler, innatarasyan:  	Saving update of type updateUserStatus
SessionPaths, innatarasyan:   	Waiting for exclusive lock of /home/user/PhpstormProjects/CryptoTrading/bot.madeline/safe.php.lock...
SessionPaths, innatarasyan:   	Got exclusive lock of /home/user/PhpstormProjects/CryptoTrading/bot.madeline/safe.php.lock...
SessionPaths, innatarasyan:   	Waiting for exclusive lock of /home/user/PhpstormProjects/CryptoTrading/bot.madeline/lightState.php.lock...
SessionPaths, innatarasyan:   	Got exclusive lock of /home/user/PhpstormProjects/CryptoTrading/bot.madeline/lightState.php.lock...
APIWrapper, innatarasyan:     	Saved session!
SessionPaths, innatarasyan:   	Waiting for exclusive lock of /home/user/PhpstormProjects/CryptoTrading/bot.madeline/safe.php.lock...
SessionPaths, innatarasyan:   	Got exclusive lock of /home/user/PhpstormProjects/CryptoTrading/bot.madeline/safe.php.lock...
SessionPaths, innatarasyan:   	Waiting for exclusive lock of /home/user/PhpstormProjects/CryptoTrading/bot.madeline/lightState.php.lock...
SessionPaths, innatarasyan:   	Got exclusive lock of /home/user/PhpstormProjects/CryptoTrading/bot.madeline/lightState.php.lock...
APIWrapper, innatarasyan:     	Saved session!
SessionPaths, innatarasyan:   	Waiting for exclusive lock of /home/user/PhpstormProjects/CryptoTrading/bot.madeline/safe.php.lock...
SessionPaths, innatarasyan:   	Got exclusive lock of /home/user/PhpstormProjects/CryptoTrading/bot.madeline/safe.php.lock...
SessionPaths, innatarasyan:   	Waiting for exclusive lock of /home/user/PhpstormProjects/CryptoTrading/bot.madeline/lightState.php.lock...
SessionPaths, innatarasyan:   	Got exclusive lock of /home/user/PhpstormProjects/CryptoTrading/bot.madeline/lightState.php.lock...
APIWrapper, innatarasyan:     	Saved session!
UpdateHandler, innatarasyan:  	Parsing updates (updateShort) received via the socket...
FeedLoop, innatarasyan:       	Resumed update feed loop generic
UpdateHandler, innatarasyan:  	Saving update of type updateUserStatus
SessionPaths, innatarasyan:   	Waiting for exclusive lock of /home/user/PhpstormProjects/CryptoTrading/bot.madeline/safe.php.lock...
SessionPaths, innatarasyan:   	Got exclusive lock of /home/user/PhpstormProjects/CryptoTrading/bot.madeline/safe.php.lock...
SessionPaths, innatarasyan:   	Waiting for exclusive lock of /home/user/PhpstormProjects/CryptoTrading/bot.madeline/lightState.php.lock...
SessionPaths, innatarasyan:   	Got exclusive lock of /home/user/PhpstormProjects/CryptoTrading/bot.madeline/lightState.php.lock...
APIWrapper, innatarasyan:     	Saved session!
UpdateHandler, innatarasyan:  	Parsing updates (updateShort) received via the socket...
FeedLoop, innatarasyan:       	Resumed update feed loop generic
UpdateHandler, innatarasyan:  	Saving update of type updateUserStatus
UpdateHandler, innatarasyan:  	Parsing updates (updateShort) received via the socket...
FeedLoop, innatarasyan:       	Resumed update feed loop generic
UpdateHandler, innatarasyan:  	Saving update of type updateUserStatus
UpdateHandler, innatarasyan:  	Parsing updates (updateShort) received via the socket...
FeedLoop, innatarasyan:       	Resumed update feed loop generic
UpdateHandler, innatarasyan:  	Saving update of type updateUserStatus
SessionPaths, innatarasyan:   	Waiting for exclusive lock of /home/user/PhpstormProjects/CryptoTrading/bot.madeline/safe.php.lock...
SessionPaths, innatarasyan:   	Got exclusive lock of /home/user/PhpstormProjects/CryptoTrading/bot.madeline/safe.php.lock...
SessionPaths, innatarasyan:   	Waiting for exclusive lock of /home/user/PhpstormProjects/CryptoTrading/bot.madeline/lightState.php.lock...
SessionPaths, innatarasyan:   	Got exclusive lock of /home/user/PhpstormProjects/CryptoTrading/bot.madeline/lightState.php.lock...
APIWrapper, innatarasyan:     	Saved session!
UpdateHandler, innatarasyan:  	Parsing updates (updateShort) received via the socket...
FeedLoop, innatarasyan:       	Resumed update feed loop generic
UpdateHandler, innatarasyan:  	Saving update of type updateUserStatus
UpdateHandler, innatarasyan:  	Parsing updates (updateShort) received via the socket...
FeedLoop, innatarasyan:       	Resumed update feed loop generic
UpdateHandler, innatarasyan:  	Saving update of type updateUserStatus
ResponseHandler, innatarasyan: 	Received bad_msg_notification: incorrect server salt (in this case, the bad_server_salt response is received with the correct salt, and the message is to be re-sent with it)
ResponseHandler, innatarasyan: 	Received bad_msg_notification: incorrect server salt (in this case, the bad_server_salt response is received with the correct salt, and the message is to be re-sent with it)
MTProto, innatarasyan:        	Updated config!
UpdateHandler, innatarasyan:  	Parsing updates (updateShort) received via the socket...
FeedLoop, innatarasyan:       	Resumed update feed loop generic
UpdateHandler, innatarasyan:  	Saving update of type updateUserStatus
SessionPaths, innatarasyan:   	Waiting for exclusive lock of /home/user/PhpstormProjects/CryptoTrading/bot.madeline/safe.php.lock...
SessionPaths, innatarasyan:   	Got exclusive lock of /home/user/PhpstormProjects/CryptoTrading/bot.madeline/safe.php.lock...
SessionPaths, innatarasyan:   	Waiting for exclusive lock of /home/user/PhpstormProjects/CryptoTrading/bot.madeline/lightState.php.lock...
SessionPaths, innatarasyan:   	Got exclusive lock of /home/user/PhpstormProjects/CryptoTrading/bot.madeline/lightState.php.lock...
APIWrapper, innatarasyan:     	Saved session!
UpdateHandler, innatarasyan:  	Parsing updates (updateShort) received via the socket...
FeedLoop, innatarasyan:       	Resumed update feed loop generic
UpdateHandler, innatarasyan:  	Saving update of type updateUserStatus
SessionPaths, innatarasyan:   	Waiting for exclusive lock of /home/user/PhpstormProjects/CryptoTrading/bot.madeline/safe.php.lock...
SessionPaths, innatarasyan:   	Got exclusive lock of /home/user/PhpstormProjects/CryptoTrading/bot.madeline/safe.php.lock...
SessionPaths, innatarasyan:   	Waiting for exclusive lock of /home/user/PhpstormProjects/CryptoTrading/bot.madeline/lightState.php.lock...
SessionPaths, innatarasyan:   	Got exclusive lock of /home/user/PhpstormProjects/CryptoTrading/bot.madeline/lightState.php.lock...
APIWrapper, innatarasyan:     	Saved session!
UpdateHandler, innatarasyan:  	Parsing updates (updateShort) received via the socket...
FeedLoop, innatarasyan:       	Resumed update feed loop generic
UpdateHandler, innatarasyan:  	Saving update of type updateUserStatus
SessionPaths, innatarasyan:   	Waiting for exclusive lock of /home/user/PhpstormProjects/CryptoTrading/bot.madeline/safe.php.lock...
SessionPaths, innatarasyan:   	Got exclusive lock of /home/user/PhpstormProjects/CryptoTrading/bot.madeline/safe.php.lock...
SessionPaths, innatarasyan:   	Waiting for exclusive lock of /home/user/PhpstormProjects/CryptoTrading/bot.madeline/lightState.php.lock...
SessionPaths, innatarasyan:   	Got exclusive lock of /home/user/PhpstormProjects/CryptoTrading/bot.madeline/lightState.php.lock...
APIWrapper, innatarasyan:     	Saved session!
SessionPaths, innatarasyan:   	Waiting for exclusive lock of /home/user/PhpstormProjects/CryptoTrading/bot.madeline/safe.php.lock...
SessionPaths, innatarasyan:   	Got exclusive lock of /home/user/PhpstormProjects/CryptoTrading/bot.madeline/safe.php.lock...
SessionPaths, innatarasyan:   	Waiting for exclusive lock of /home/user/PhpstormProjects/CryptoTrading/bot.madeline/lightState.php.lock...
SessionPaths, innatarasyan:   	Got exclusive lock of /home/user/PhpstormProjects/CryptoTrading/bot.madeline/lightState.php.lock...
APIWrapper, innatarasyan:     	Saved session!
UpdateHandler, innatarasyan:  	Parsing updates (updateShort) received via the socket...
FeedLoop, innatarasyan:       	Resumed update feed loop generic
UpdateHandler, innatarasyan:  	Saving update of type updateUserStatus
SessionPaths, innatarasyan:   	Waiting for exclusive lock of /home/user/PhpstormProjects/CryptoTrading/bot.madeline/safe.php.lock...
SessionPaths, innatarasyan:   	Got exclusive lock of /home/user/PhpstormProjects/CryptoTrading/bot.madeline/safe.php.lock...
SessionPaths, innatarasyan:   	Waiting for exclusive lock of /home/user/PhpstormProjects/CryptoTrading/bot.madeline/lightState.php.lock...
SessionPaths, innatarasyan:   	Got exclusive lock of /home/user/PhpstormProjects/CryptoTrading/bot.madeline/lightState.php.lock...
APIWrapper, innatarasyan:     	Saved session!
SessionPaths, innatarasyan:   	Waiting for exclusive lock of /home/user/PhpstormProjects/CryptoTrading/bot.madeline/safe.php.lock...
SessionPaths, innatarasyan:   	Got exclusive lock of /home/user/PhpstormProjects/CryptoTrading/bot.madeline/safe.php.lock...
SessionPaths, innatarasyan:   	Waiting for exclusive lock of /home/user/PhpstormProjects/CryptoTrading/bot.madeline/lightState.php.lock...
SessionPaths, innatarasyan:   	Got exclusive lock of /home/user/PhpstormProjects/CryptoTrading/bot.madeline/lightState.php.lock...
APIWrapper, innatarasyan:     	Saved session!
SessionPaths, innatarasyan:   	Waiting for exclusive lock of /home/user/PhpstormProjects/CryptoTrading/bot.madeline/safe.php.lock...
SessionPaths, innatarasyan:   	Got exclusive lock of /home/user/PhpstormProjects/CryptoTrading/bot.madeline/safe.php.lock...
SessionPaths, innatarasyan:   	Waiting for exclusive lock of /home/user/PhpstormProjects/CryptoTrading/bot.madeline/lightState.php.lock...
SessionPaths, innatarasyan:   	Got exclusive lock of /home/user/PhpstormProjects/CryptoTrading/bot.madeline/lightState.php.lock...
APIWrapper, innatarasyan:     	Saved session!
UpdateHandler, innatarasyan:  	Parsing updates (updateShort) received via the socket...
FeedLoop, innatarasyan:       	Resumed update feed loop generic
UpdateHandler, innatarasyan:  	Saving update of type updateUserStatus
SessionPaths, innatarasyan:   	Waiting for exclusive lock of /home/user/PhpstormProjects/CryptoTrading/bot.madeline/safe.php.lock...
SessionPaths, innatarasyan:   	Got exclusive lock of /home/user/PhpstormProjects/CryptoTrading/bot.madeline/safe.php.lock...
SessionPaths, innatarasyan:   	Waiting for exclusive lock of /home/user/PhpstormProjects/CryptoTrading/bot.madeline/lightState.php.lock...
SessionPaths, innatarasyan:   	Got exclusive lock of /home/user/PhpstormProjects/CryptoTrading/bot.madeline/lightState.php.lock...
APIWrapper, innatarasyan:     	Saved session!
UpdateHandler, innatarasyan:  	Parsing updates (updateShort) received via the socket...
FeedLoop, innatarasyan:       	Resumed update feed loop generic
UpdateHandler, innatarasyan:  	Saving update of type updateUserStatus
UpdateHandler, innatarasyan:  	Parsing updates (updateShort) received via the socket...
FeedLoop, innatarasyan:       	Resumed update feed loop generic
UpdateHandler, innatarasyan:  	Saving update of type updateUserStatus
SessionPaths, innatarasyan:   	Waiting for exclusive lock of /home/user/PhpstormProjects/CryptoTrading/bot.madeline/safe.php.lock...
SessionPaths, innatarasyan:   	Got exclusive lock of /home/user/PhpstormProjects/CryptoTrading/bot.madeline/safe.php.lock...
SessionPaths, innatarasyan:   	Waiting for exclusive lock of /home/user/PhpstormProjects/CryptoTrading/bot.madeline/lightState.php.lock...
SessionPaths, innatarasyan:   	Got exclusive lock of /home/user/PhpstormProjects/CryptoTrading/bot.madeline/lightState.php.lock...
APIWrapper, innatarasyan:     	Saved session!
SessionPaths, innatarasyan:   	Waiting for exclusive lock of /home/user/PhpstormProjects/CryptoTrading/bot.madeline/safe.php.lock...
SessionPaths, innatarasyan:   	Got exclusive lock of /home/user/PhpstormProjects/CryptoTrading/bot.madeline/safe.php.lock...
SessionPaths, innatarasyan:   	Waiting for exclusive lock of /home/user/PhpstormProjects/CryptoTrading/bot.madeline/lightState.php.lock...
SessionPaths, innatarasyan:   	Got exclusive lock of /home/user/PhpstormProjects/CryptoTrading/bot.madeline/lightState.php.lock...
APIWrapper, innatarasyan:     	Saved session!
SessionPaths, innatarasyan:   	Waiting for exclusive lock of /home/user/PhpstormProjects/CryptoTrading/bot.madeline/safe.php.lock...
SessionPaths, innatarasyan:   	Got exclusive lock of /home/user/PhpstormProjects/CryptoTrading/bot.madeline/safe.php.lock...
SessionPaths, innatarasyan:   	Waiting for exclusive lock of /home/user/PhpstormProjects/CryptoTrading/bot.madeline/lightState.php.lock...
SessionPaths, innatarasyan:   	Got exclusive lock of /home/user/PhpstormProjects/CryptoTrading/bot.madeline/lightState.php.lock...
APIWrapper, innatarasyan:     	Saved session!
UpdateHandler, innatarasyan:  	Parsing updates (updateShort) received via the socket...
FeedLoop, innatarasyan:       	Resumed update feed loop generic
UpdateHandler, innatarasyan:  	Saving update of type updateUserStatus
UpdateHandler, innatarasyan:  	Parsing updates (updateShort) received via the socket...
FeedLoop, innatarasyan:       	Resumed update feed loop generic
UpdateHandler, innatarasyan:  	Saving update of type updateUserStatus
SessionPaths, innatarasyan:   	Waiting for exclusive lock of /home/user/PhpstormProjects/CryptoTrading/bot.madeline/safe.php.lock...
SessionPaths, innatarasyan:   	Got exclusive lock of /home/user/PhpstormProjects/CryptoTrading/bot.madeline/safe.php.lock...
SessionPaths, innatarasyan:   	Waiting for exclusive lock of /home/user/PhpstormProjects/CryptoTrading/bot.madeline/lightState.php.lock...
SessionPaths, innatarasyan:   	Got exclusive lock of /home/user/PhpstormProjects/CryptoTrading/bot.madeline/lightState.php.lock...
APIWrapper, innatarasyan:     	Saved session!
SessionPaths, innatarasyan:   	Waiting for exclusive lock of /home/user/PhpstormProjects/CryptoTrading/bot.madeline/safe.php.lock...
SessionPaths, innatarasyan:   	Got exclusive lock of /home/user/PhpstormProjects/CryptoTrading/bot.madeline/safe.php.lock...
SessionPaths, innatarasyan:   	Waiting for exclusive lock of /home/user/PhpstormProjects/CryptoTrading/bot.madeline/lightState.php.lock...
SessionPaths, innatarasyan:   	Got exclusive lock of /home/user/PhpstormProjects/CryptoTrading/bot.madeline/lightState.php.lock...
APIWrapper, innatarasyan:     	Saved session!
SessionPaths, innatarasyan:   	Waiting for exclusive lock of /home/user/PhpstormProjects/CryptoTrading/bot.madeline/safe.php.lock...
SessionPaths, innatarasyan:   	Got exclusive lock of /home/user/PhpstormProjects/CryptoTrading/bot.madeline/safe.php.lock...
SessionPaths, innatarasyan:   	Waiting for exclusive lock of /home/user/PhpstormProjects/CryptoTrading/bot.madeline/lightState.php.lock...
SessionPaths, innatarasyan:   	Got exclusive lock of /home/user/PhpstormProjects/CryptoTrading/bot.madeline/lightState.php.lock...
APIWrapper, innatarasyan:     	Saved session!
UpdateHandler, innatarasyan:  	Parsing updates (updateShort) received via the socket...
FeedLoop, innatarasyan:       	Resumed update feed loop generic
UpdateHandler, innatarasyan:  	Saving update of type updateUserStatus
UpdateHandler, innatarasyan:  	Parsing updates (updateShort) received via the socket...
FeedLoop, innatarasyan:       	Resumed update feed loop generic
UpdateHandler, innatarasyan:  	Saving update of type updateUserStatus
UpdateHandler, innatarasyan:  	Parsing updates (updateShort) received via the socket...
FeedLoop, innatarasyan:       	Resumed update feed loop generic
UpdateHandler, innatarasyan:  	Saving update of type updateUserStatus
SessionPaths, innatarasyan:   	Waiting for exclusive lock of /home/user/PhpstormProjects/CryptoTrading/bot.madeline/safe.php.lock...
SessionPaths, innatarasyan:   	Got exclusive lock of /home/user/PhpstormProjects/CryptoTrading/bot.madeline/safe.php.lock...
SessionPaths, innatarasyan:   	Waiting for exclusive lock of /home/user/PhpstormProjects/CryptoTrading/bot.madeline/lightState.php.lock...
SessionPaths, innatarasyan:   	Got exclusive lock of /home/user/PhpstormProjects/CryptoTrading/bot.madeline/lightState.php.lock...
APIWrapper, innatarasyan:     	Saved session!
UpdateHandler, innatarasyan:  	Parsing updates (updateShort) received via the socket...
FeedLoop, innatarasyan:       	Resumed update feed loop generic
UpdateHandler, innatarasyan:  	Saving update of type updateUserStatus
SessionPaths, innatarasyan:   	Waiting for exclusive lock of /home/user/PhpstormProjects/CryptoTrading/bot.madeline/safe.php.lock...
SessionPaths, innatarasyan:   	Got exclusive lock of /home/user/PhpstormProjects/CryptoTrading/bot.madeline/safe.php.lock...
SessionPaths, innatarasyan:   	Waiting for exclusive lock of /home/user/PhpstormProjects/CryptoTrading/bot.madeline/lightState.php.lock...
SessionPaths, innatarasyan:   	Got exclusive lock of /home/user/PhpstormProjects/CryptoTrading/bot.madeline/lightState.php.lock...
APIWrapper, innatarasyan:     	Saved session!
UpdateHandler, innatarasyan:  	Parsing updates (updateShort) received via the socket...
FeedLoop, innatarasyan:       	Resumed update feed loop generic
UpdateHandler, innatarasyan:  	Saving update of type updateUserStatus
UpdateHandler, innatarasyan:  	Parsing updates (updateShort) received via the socket...
FeedLoop, innatarasyan:       	Resumed update feed loop generic
UpdateHandler, innatarasyan:  	Saving update of type updateUserStatus
UpdateHandler, innatarasyan:  	Parsing updates (updateShort) received via the socket...
FeedLoop, innatarasyan:       	Resumed update feed loop generic
UpdateHandler, innatarasyan:  	Saving update of type updateUserStatus
SessionPaths, innatarasyan:   	Waiting for exclusive lock of /home/user/PhpstormProjects/CryptoTrading/bot.madeline/safe.php.lock...
SessionPaths, innatarasyan:   	Got exclusive lock of /home/user/PhpstormProjects/CryptoTrading/bot.madeline/safe.php.lock...
SessionPaths, innatarasyan:   	Waiting for exclusive lock of /home/user/PhpstormProjects/CryptoTrading/bot.madeline/lightState.php.lock...
SessionPaths, innatarasyan:   	Got exclusive lock of /home/user/PhpstormProjects/CryptoTrading/bot.madeline/lightState.php.lock...
APIWrapper, innatarasyan:     	Saved session!
UpdateHandler, innatarasyan:  	Parsing updates (updateShort) received via the socket...
FeedLoop, innatarasyan:       	Resumed update feed loop channel -1001290362028
UpdateHandler, innatarasyan:  	Saving update of type updateDeleteChannelMessages
UpdateHandler, innatarasyan:  	Parsing updates (updateShort) received via the socket...
FeedLoop, innatarasyan:       	Resumed update feed loop generic
UpdateHandler, innatarasyan:  	Saving update of type updateUserStatus
UpdateHandler, innatarasyan:  	Parsing updates (updateShort) received via the socket...
FeedLoop, innatarasyan:       	Resumed update feed loop generic
UpdateHandler, innatarasyan:  	Saving update of type updateUserStatus
SessionPaths, innatarasyan:   	Waiting for exclusive lock of /home/user/PhpstormProjects/CryptoTrading/bot.madeline/safe.php.lock...
SessionPaths, innatarasyan:   	Got exclusive lock of /home/user/PhpstormProjects/CryptoTrading/bot.madeline/safe.php.lock...
SessionPaths, innatarasyan:   	Waiting for exclusive lock of /home/user/PhpstormProjects/CryptoTrading/bot.madeline/lightState.php.lock...
SessionPaths, innatarasyan:   	Got exclusive lock of /home/user/PhpstormProjects/CryptoTrading/bot.madeline/lightState.php.lock...
APIWrapper, innatarasyan:     	Saved session!
UpdateHandler, innatarasyan:  	Parsing updates (updateShort) received via the socket...
FeedLoop, innatarasyan:       	Resumed update feed loop generic
UpdateHandler, innatarasyan:  	Saving update of type updateUserStatus
SessionPaths, innatarasyan:   	Waiting for exclusive lock of /home/user/PhpstormProjects/CryptoTrading/bot.madeline/safe.php.lock...
SessionPaths, innatarasyan:   	Got exclusive lock of /home/user/PhpstormProjects/CryptoTrading/bot.madeline/safe.php.lock...
SessionPaths, innatarasyan:   	Waiting for exclusive lock of /home/user/PhpstormProjects/CryptoTrading/bot.madeline/lightState.php.lock...
SessionPaths, innatarasyan:   	Got exclusive lock of /home/user/PhpstormProjects/CryptoTrading/bot.madeline/lightState.php.lock...
APIWrapper, innatarasyan:     	Saved session!
UpdateHandler, innatarasyan:  	Parsing updates (updateShort) received via the socket...
FeedLoop, innatarasyan:       	Resumed update feed loop generic
UpdateHandler, innatarasyan:  	Saving update of type updateUserStatus
SessionPaths, innatarasyan:   	Waiting for exclusive lock of /home/user/PhpstormProjects/CryptoTrading/bot.madeline/safe.php.lock...
SessionPaths, innatarasyan:   	Got exclusive lock of /home/user/PhpstormProjects/CryptoTrading/bot.madeline/safe.php.lock...
SessionPaths, innatarasyan:   	Waiting for exclusive lock of /home/user/PhpstormProjects/CryptoTrading/bot.madeline/lightState.php.lock...
SessionPaths, innatarasyan:   	Got exclusive lock of /home/user/PhpstormProjects/CryptoTrading/bot.madeline/lightState.php.lock...
APIWrapper, innatarasyan:     	Saved session!
UpdateHandler, innatarasyan:  	Parsing updates (updateShort) received via the socket...
FeedLoop, innatarasyan:       	Resumed update feed loop generic
UpdateHandler, innatarasyan:  	Saving update of type updateUserStatus
UpdateHandler, innatarasyan:  	Parsing updates (updateShort) received via the socket...
FeedLoop, innatarasyan:       	Resumed update feed loop generic
UpdateHandler, innatarasyan:  	Saving update of type updateUserStatus
SessionPaths, innatarasyan:   	Waiting for exclusive lock of /home/user/PhpstormProjects/CryptoTrading/bot.madeline/safe.php.lock...
SessionPaths, innatarasyan:   	Got exclusive lock of /home/user/PhpstormProjects/CryptoTrading/bot.madeline/safe.php.lock...
SessionPaths, innatarasyan:   	Waiting for exclusive lock of /home/user/PhpstormProjects/CryptoTrading/bot.madeline/lightState.php.lock...
SessionPaths, innatarasyan:   	Got exclusive lock of /home/user/PhpstormProjects/CryptoTrading/bot.madeline/lightState.php.lock...
APIWrapper, innatarasyan:     	Saved session!
SessionPaths, innatarasyan:   	Waiting for exclusive lock of /home/user/PhpstormProjects/CryptoTrading/bot.madeline/safe.php.lock...
SessionPaths, innatarasyan:   	Got exclusive lock of /home/user/PhpstormProjects/CryptoTrading/bot.madeline/safe.php.lock...
SessionPaths, innatarasyan:   	Waiting for exclusive lock of /home/user/PhpstormProjects/CryptoTrading/bot.madeline/lightState.php.lock...
SessionPaths, innatarasyan:   	Got exclusive lock of /home/user/PhpstormProjects/CryptoTrading/bot.madeline/lightState.php.lock...
APIWrapper, innatarasyan:     	Saved session!
SessionPaths, innatarasyan:   	Waiting for exclusive lock of /home/user/PhpstormProjects/CryptoTrading/bot.madeline/safe.php.lock...
SessionPaths, innatarasyan:   	Got exclusive lock of /home/user/PhpstormProjects/CryptoTrading/bot.madeline/safe.php.lock...
SessionPaths, innatarasyan:   	Waiting for exclusive lock of /home/user/PhpstormProjects/CryptoTrading/bot.madeline/lightState.php.lock...
SessionPaths, innatarasyan:   	Got exclusive lock of /home/user/PhpstormProjects/CryptoTrading/bot.madeline/lightState.php.lock...
APIWrapper, innatarasyan:     	Saved session!
UpdateHandler, innatarasyan:  	Parsing updates (updateShort) received via the socket...
FeedLoop, innatarasyan:       	Resumed update feed loop generic
UpdateHandler, innatarasyan:  	Saving update of type updateUserStatus
SessionPaths, innatarasyan:   	Waiting for exclusive lock of /home/user/PhpstormProjects/CryptoTrading/bot.madeline/safe.php.lock...
SessionPaths, innatarasyan:   	Got exclusive lock of /home/user/PhpstormProjects/CryptoTrading/bot.madeline/safe.php.lock...
SessionPaths, innatarasyan:   	Waiting for exclusive lock of /home/user/PhpstormProjects/CryptoTrading/bot.madeline/lightState.php.lock...
SessionPaths, innatarasyan:   	Got exclusive lock of /home/user/PhpstormProjects/CryptoTrading/bot.madeline/lightState.php.lock...
APIWrapper, innatarasyan:     	Saved session!
UpdateHandler, innatarasyan:  	Parsing updates (updateShort) received via the socket...
FeedLoop, innatarasyan:       	Resumed update feed loop generic
UpdateHandler, innatarasyan:  	Saving update of type updateUserStatus
UpdateHandler, innatarasyan:  	Parsing updates (updates) received via the socket...
SeqLoop, innatarasyan:        	Was fed updates of type updates...
FeedLoop, innatarasyan:       	Resumed update feed loop channel -1001290362028
UpdateHandler, innatarasyan:  	Saving update of type updateNewChannelMessage
UpdateHandler, innatarasyan:  	Parsing updates (updates) received via the socket...
SeqLoop, innatarasyan:        	Was fed updates of type updates...
FeedLoop, innatarasyan:       	Resumed update feed loop channel -1001290362028
MinDatabase, innatarasyan:    	Found 2 pending contexts
UpdateHandler, innatarasyan:  	Parsing updates (updates) received via the socket...
SeqLoop, innatarasyan:        	Was fed updates of type updates...
UpdateHandler, innatarasyan:  	Parsing updates (updates) received via the socket...
SeqLoop, innatarasyan:        	Was fed updates of type updates...
FeedLoop, innatarasyan:       	Resumed update feed loop generic
UpdateHandler, innatarasyan:  	Saving update of type updateMessagePoll
UpdateHandler, innatarasyan:  	Saving update of type updateMessagePoll
MinDatabase, innatarasyan:    	Found 2 pending contexts
UpdateHandler, innatarasyan:  	Parsing updates (updateShort) received via the socket...
UpdateHandler, innatarasyan:  	Parsing updates (updates) received via the socket...
SeqLoop, innatarasyan:        	Was fed updates of type updates...
FeedLoop, innatarasyan:       	Resumed update feed loop channel -1001290362028
UpdateHandler, innatarasyan:  	Saving update of type updateDeleteChannelMessages
FeedLoop, innatarasyan:       	Resumed update feed loop generic
UpdateHandler, innatarasyan:  	Saving update of type updateMessagePoll
FeedLoop, innatarasyan:       	Resumed update feed loop channel -1001290362028
UpdateHandler, innatarasyan:  	Saving update of type updateDeleteChannelMessages
SessionPaths, innatarasyan:   	Waiting for exclusive lock of /home/user/PhpstormProjects/CryptoTrading/bot.madeline/safe.php.lock...
SessionPaths, innatarasyan:   	Got exclusive lock of /home/user/PhpstormProjects/CryptoTrading/bot.madeline/safe.php.lock...
SessionPaths, innatarasyan:   	Waiting for exclusive lock of /home/user/PhpstormProjects/CryptoTrading/bot.madeline/lightState.php.lock...
SessionPaths, innatarasyan:   	Got exclusive lock of /home/user/PhpstormProjects/CryptoTrading/bot.madeline/lightState.php.lock...
APIWrapper, innatarasyan:     	Saved session!
UpdateHandler, innatarasyan:  	Parsing updates (updateShort) received via the socket...
FeedLoop, innatarasyan:       	Resumed update feed loop generic
UpdateHandler, innatarasyan:  	Saving update of type updateUserStatus
UpdateHandler, innatarasyan:  	Parsing updates (updateShort) received via the socket...
FeedLoop, innatarasyan:       	Resumed update feed loop generic
UpdateHandler, innatarasyan:  	Saving update of type updateUserStatus
SessionPaths, innatarasyan:   	Waiting for exclusive lock of /home/user/PhpstormProjects/CryptoTrading/bot.madeline/safe.php.lock...
SessionPaths, innatarasyan:   	Got exclusive lock of /home/user/PhpstormProjects/CryptoTrading/bot.madeline/safe.php.lock...
SessionPaths, innatarasyan:   	Waiting for exclusive lock of /home/user/PhpstormProjects/CryptoTrading/bot.madeline/lightState.php.lock...
SessionPaths, innatarasyan:   	Got exclusive lock of /home/user/PhpstormProjects/CryptoTrading/bot.madeline/lightState.php.lock...
APIWrapper, innatarasyan:     	Saved session!
SessionPaths, innatarasyan:   	Waiting for exclusive lock of /home/user/PhpstormProjects/CryptoTrading/bot.madeline/safe.php.lock...
SessionPaths, innatarasyan:   	Got exclusive lock of /home/user/PhpstormProjects/CryptoTrading/bot.madeline/safe.php.lock...
SessionPaths, innatarasyan:   	Waiting for exclusive lock of /home/user/PhpstormProjects/CryptoTrading/bot.madeline/lightState.php.lock...
SessionPaths, innatarasyan:   	Got exclusive lock of /home/user/PhpstormProjects/CryptoTrading/bot.madeline/lightState.php.lock...
APIWrapper, innatarasyan:     	Saved session!
SessionPaths, innatarasyan:   	Waiting for exclusive lock of /home/user/PhpstormProjects/CryptoTrading/bot.madeline/safe.php.lock...
SessionPaths, innatarasyan:   	Got exclusive lock of /home/user/PhpstormProjects/CryptoTrading/bot.madeline/safe.php.lock...
SessionPaths, innatarasyan:   	Waiting for exclusive lock of /home/user/PhpstormProjects/CryptoTrading/bot.madeline/lightState.php.lock...
SessionPaths, innatarasyan:   	Got exclusive lock of /home/user/PhpstormProjects/CryptoTrading/bot.madeline/lightState.php.lock...
APIWrapper, innatarasyan:     	Saved session!
UpdateHandler, innatarasyan:  	Parsing updates (updateShort) received via the socket...
FeedLoop, innatarasyan:       	Resumed update feed loop generic
UpdateHandler, innatarasyan:  	Saving update of type updateUserStatus
UpdateHandler, innatarasyan:  	Parsing updates (updateShort) received via the socket...
FeedLoop, innatarasyan:       	Resumed update feed loop generic
UpdateHandler, innatarasyan:  	Saving update of type updateUserStatus
UpdateHandler, innatarasyan:  	Parsing updates (updateShort) received via the socket...
FeedLoop, innatarasyan:       	Resumed update feed loop generic
UpdateHandler, innatarasyan:  	Saving update of type updateUserStatus
UpdateHandler, innatarasyan:  	Parsing updates (updateShort) received via the socket...
FeedLoop, innatarasyan:       	Resumed update feed loop generic
UpdateHandler, innatarasyan:  	Saving update of type updateUserStatus
UpdateHandler, innatarasyan:  	Parsing updates (updateShort) received via the socket...
FeedLoop, innatarasyan:       	Resumed update feed loop generic
UpdateHandler, innatarasyan:  	Saving update of type updateUserStatus
SessionPaths, innatarasyan:   	Waiting for exclusive lock of /home/user/PhpstormProjects/CryptoTrading/bot.madeline/safe.php.lock...
SessionPaths, innatarasyan:   	Got exclusive lock of /home/user/PhpstormProjects/CryptoTrading/bot.madeline/safe.php.lock...
SessionPaths, innatarasyan:   	Waiting for exclusive lock of /home/user/PhpstormProjects/CryptoTrading/bot.madeline/lightState.php.lock...
SessionPaths, innatarasyan:   	Got exclusive lock of /home/user/PhpstormProjects/CryptoTrading/bot.madeline/lightState.php.lock...
APIWrapper, innatarasyan:     	Saved session!
UpdateHandler, innatarasyan:  	Parsing updates (updateShort) received via the socket...
FeedLoop, innatarasyan:       	Resumed update feed loop generic
UpdateHandler, innatarasyan:  	Saving update of type updateUserStatus
UpdateHandler, innatarasyan:  	Parsing updates (updateShort) received via the socket...
FeedLoop, innatarasyan:       	Resumed update feed loop generic
UpdateHandler, innatarasyan:  	Saving update of type updateUserStatus
UpdateHandler, innatarasyan:  	Parsing updates (updateShort) received via the socket...
FeedLoop, innatarasyan:       	Resumed update feed loop generic
UpdateHandler, innatarasyan:  	Saving update of type updateUserStatus
SessionPaths, innatarasyan:   	Waiting for exclusive lock of /home/user/PhpstormProjects/CryptoTrading/bot.madeline/safe.php.lock...
SessionPaths, innatarasyan:   	Got exclusive lock of /home/user/PhpstormProjects/CryptoTrading/bot.madeline/safe.php.lock...
SessionPaths, innatarasyan:   	Waiting for exclusive lock of /home/user/PhpstormProjects/CryptoTrading/bot.madeline/lightState.php.lock...
SessionPaths, innatarasyan:   	Got exclusive lock of /home/user/PhpstormProjects/CryptoTrading/bot.madeline/lightState.php.lock...
APIWrapper, innatarasyan:     	Saved session!
SessionPaths, innatarasyan:   	Waiting for exclusive lock of /home/user/PhpstormProjects/CryptoTrading/bot.madeline/safe.php.lock...
SessionPaths, innatarasyan:   	Got exclusive lock of /home/user/PhpstormProjects/CryptoTrading/bot.madeline/safe.php.lock...
SessionPaths, innatarasyan:   	Waiting for exclusive lock of /home/user/PhpstormProjects/CryptoTrading/bot.madeline/lightState.php.lock...
SessionPaths, innatarasyan:   	Got exclusive lock of /home/user/PhpstormProjects/CryptoTrading/bot.madeline/lightState.php.lock...
APIWrapper, innatarasyan:     	Saved session!
UpdateHandler, innatarasyan:  	Parsing updates (updateShort) received via the socket...
FeedLoop, innatarasyan:       	Resumed update feed loop generic
UpdateHandler, innatarasyan:  	Saving update of type updateUserStatus
SessionPaths, innatarasyan:   	Waiting for exclusive lock of /home/user/PhpstormProjects/CryptoTrading/bot.madeline/safe.php.lock...
SessionPaths, innatarasyan:   	Got exclusive lock of /home/user/PhpstormProjects/CryptoTrading/bot.madeline/safe.php.lock...
SessionPaths, innatarasyan:   	Waiting for exclusive lock of /home/user/PhpstormProjects/CryptoTrading/bot.madeline/lightState.php.lock...
SessionPaths, innatarasyan:   	Got exclusive lock of /home/user/PhpstormProjects/CryptoTrading/bot.madeline/lightState.php.lock...
APIWrapper, innatarasyan:     	Saved session!
UpdateHandler, innatarasyan:  	Parsing updates (updates) received via the socket...
SeqLoop, innatarasyan:        	Was fed updates of type updates...
UpdateHandler, innatarasyan:  	Parsing updates (updates) received via the socket...
SeqLoop, innatarasyan:        	Was fed updates of type updates...
FeedLoop, innatarasyan:       	Resumed update feed loop channel -1001290362028
UpdateHandler, innatarasyan:  	Saving update of type updateNewChannelMessage
UpdateHandler, innatarasyan:  	Parsing updates (updateShort) received via the socket...
UpdateHandler, innatarasyan:  	Parsing updates (updateShort) received via the socket...
FeedLoop, innatarasyan:       	Resumed update feed loop channel -1001290362028
UpdateHandler, innatarasyan:  	Saving update of type updateDeleteChannelMessages
UpdateHandler, innatarasyan:  	Parsing updates (updateShort) received via the socket...
FeedLoop, innatarasyan:       	Resumed update feed loop generic
UpdateHandler, innatarasyan:  	Saving update of type updateUserStatus
UpdateHandler, innatarasyan:  	Parsing updates (updateShort) received via the socket...
FeedLoop, innatarasyan:       	Resumed update feed loop generic
UpdateHandler, innatarasyan:  	Saving update of type updateUserStatus
SessionPaths, innatarasyan:   	Waiting for exclusive lock of /home/user/PhpstormProjects/CryptoTrading/bot.madeline/safe.php.lock...
SessionPaths, innatarasyan:   	Got exclusive lock of /home/user/PhpstormProjects/CryptoTrading/bot.madeline/safe.php.lock...
SessionPaths, innatarasyan:   	Waiting for exclusive lock of /home/user/PhpstormProjects/CryptoTrading/bot.madeline/lightState.php.lock...
SessionPaths, innatarasyan:   	Got exclusive lock of /home/user/PhpstormProjects/CryptoTrading/bot.madeline/lightState.php.lock...
APIWrapper, innatarasyan:     	Saved session!
SessionPaths, innatarasyan:   	Waiting for exclusive lock of /home/user/PhpstormProjects/CryptoTrading/bot.madeline/safe.php.lock...
SessionPaths, innatarasyan:   	Got exclusive lock of /home/user/PhpstormProjects/CryptoTrading/bot.madeline/safe.php.lock...
SessionPaths, innatarasyan:   	Waiting for exclusive lock of /home/user/PhpstormProjects/CryptoTrading/bot.madeline/lightState.php.lock...
SessionPaths, innatarasyan:   	Got exclusive lock of /home/user/PhpstormProjects/CryptoTrading/bot.madeline/lightState.php.lock...
APIWrapper, innatarasyan:     	Saved session!
UpdateHandler, innatarasyan:  	Parsing updates (updateShort) received via the socket...
FeedLoop, innatarasyan:       	Resumed update feed loop generic
UpdateHandler, innatarasyan:  	Saving update of type updateUserStatus
SessionPaths, innatarasyan:   	Waiting for exclusive lock of /home/user/PhpstormProjects/CryptoTrading/bot.madeline/safe.php.lock...
SessionPaths, innatarasyan:   	Got exclusive lock of /home/user/PhpstormProjects/CryptoTrading/bot.madeline/safe.php.lock...
SessionPaths, innatarasyan:   	Waiting for exclusive lock of /home/user/PhpstormProjects/CryptoTrading/bot.madeline/lightState.php.lock...
SessionPaths, innatarasyan:   	Got exclusive lock of /home/user/PhpstormProjects/CryptoTrading/bot.madeline/lightState.php.lock...
APIWrapper, innatarasyan:     	Saved session!
SessionPaths, innatarasyan:   	Waiting for exclusive lock of /home/user/PhpstormProjects/CryptoTrading/bot.madeline/safe.php.lock...
SessionPaths, innatarasyan:   	Got exclusive lock of /home/user/PhpstormProjects/CryptoTrading/bot.madeline/safe.php.lock...
SessionPaths, innatarasyan:   	Waiting for exclusive lock of /home/user/PhpstormProjects/CryptoTrading/bot.madeline/lightState.php.lock...
SessionPaths, innatarasyan:   	Got exclusive lock of /home/user/PhpstormProjects/CryptoTrading/bot.madeline/lightState.php.lock...
APIWrapper, innatarasyan:     	Saved session!
UpdateHandler, innatarasyan:  	Parsing updates (updates) received via the socket...
SeqLoop, innatarasyan:        	Was fed updates of type updates...
UpdateHandler, innatarasyan:  	Parsing updates (updates) received via the socket...
SeqLoop, innatarasyan:        	Was fed updates of type updates...
FeedLoop, innatarasyan:       	Resumed update feed loop channel -1001290362028
UpdateHandler, innatarasyan:  	Saving update of type updateNewChannelMessage
FeedLoop, innatarasyan:       	Resumed update feed loop channel -1001290362028
MinDatabase, innatarasyan:    	Found 4 pending contexts
UpdateHandler, innatarasyan:  	Parsing updates (updates) received via the socket...
SeqLoop, innatarasyan:        	Was fed updates of type updates...
UpdateHandler, innatarasyan:  	Parsing updates (updates) received via the socket...
SeqLoop, innatarasyan:        	Was fed updates of type updates...
FeedLoop, innatarasyan:       	Resumed update feed loop generic
UpdateHandler, innatarasyan:  	Saving update of type updateMessagePoll
UpdateHandler, innatarasyan:  	Saving update of type updateMessagePoll
UpdateHandler, innatarasyan:  	Parsing updates (updateShort) received via the socket...
UpdateHandler, innatarasyan:  	Parsing updates (updateShort) received via the socket...
FeedLoop, innatarasyan:       	Resumed update feed loop channel -1001290362028
UpdateHandler, innatarasyan:  	Saving update of type updateDeleteChannelMessages
SessionPaths, innatarasyan:   	Waiting for exclusive lock of /home/user/PhpstormProjects/CryptoTrading/bot.madeline/safe.php.lock...
SessionPaths, innatarasyan:   	Got exclusive lock of /home/user/PhpstormProjects/CryptoTrading/bot.madeline/safe.php.lock...
SessionPaths, innatarasyan:   	Waiting for exclusive lock of /home/user/PhpstormProjects/CryptoTrading/bot.madeline/lightState.php.lock...
SessionPaths, innatarasyan:   	Got exclusive lock of /home/user/PhpstormProjects/CryptoTrading/bot.madeline/lightState.php.lock...
APIWrapper, innatarasyan:     	Saved session!
UpdateHandler, innatarasyan:  	Parsing updates (updateShort) received via the socket...
FeedLoop, innatarasyan:       	Resumed update feed loop generic
UpdateHandler, innatarasyan:  	Saving update of type updateUserStatus
SessionPaths, innatarasyan:   	Waiting for exclusive lock of /home/user/PhpstormProjects/CryptoTrading/bot.madeline/safe.php.lock...
SessionPaths, innatarasyan:   	Got exclusive lock of /home/user/PhpstormProjects/CryptoTrading/bot.madeline/safe.php.lock...
SessionPaths, innatarasyan:   	Waiting for exclusive lock of /home/user/PhpstormProjects/CryptoTrading/bot.madeline/lightState.php.lock...
SessionPaths, innatarasyan:   	Got exclusive lock of /home/user/PhpstormProjects/CryptoTrading/bot.madeline/lightState.php.lock...
APIWrapper, innatarasyan:     	Saved session!
UpdateHandler, innatarasyan:  	Parsing updates (updateShort) received via the socket...
FeedLoop, innatarasyan:       	Resumed update feed loop generic
UpdateHandler, innatarasyan:  	Saving update of type updateUserStatus
SessionPaths, innatarasyan:   	Waiting for exclusive lock of /home/user/PhpstormProjects/CryptoTrading/bot.madeline/safe.php.lock...
SessionPaths, innatarasyan:   	Got exclusive lock of /home/user/PhpstormProjects/CryptoTrading/bot.madeline/safe.php.lock...
SessionPaths, innatarasyan:   	Waiting for exclusive lock of /home/user/PhpstormProjects/CryptoTrading/bot.madeline/lightState.php.lock...
SessionPaths, innatarasyan:   	Got exclusive lock of /home/user/PhpstormProjects/CryptoTrading/bot.madeline/lightState.php.lock...
APIWrapper, innatarasyan:     	Saved session!
UpdateHandler, innatarasyan:  	Parsing updates (updateShort) received via the socket...
FeedLoop, innatarasyan:       	Resumed update feed loop generic
UpdateHandler, innatarasyan:  	Saving update of type updateUserStatus
SessionPaths, innatarasyan:   	Waiting for exclusive lock of /home/user/PhpstormProjects/CryptoTrading/bot.madeline/safe.php.lock...
SessionPaths, innatarasyan:   	Got exclusive lock of /home/user/PhpstormProjects/CryptoTrading/bot.madeline/safe.php.lock...
SessionPaths, innatarasyan:   	Waiting for exclusive lock of /home/user/PhpstormProjects/CryptoTrading/bot.madeline/lightState.php.lock...
SessionPaths, innatarasyan:   	Got exclusive lock of /home/user/PhpstormProjects/CryptoTrading/bot.madeline/lightState.php.lock...
APIWrapper, innatarasyan:     	Saved session!
UpdateHandler, innatarasyan:  	Parsing updates (updateShort) received via the socket...
FeedLoop, innatarasyan:       	Resumed update feed loop generic
UpdateHandler, innatarasyan:  	Saving update of type updateUserStatus
SessionPaths, innatarasyan:   	Waiting for exclusive lock of /home/user/PhpstormProjects/CryptoTrading/bot.madeline/safe.php.lock...
SessionPaths, innatarasyan:   	Got exclusive lock of /home/user/PhpstormProjects/CryptoTrading/bot.madeline/safe.php.lock...
SessionPaths, innatarasyan:   	Waiting for exclusive lock of /home/user/PhpstormProjects/CryptoTrading/bot.madeline/lightState.php.lock...
SessionPaths, innatarasyan:   	Got exclusive lock of /home/user/PhpstormProjects/CryptoTrading/bot.madeline/lightState.php.lock...
APIWrapper, innatarasyan:     	Saved session!
UpdateHandler, innatarasyan:  	Parsing updates (updateShort) received via the socket...
FeedLoop, innatarasyan:       	Resumed update feed loop generic
UpdateHandler, innatarasyan:  	Saving update of type updateUserStatus
UpdateHandler, innatarasyan:  	Parsing updates (updateShort) received via the socket...
FeedLoop, innatarasyan:       	Resumed update feed loop generic
UpdateHandler, innatarasyan:  	Saving update of type updateUserStatus
SessionPaths, innatarasyan:   	Waiting for exclusive lock of /home/user/PhpstormProjects/CryptoTrading/bot.madeline/safe.php.lock...
SessionPaths, innatarasyan:   	Got exclusive lock of /home/user/PhpstormProjects/CryptoTrading/bot.madeline/safe.php.lock...
SessionPaths, innatarasyan:   	Waiting for exclusive lock of /home/user/PhpstormProjects/CryptoTrading/bot.madeline/lightState.php.lock...
SessionPaths, innatarasyan:   	Got exclusive lock of /home/user/PhpstormProjects/CryptoTrading/bot.madeline/lightState.php.lock...
APIWrapper, innatarasyan:     	Saved session!
SessionPaths, innatarasyan:   	Waiting for exclusive lock of /home/user/PhpstormProjects/CryptoTrading/bot.madeline/safe.php.lock...
SessionPaths, innatarasyan:   	Got exclusive lock of /home/user/PhpstormProjects/CryptoTrading/bot.madeline/safe.php.lock...
SessionPaths, innatarasyan:   	Waiting for exclusive lock of /home/user/PhpstormProjects/CryptoTrading/bot.madeline/lightState.php.lock...
SessionPaths, innatarasyan:   	Got exclusive lock of /home/user/PhpstormProjects/CryptoTrading/bot.madeline/lightState.php.lock...
APIWrapper, innatarasyan:     	Saved session!
UpdateHandler, innatarasyan:  	Parsing updates (updateShort) received via the socket...
FeedLoop, innatarasyan:       	Resumed update feed loop channel -1001290362028
UpdateHandler, innatarasyan:  	Saving update of type updateDeleteChannelMessages
SessionPaths, innatarasyan:   	Waiting for exclusive lock of /home/user/PhpstormProjects/CryptoTrading/bot.madeline/safe.php.lock...
SessionPaths, innatarasyan:   	Got exclusive lock of /home/user/PhpstormProjects/CryptoTrading/bot.madeline/safe.php.lock...
SessionPaths, innatarasyan:   	Waiting for exclusive lock of /home/user/PhpstormProjects/CryptoTrading/bot.madeline/lightState.php.lock...
SessionPaths, innatarasyan:   	Got exclusive lock of /home/user/PhpstormProjects/CryptoTrading/bot.madeline/lightState.php.lock...
APIWrapper, innatarasyan:     	Saved session!
UpdateHandler, innatarasyan:  	Parsing updates (updateShort) received via the socket...
FeedLoop, innatarasyan:       	Resumed update feed loop generic
UpdateHandler, innatarasyan:  	Saving update of type updateUserStatus
SessionPaths, innatarasyan:   	Waiting for exclusive lock of /home/user/PhpstormProjects/CryptoTrading/bot.madeline/safe.php.lock...
SessionPaths, innatarasyan:   	Got exclusive lock of /home/user/PhpstormProjects/CryptoTrading/bot.madeline/safe.php.lock...
SessionPaths, innatarasyan:   	Waiting for exclusive lock of /home/user/PhpstormProjects/CryptoTrading/bot.madeline/lightState.php.lock...
SessionPaths, innatarasyan:   	Got exclusive lock of /home/user/PhpstormProjects/CryptoTrading/bot.madeline/lightState.php.lock...
APIWrapper, innatarasyan:     	Saved session!
UpdateHandler, innatarasyan:  	Parsing updates (updateShort) received via the socket...
FeedLoop, innatarasyan:       	Resumed update feed loop channel -1001290362028
FeedLoop, innatarasyan:       	Getdiff fed me message of type message in update feed loop channel -1001290362028...
FeedLoop, innatarasyan:       	Resumed update feed loop channel -1001290362028
UpdateHandler, innatarasyan:  	Saving update of type updateNewChannelMessage
UpdateHandler, innatarasyan:  	Saving update of type updateDeleteChannelMessages
UpdateHandler, innatarasyan:  	Parsing updates (updates) received via the socket...
SeqLoop, innatarasyan:        	Was fed updates of type updates...
FeedLoop, innatarasyan:       	Resumed update feed loop channel -1001290362028
UpdateHandler, innatarasyan:  	Parsing updates (updates) received via the socket...
SeqLoop, innatarasyan:        	Was fed updates of type updates...
FeedLoop, innatarasyan:       	Resumed update feed loop channel -1001290362028
SessionPaths, innatarasyan:   	Waiting for exclusive lock of /home/user/PhpstormProjects/CryptoTrading/bot.madeline/safe.php.lock...
SessionPaths, innatarasyan:   	Got exclusive lock of /home/user/PhpstormProjects/CryptoTrading/bot.madeline/safe.php.lock...
SessionPaths, innatarasyan:   	Waiting for exclusive lock of /home/user/PhpstormProjects/CryptoTrading/bot.madeline/lightState.php.lock...
SessionPaths, innatarasyan:   	Got exclusive lock of /home/user/PhpstormProjects/CryptoTrading/bot.madeline/lightState.php.lock...
APIWrapper, innatarasyan:     	Saved session!
UpdateHandler, innatarasyan:  	Parsing updates (updateShort) received via the socket...
FeedLoop, innatarasyan:       	Resumed update feed loop generic
UpdateHandler, innatarasyan:  	Saving update of type updateUserStatus
SessionPaths, innatarasyan:   	Waiting for exclusive lock of /home/user/PhpstormProjects/CryptoTrading/bot.madeline/safe.php.lock...
SessionPaths, innatarasyan:   	Got exclusive lock of /home/user/PhpstormProjects/CryptoTrading/bot.madeline/safe.php.lock...
SessionPaths, innatarasyan:   	Waiting for exclusive lock of /home/user/PhpstormProjects/CryptoTrading/bot.madeline/lightState.php.lock...
SessionPaths, innatarasyan:   	Got exclusive lock of /home/user/PhpstormProjects/CryptoTrading/bot.madeline/lightState.php.lock...
APIWrapper, innatarasyan:     	Saved session!
UpdateHandler, innatarasyan:  	Parsing updates (updateShort) received via the socket...
FeedLoop, innatarasyan:       	Resumed update feed loop generic
UpdateHandler, innatarasyan:  	Saving update of type updateChannelMessageViews
UpdateHandler, innatarasyan:  	Parsing updates (updateShort) received via the socket...
FeedLoop, innatarasyan:       	Resumed update feed loop generic
UpdateHandler, innatarasyan:  	Saving update of type updateUserStatus
SessionPaths, innatarasyan:   	Waiting for exclusive lock of /home/user/PhpstormProjects/CryptoTrading/bot.madeline/safe.php.lock...
SessionPaths, innatarasyan:   	Got exclusive lock of /home/user/PhpstormProjects/CryptoTrading/bot.madeline/safe.php.lock...
SessionPaths, innatarasyan:   	Waiting for exclusive lock of /home/user/PhpstormProjects/CryptoTrading/bot.madeline/lightState.php.lock...
SessionPaths, innatarasyan:   	Got exclusive lock of /home/user/PhpstormProjects/CryptoTrading/bot.madeline/lightState.php.lock...
APIWrapper, innatarasyan:     	Saved session!
SessionPaths, innatarasyan:   	Waiting for exclusive lock of /home/user/PhpstormProjects/CryptoTrading/bot.madeline/safe.php.lock...
SessionPaths, innatarasyan:   	Got exclusive lock of /home/user/PhpstormProjects/CryptoTrading/bot.madeline/safe.php.lock...
SessionPaths, innatarasyan:   	Waiting for exclusive lock of /home/user/PhpstormProjects/CryptoTrading/bot.madeline/lightState.php.lock...
SessionPaths, innatarasyan:   	Got exclusive lock of /home/user/PhpstormProjects/CryptoTrading/bot.madeline/lightState.php.lock...
APIWrapper, innatarasyan:     	Saved session!
UpdateHandler, innatarasyan:  	Parsing updates (updateShort) received via the socket...
FeedLoop, innatarasyan:       	Resumed update feed loop generic
UpdateHandler, innatarasyan:  	Saving update of type updateUserStatus
SessionPaths, innatarasyan:   	Waiting for exclusive lock of /home/user/PhpstormProjects/CryptoTrading/bot.madeline/safe.php.lock...
SessionPaths, innatarasyan:   	Got exclusive lock of /home/user/PhpstormProjects/CryptoTrading/bot.madeline/safe.php.lock...
SessionPaths, innatarasyan:   	Waiting for exclusive lock of /home/user/PhpstormProjects/CryptoTrading/bot.madeline/lightState.php.lock...
SessionPaths, innatarasyan:   	Got exclusive lock of /home/user/PhpstormProjects/CryptoTrading/bot.madeline/lightState.php.lock...
APIWrapper, innatarasyan:     	Saved session!
SessionPaths, innatarasyan:   	Waiting for exclusive lock of /home/user/PhpstormProjects/CryptoTrading/bot.madeline/safe.php.lock...
SessionPaths, innatarasyan:   	Got exclusive lock of /home/user/PhpstormProjects/CryptoTrading/bot.madeline/safe.php.lock...
SessionPaths, innatarasyan:   	Waiting for exclusive lock of /home/user/PhpstormProjects/CryptoTrading/bot.madeline/lightState.php.lock...
SessionPaths, innatarasyan:   	Got exclusive lock of /home/user/PhpstormProjects/CryptoTrading/bot.madeline/lightState.php.lock...
APIWrapper, innatarasyan:     	Saved session!
UpdateHandler, innatarasyan:  	Parsing updates (updateShort) received via the socket...
FeedLoop, innatarasyan:       	Resumed update feed loop generic
UpdateHandler, innatarasyan:  	Saving update of type updateUserStatus
SessionPaths, innatarasyan:   	Waiting for exclusive lock of /home/user/PhpstormProjects/CryptoTrading/bot.madeline/safe.php.lock...
SessionPaths, innatarasyan:   	Got exclusive lock of /home/user/PhpstormProjects/CryptoTrading/bot.madeline/safe.php.lock...
SessionPaths, innatarasyan:   	Waiting for exclusive lock of /home/user/PhpstormProjects/CryptoTrading/bot.madeline/lightState.php.lock...
SessionPaths, innatarasyan:   	Got exclusive lock of /home/user/PhpstormProjects/CryptoTrading/bot.madeline/lightState.php.lock...
APIWrapper, innatarasyan:     	Saved session!
SessionPaths, innatarasyan:   	Waiting for exclusive lock of /home/user/PhpstormProjects/CryptoTrading/bot.madeline/safe.php.lock...
SessionPaths, innatarasyan:   	Got exclusive lock of /home/user/PhpstormProjects/CryptoTrading/bot.madeline/safe.php.lock...
SessionPaths, innatarasyan:   	Waiting for exclusive lock of /home/user/PhpstormProjects/CryptoTrading/bot.madeline/lightState.php.lock...
SessionPaths, innatarasyan:   	Got exclusive lock of /home/user/PhpstormProjects/CryptoTrading/bot.madeline/lightState.php.lock...
APIWrapper, innatarasyan:     	Saved session!
SessionPaths, innatarasyan:   	Waiting for exclusive lock of /home/user/PhpstormProjects/CryptoTrading/bot.madeline/safe.php.lock...
SessionPaths, innatarasyan:   	Got exclusive lock of /home/user/PhpstormProjects/CryptoTrading/bot.madeline/safe.php.lock...
SessionPaths, innatarasyan:   	Waiting for exclusive lock of /home/user/PhpstormProjects/CryptoTrading/bot.madeline/lightState.php.lock...
SessionPaths, innatarasyan:   	Got exclusive lock of /home/user/PhpstormProjects/CryptoTrading/bot.madeline/lightState.php.lock...
APIWrapper, innatarasyan:     	Saved session!
UpdateHandler, innatarasyan:  	Parsing updates (updateShort) received via the socket...
FeedLoop, innatarasyan:       	Resumed update feed loop generic
UpdateHandler, innatarasyan:  	Saving update of type updateChannelMessageViews
SessionPaths, innatarasyan:   	Waiting for exclusive lock of /home/user/PhpstormProjects/CryptoTrading/bot.madeline/safe.php.lock...
SessionPaths, innatarasyan:   	Got exclusive lock of /home/user/PhpstormProjects/CryptoTrading/bot.madeline/safe.php.lock...
SessionPaths, innatarasyan:   	Waiting for exclusive lock of /home/user/PhpstormProjects/CryptoTrading/bot.madeline/lightState.php.lock...
SessionPaths, innatarasyan:   	Got exclusive lock of /home/user/PhpstormProjects/CryptoTrading/bot.madeline/lightState.php.lock...
APIWrapper, innatarasyan:     	Saved session!
UpdateHandler, innatarasyan:  	Parsing updates (updateShort) received via the socket...
FeedLoop, innatarasyan:       	Resumed update feed loop generic
UpdateHandler, innatarasyan:  	Saving update of type updateUserStatus
UpdateHandler, innatarasyan:  	Parsing updates (updateShort) received via the socket...
FeedLoop, innatarasyan:       	Resumed update feed loop generic
UpdateHandler, innatarasyan:  	Saving update of type updateUserStatus
UpdateHandler, innatarasyan:  	Parsing updates (updateShort) received via the socket...
FeedLoop, innatarasyan:       	Resumed update feed loop generic
UpdateHandler, innatarasyan:  	Saving update of type updateUserStatus
SessionPaths, innatarasyan:   	Waiting for exclusive lock of /home/user/PhpstormProjects/CryptoTrading/bot.madeline/safe.php.lock...
SessionPaths, innatarasyan:   	Got exclusive lock of /home/user/PhpstormProjects/CryptoTrading/bot.madeline/safe.php.lock...
SessionPaths, innatarasyan:   	Waiting for exclusive lock of /home/user/PhpstormProjects/CryptoTrading/bot.madeline/lightState.php.lock...
SessionPaths, innatarasyan:   	Got exclusive lock of /home/user/PhpstormProjects/CryptoTrading/bot.madeline/lightState.php.lock...
APIWrapper, innatarasyan:     	Saved session!
SessionPaths, innatarasyan:   	Waiting for exclusive lock of /home/user/PhpstormProjects/CryptoTrading/bot.madeline/safe.php.lock...
SessionPaths, innatarasyan:   	Got exclusive lock of /home/user/PhpstormProjects/CryptoTrading/bot.madeline/safe.php.lock...
SessionPaths, innatarasyan:   	Waiting for exclusive lock of /home/user/PhpstormProjects/CryptoTrading/bot.madeline/lightState.php.lock...
SessionPaths, innatarasyan:   	Got exclusive lock of /home/user/PhpstormProjects/CryptoTrading/bot.madeline/lightState.php.lock...
APIWrapper, innatarasyan:     	Saved session!
UpdateHandler, innatarasyan:  	Parsing updates (updateShort) received via the socket...
FeedLoop, innatarasyan:       	Resumed update feed loop generic
UpdateHandler, innatarasyan:  	Saving update of type updateChannelMessageViews
UpdateHandler, innatarasyan:  	Parsing updates (updateShort) received via the socket...
FeedLoop, innatarasyan:       	Resumed update feed loop generic
UpdateHandler, innatarasyan:  	Saving update of type updateUserStatus
UpdateHandler, innatarasyan:  	Parsing updates (updateShort) received via the socket...
FeedLoop, innatarasyan:       	Resumed update feed loop generic
UpdateHandler, innatarasyan:  	Saving update of type updateChannelMessageViews
UpdateHandler, innatarasyan:  	Parsing updates (updateShort) received via the socket...
FeedLoop, innatarasyan:       	Resumed update feed loop generic
UpdateHandler, innatarasyan:  	Saving update of type updateUserStatus
SessionPaths, innatarasyan:   	Waiting for exclusive lock of /home/user/PhpstormProjects/CryptoTrading/bot.madeline/safe.php.lock...
SessionPaths, innatarasyan:   	Got exclusive lock of /home/user/PhpstormProjects/CryptoTrading/bot.madeline/safe.php.lock...
SessionPaths, innatarasyan:   	Waiting for exclusive lock of /home/user/PhpstormProjects/CryptoTrading/bot.madeline/lightState.php.lock...
SessionPaths, innatarasyan:   	Got exclusive lock of /home/user/PhpstormProjects/CryptoTrading/bot.madeline/lightState.php.lock...
APIWrapper, innatarasyan:     	Saved session!
UpdateHandler, innatarasyan:  	Parsing updates (updateShort) received via the socket...
FeedLoop, innatarasyan:       	Resumed update feed loop generic
UpdateHandler, innatarasyan:  	Saving update of type updateUserStatus
SessionPaths, innatarasyan:   	Waiting for exclusive lock of /home/user/PhpstormProjects/CryptoTrading/bot.madeline/safe.php.lock...
SessionPaths, innatarasyan:   	Got exclusive lock of /home/user/PhpstormProjects/CryptoTrading/bot.madeline/safe.php.lock...
SessionPaths, innatarasyan:   	Waiting for exclusive lock of /home/user/PhpstormProjects/CryptoTrading/bot.madeline/lightState.php.lock...
SessionPaths, innatarasyan:   	Got exclusive lock of /home/user/PhpstormProjects/CryptoTrading/bot.madeline/lightState.php.lock...
APIWrapper, innatarasyan:     	Saved session!
SessionPaths, innatarasyan:   	Waiting for exclusive lock of /home/user/PhpstormProjects/CryptoTrading/bot.madeline/safe.php.lock...
SessionPaths, innatarasyan:   	Got exclusive lock of /home/user/PhpstormProjects/CryptoTrading/bot.madeline/safe.php.lock...
SessionPaths, innatarasyan:   	Waiting for exclusive lock of /home/user/PhpstormProjects/CryptoTrading/bot.madeline/lightState.php.lock...
SessionPaths, innatarasyan:   	Got exclusive lock of /home/user/PhpstormProjects/CryptoTrading/bot.madeline/lightState.php.lock...
APIWrapper, innatarasyan:     	Saved session!
UpdateHandler, innatarasyan:  	Parsing updates (updateShort) received via the socket...
FeedLoop, innatarasyan:       	Resumed update feed loop generic
UpdateHandler, innatarasyan:  	Saving update of type updateChannelMessageViews
SessionPaths, innatarasyan:   	Waiting for exclusive lock of /home/user/PhpstormProjects/CryptoTrading/bot.madeline/safe.php.lock...
SessionPaths, innatarasyan:   	Got exclusive lock of /home/user/PhpstormProjects/CryptoTrading/bot.madeline/safe.php.lock...
SessionPaths, innatarasyan:   	Waiting for exclusive lock of /home/user/PhpstormProjects/CryptoTrading/bot.madeline/lightState.php.lock...
SessionPaths, innatarasyan:   	Got exclusive lock of /home/user/PhpstormProjects/CryptoTrading/bot.madeline/lightState.php.lock...
APIWrapper, innatarasyan:     	Saved session!
UpdateHandler, innatarasyan:  	Parsing updates (updateShort) received via the socket...
FeedLoop, innatarasyan:       	Resumed update feed loop generic
UpdateHandler, innatarasyan:  	Saving update of type updateUserStatus
UpdateHandler, innatarasyan:  	Parsing updates (updateShort) received via the socket...
FeedLoop, innatarasyan:       	Resumed update feed loop generic
UpdateHandler, innatarasyan:  	Saving update of type updateUserStatus
SessionPaths, innatarasyan:   	Waiting for exclusive lock of /home/user/PhpstormProjects/CryptoTrading/bot.madeline/safe.php.lock...
SessionPaths, innatarasyan:   	Got exclusive lock of /home/user/PhpstormProjects/CryptoTrading/bot.madeline/safe.php.lock...
SessionPaths, innatarasyan:   	Waiting for exclusive lock of /home/user/PhpstormProjects/CryptoTrading/bot.madeline/lightState.php.lock...
SessionPaths, innatarasyan:   	Got exclusive lock of /home/user/PhpstormProjects/CryptoTrading/bot.madeline/lightState.php.lock...
APIWrapper, innatarasyan:     	Saved session!
UpdateHandler, innatarasyan:  	Parsing updates (updateShort) received via the socket...
FeedLoop, innatarasyan:       	Resumed update feed loop generic
UpdateHandler, innatarasyan:  	Saving update of type updateUserStatus
SessionPaths, innatarasyan:   	Waiting for exclusive lock of /home/user/PhpstormProjects/CryptoTrading/bot.madeline/safe.php.lock...
SessionPaths, innatarasyan:   	Got exclusive lock of /home/user/PhpstormProjects/CryptoTrading/bot.madeline/safe.php.lock...
SessionPaths, innatarasyan:   	Waiting for exclusive lock of /home/user/PhpstormProjects/CryptoTrading/bot.madeline/lightState.php.lock...
SessionPaths, innatarasyan:   	Got exclusive lock of /home/user/PhpstormProjects/CryptoTrading/bot.madeline/lightState.php.lock...
APIWrapper, innatarasyan:     	Saved session!
SessionPaths, innatarasyan:   	Waiting for exclusive lock of /home/user/PhpstormProjects/CryptoTrading/bot.madeline/safe.php.lock...
SessionPaths, innatarasyan:   	Got exclusive lock of /home/user/PhpstormProjects/CryptoTrading/bot.madeline/safe.php.lock...
SessionPaths, innatarasyan:   	Waiting for exclusive lock of /home/user/PhpstormProjects/CryptoTrading/bot.madeline/lightState.php.lock...
SessionPaths, innatarasyan:   	Got exclusive lock of /home/user/PhpstormProjects/CryptoTrading/bot.madeline/lightState.php.lock...
APIWrapper, innatarasyan:     	Saved session!
UpdateHandler, innatarasyan:  	Parsing updates (updateShort) received via the socket...
FeedLoop, innatarasyan:       	Resumed update feed loop generic
UpdateHandler, innatarasyan:  	Saving update of type updateUserStatus
UpdateHandler, innatarasyan:  	Parsing updates (updateShort) received via the socket...
FeedLoop, innatarasyan:       	Resumed update feed loop generic
UpdateHandler, innatarasyan:  	Saving update of type updateUserStatus
UpdateHandler, innatarasyan:  	Parsing updates (updateShort) received via the socket...
FeedLoop, innatarasyan:       	Resumed update feed loop generic
UpdateHandler, innatarasyan:  	Saving update of type updateUserStatus
UpdateHandler, innatarasyan:  	Parsing updates (updateShort) received via the socket...
FeedLoop, innatarasyan:       	Resumed update feed loop generic
UpdateHandler, innatarasyan:  	Saving update of type updateUserStatus
UpdateHandler, innatarasyan:  	Parsing updates (updateShort) received via the socket...
FeedLoop, innatarasyan:       	Resumed update feed loop generic
UpdateHandler, innatarasyan:  	Saving update of type updateUserStatus
SessionPaths, innatarasyan:   	Waiting for exclusive lock of /home/user/PhpstormProjects/CryptoTrading/bot.madeline/safe.php.lock...
SessionPaths, innatarasyan:   	Got exclusive lock of /home/user/PhpstormProjects/CryptoTrading/bot.madeline/safe.php.lock...
SessionPaths, innatarasyan:   	Waiting for exclusive lock of /home/user/PhpstormProjects/CryptoTrading/bot.madeline/lightState.php.lock...
SessionPaths, innatarasyan:   	Got exclusive lock of /home/user/PhpstormProjects/CryptoTrading/bot.madeline/lightState.php.lock...
APIWrapper, innatarasyan:     	Saved session!
UpdateHandler, innatarasyan:  	Parsing updates (updateShort) received via the socket...
FeedLoop, innatarasyan:       	Resumed update feed loop generic
UpdateHandler, innatarasyan:  	Saving update of type updateUserStatus
SessionPaths, innatarasyan:   	Waiting for exclusive lock of /home/user/PhpstormProjects/CryptoTrading/bot.madeline/safe.php.lock...
SessionPaths, innatarasyan:   	Got exclusive lock of /home/user/PhpstormProjects/CryptoTrading/bot.madeline/safe.php.lock...
SessionPaths, innatarasyan:   	Waiting for exclusive lock of /home/user/PhpstormProjects/CryptoTrading/bot.madeline/lightState.php.lock...
SessionPaths, innatarasyan:   	Got exclusive lock of /home/user/PhpstormProjects/CryptoTrading/bot.madeline/lightState.php.lock...
APIWrapper, innatarasyan:     	Saved session!
UpdateHandler, innatarasyan:  	Parsing updates (updates) received via the socket...
SeqLoop, innatarasyan:        	Was fed updates of type updates...
UpdateHandler, innatarasyan:  	Parsing updates (updates) received via the socket...
SeqLoop, innatarasyan:        	Was fed updates of type updates...
FeedLoop, innatarasyan:       	Resumed update feed loop channel -1001290362028
UpdateHandler, innatarasyan:  	Saving update of type updateNewChannelMessage
FeedLoop, innatarasyan:       	Resumed update feed loop channel -1001290362028
SessionPaths, innatarasyan:   	Waiting for exclusive lock of /home/user/PhpstormProjects/CryptoTrading/bot.madeline/safe.php.lock...
SessionPaths, innatarasyan:   	Got exclusive lock of /home/user/PhpstormProjects/CryptoTrading/bot.madeline/safe.php.lock...
SessionPaths, innatarasyan:   	Waiting for exclusive lock of /home/user/PhpstormProjects/CryptoTrading/bot.madeline/lightState.php.lock...
SessionPaths, innatarasyan:   	Got exclusive lock of /home/user/PhpstormProjects/CryptoTrading/bot.madeline/lightState.php.lock...
APIWrapper, innatarasyan:     	Saved session!
MinDatabase, innatarasyan:    	Found 2 pending contexts
UpdateHandler, innatarasyan:  	Parsing updates (updates) received via the socket...
SeqLoop, innatarasyan:        	Was fed updates of type updates...
UpdateHandler, innatarasyan:  	Parsing updates (updates) received via the socket...
SeqLoop, innatarasyan:        	Was fed updates of type updates...
FeedLoop, innatarasyan:       	Resumed update feed loop generic
UpdateHandler, innatarasyan:  	Saving update of type updateMessagePoll
UpdateHandler, innatarasyan:  	Saving update of type updateMessagePoll
UpdateHandler, innatarasyan:  	Parsing updates (updateShort) received via the socket...
UpdateHandler, innatarasyan:  	Parsing updates (updateShort) received via the socket...
FeedLoop, innatarasyan:       	Resumed update feed loop channel -1001290362028
UpdateHandler, innatarasyan:  	Saving update of type updateDeleteChannelMessages
FeedLoop, innatarasyan:       	Getdiff fed me message of type message in update feed loop channel -1001290362028...
FeedLoop, innatarasyan:       	Resumed update feed loop channel -1001290362028
UpdateHandler, innatarasyan:  	Saving update of type updateNewChannelMessage
UpdateHandler, innatarasyan:  	Parsing updates (updates) received via the socket...
SeqLoop, innatarasyan:        	Was fed updates of type updates...
FeedLoop, innatarasyan:       	Resumed update feed loop channel -1001290362028
UpdateHandler, innatarasyan:  	Parsing updates (updateShort) received via the socket...
FeedLoop, innatarasyan:       	Resumed update feed loop channel -1001290362028
UpdateHandler, innatarasyan:  	Saving update of type updateDeleteChannelMessages
UpdateHandler, innatarasyan:  	Parsing updates (updates) received via the socket...
SeqLoop, innatarasyan:        	Was fed updates of type updates...
UpdateHandler, innatarasyan:  	Parsing updates (updateShort) received via the socket...
FeedLoop, innatarasyan:       	Resumed update feed loop channel -1001290362028
SessionPaths, innatarasyan:   	Waiting for exclusive lock of /home/user/PhpstormProjects/CryptoTrading/bot.madeline/safe.php.lock...
SessionPaths, innatarasyan:   	Got exclusive lock of /home/user/PhpstormProjects/CryptoTrading/bot.madeline/safe.php.lock...
SessionPaths, innatarasyan:   	Waiting for exclusive lock of /home/user/PhpstormProjects/CryptoTrading/bot.madeline/lightState.php.lock...
SessionPaths, innatarasyan:   	Got exclusive lock of /home/user/PhpstormProjects/CryptoTrading/bot.madeline/lightState.php.lock...
APIWrapper, innatarasyan:     	Saved session!
FeedLoop, innatarasyan:       	Resumed update feed loop channel -1001290362028
UpdateHandler, innatarasyan:  	Saving update of type updateDeleteChannelMessages
SessionPaths, innatarasyan:   	Waiting for exclusive lock of /home/user/PhpstormProjects/CryptoTrading/bot.madeline/safe.php.lock...
SessionPaths, innatarasyan:   	Got exclusive lock of /home/user/PhpstormProjects/CryptoTrading/bot.madeline/safe.php.lock...
SessionPaths, innatarasyan:   	Waiting for exclusive lock of /home/user/PhpstormProjects/CryptoTrading/bot.madeline/lightState.php.lock...
SessionPaths, innatarasyan:   	Got exclusive lock of /home/user/PhpstormProjects/CryptoTrading/bot.madeline/lightState.php.lock...
APIWrapper, innatarasyan:     	Saved session!
Logger:         	MadelineProto 8.4.20
Logger:         	Copyright (C) 2016-2025 Daniil Gentili
Logger:         	Licensed under AGPLv3
Logger:         	https://github.com/danog/MadelineProto
Serialization:  	Got exclusive session lock!
DataCenter, innatarasyan:     	Acquiring connect lock for 2!
DataCenter, innatarasyan:     	Connecting to DC 2
DataCenterConnection, innatarasyan: 	Restoring 0 messages to DC 2
Session, innatarasyan:        	Resetting session in DC 2.0 due to creating initial session...
Connection, innatarasyan:     	Connecting to DC 2.0 via tcp://149.154.167.41:443 main DC 2, via ipv4 using AbridgedStream => BufferedRawStream => DefaultStream 
DataCenterConnection, innatarasyan: 	Handling auth key transition to ENCRYPTED in DC 2
DataCenterConnection, innatarasyan: 	Finished auth key transition to ENCRYPTED in DC 2
FeedLoop, innatarasyan:       	Resumed update feed loop generic
FeedLoop, innatarasyan:       	Resumed update feed loop channel -1001260687978
FeedLoop, innatarasyan:       	Resumed update feed loop channel -1001947932191
FeedLoop, innatarasyan:       	Resumed update feed loop channel -1001311455283
FeedLoop, innatarasyan:       	Resumed update feed loop channel -1001115554076
FeedLoop, innatarasyan:       	Resumed update feed loop channel -1001567942739
FeedLoop, innatarasyan:       	Resumed update feed loop channel -1001290362028
Connection, innatarasyan:     	Connected to DC 2.0 via tcp://149.154.167.41:443 main DC 2, via ipv4 using AbridgedStream => BufferedRawStream => DefaultStream!
ReadLoop, innatarasyan:       	Stopping read loop in DC 2.0 due to -404...
ReadLoop, innatarasyan:       	WARNING: Resetting auth key in DC 2.0...
Session, innatarasyan:        	Resetting session in DC 2.0 due to -404...
DataCenterConnection, innatarasyan: 	Reconnecting shared DC 2
DataCenterConnection, innatarasyan: 	Disconnecting from shared DC 2
Connection, innatarasyan:     	Disconnecting from DC 2.0
DataCenterConnection, innatarasyan: 	Backed up users.getUsers, updates.getDifference, updates.getChannelDifference, updates.getChannelDifference, updates.getChannelDifference, updates.getChannelDifference, updates.getChannelDifference, updates.getChannelDifference, msg_container, ping_delay_disconnect,  from DC 2.0
Connection, innatarasyan:     	Disconnected from DC 2.0
DataCenterConnection, innatarasyan: 	Backed up 10, added to 0 existing messages) from DC 2
DataCenterConnection, innatarasyan: 	Restoring 10 messages to DC 2
DataCenterConnection, innatarasyan: 	Restoring users.getUsers sent 437.783443818 seconds ago to DC 2
DataCenterConnection, innatarasyan: 	Restoring updates.getDifference sent 437.783476997 seconds ago to DC 2
DataCenterConnection, innatarasyan: 	Restoring updates.getChannelDifference sent 437.783499511 seconds ago to DC 2
DataCenterConnection, innatarasyan: 	Restoring updates.getChannelDifference sent 437.783519182 seconds ago to DC 2
DataCenterConnection, innatarasyan: 	Restoring updates.getChannelDifference sent 437.783539502 seconds ago to DC 2
DataCenterConnection, innatarasyan: 	Restoring updates.getChannelDifference sent 437.783557595 seconds ago to DC 2
DataCenterConnection, innatarasyan: 	Restoring updates.getChannelDifference sent 437.783575679 seconds ago to DC 2
DataCenterConnection, innatarasyan: 	Restoring updates.getChannelDifference sent 437.7835925 seconds ago to DC 2
DataCenterConnection, innatarasyan: 	Restoring ping_delay_disconnect sent 437.783611226 seconds ago to DC 2
Session, innatarasyan:        	Resetting session in DC 2.0 due to creating initial session...
Connection, innatarasyan:     	Connecting to DC 2.0 via tcp://149.154.167.41:443 main DC 2, via ipv4 using AbridgedStream => BufferedRawStream => DefaultStream 
DataCenterConnection, innatarasyan: 	Handling auth key transition to UNENCRYPTED in DC 2
DataCenterConnection, innatarasyan: 	Generating temporary authorization key for DC 2...
AuthKeyHandler, innatarasyan: 	Requesting pq...
Connection, innatarasyan:     	Connected to DC 2.0 via tcp://149.154.167.41:443 main DC 2, via ipv4 using AbridgedStream => BufferedRawStream => DefaultStream!
ResponseHandler, innatarasyan: 	Trying to assign a response of type ResPQ to its request...
ResponseHandler, innatarasyan: 	Does the request of return type ResPQ match?
ResponseHandler, innatarasyan: 	Yes
AuthKeyHandler, innatarasyan: 	Factorizing with native_single_cpp (please wait, might take a while)
AuthKeyHandler, innatarasyan: 	Factorizing with python_single_alt (please wait, might take a while)
AuthKeyHandler, innatarasyan: 	Install https://prime.madelineproto.xyz and the FFI extension to speed this up!
AuthKeyHandler, innatarasyan: 	Factorizing with python_single (please wait, might take a while)
AuthKeyHandler, innatarasyan: 	Install https://prime.madelineproto.xyz and the FFI extension to speed this up!
AuthKeyHandler, innatarasyan: 	Factorizing with native_single (please wait, might take a while)
AuthKeyHandler, innatarasyan: 	Install https://prime.madelineproto.xyz and the FFI extension to speed this up!
AuthKeyHandler, innatarasyan: 	Factorization 3146643748843910317 = 1656650377 * 1899401221
AuthKeyHandler, innatarasyan: 	Starting Diffie Hellman key exchange
ResponseHandler, innatarasyan: 	Trying to assign a response of type Server_DH_Params to its request...
ResponseHandler, innatarasyan: 	Does the request of return type Server_DH_Params match?
ResponseHandler, innatarasyan: 	Yes
AuthKeyHandler, innatarasyan: 	Server-client time delta = -1.0 s
Crypt, innatarasyan:          	Executing p/g checks (1/2)...
Crypt, innatarasyan:          	Executing p/g checks (2/2)...
Crypt, innatarasyan:          	Executing g check...
Crypt, innatarasyan:          	Executing g_a check (1/2)...
Crypt, innatarasyan:          	Executing g_a check (2/2)...
AuthKeyHandler, innatarasyan: 	Generating b...
AuthKeyHandler, innatarasyan: 	Generating g_b...
Crypt, innatarasyan:          	Executing g_a check (1/2)...
Crypt, innatarasyan:          	Executing g_a check (2/2)...
AuthKeyHandler, innatarasyan: 	Executing g_b check...
AuthKeyHandler, innatarasyan: 	Preparing client_DH_inner_data...
AuthKeyHandler, innatarasyan: 	Executing set_client_DH_params...
ResponseHandler, innatarasyan: 	Trying to assign a response of type Set_client_DH_params_answer to its request...
ResponseHandler, innatarasyan: 	Does the request of return type Set_client_DH_params_answer match?
ResponseHandler, innatarasyan: 	Yes
AuthKeyHandler, innatarasyan: 	Generating authorization key (install gmp to speed up this process)...
AuthKeyHandler, innatarasyan: 	Diffie Hellman key exchange processed successfully!
AuthKeyHandler, innatarasyan: 	Auth key generated
DataCenterConnection, innatarasyan: 	Finished auth key transition to UNENCRYPTED in DC 2
DataCenterConnection, innatarasyan: 	Handling auth key transition to ENCRYPTED_NOT_BOUND in DC 2
DataCenterConnection, innatarasyan: 	Binding authorization keys...
DataCenterConnection, innatarasyan: 	Bound temporary and permanent authorization keys, DC 2
DataCenterConnection, innatarasyan: 	Handling auth key transition to ENCRYPTED_NOT_INITED in DC 2
DataCenterConnection, innatarasyan: 	Writing client info (also executing help.getConfig)...
DataCenterConnection, innatarasyan: 	Finished auth key transition to ENCRYPTED_NOT_INITED in DC 2
DataCenterConnection, innatarasyan: 	Handling auth key transition to ENCRYPTED in DC 2
DataCenterConnection, innatarasyan: 	Finished auth key transition to ENCRYPTED in DC 2
Connection, innatarasyan:     	Connecting to DC 2.0 via tcp://149.154.167.41:443 main DC 2, via ipv4 using AbridgedStream => BufferedRawStream => DefaultStream 
Connection, innatarasyan:     	Connected to DC 2.0 via tcp://149.154.167.41:443 main DC 2, via ipv4 using AbridgedStream => BufferedRawStream => DefaultStream!
MinDatabase, innatarasyan:    	Found 3 pending contexts
FeedLoop, innatarasyan:       	Getdiff fed me message of type message in update feed loop channel -1001290362028...
FeedLoop, innatarasyan:       	Getdiff fed me message of type message in update feed loop channel -1001311455283...
FeedLoop, innatarasyan:       	Getdiff fed me message of type message in update feed loop channel -1001311455283...
FeedLoop, innatarasyan:       	Getdiff fed me message of type message in update feed loop channel -1001311455283...
FeedLoop, innatarasyan:       	Getdiff fed me message of type message in update feed loop channel -1001311455283...
FeedLoop, innatarasyan:       	Resumed update feed loop channel -1001311455283
UpdateHandler, innatarasyan:  	Saving update of type updateNewChannelMessage
UpdateHandler, innatarasyan:  	Saving update of type updateNewChannelMessage
UpdateHandler, innatarasyan:  	Saving update of type updateNewChannelMessage
UpdateHandler, innatarasyan:  	Saving update of type updateNewChannelMessage
UpdateHandler, innatarasyan:  	Saving update of type updateDeleteChannelMessages
FeedLoop, innatarasyan:       	Getdiff fed me message of type message in update feed loop channel -1001567942739...
FeedLoop, innatarasyan:       	Resumed update feed loop channel -1001567942739
UpdateHandler, innatarasyan:  	Saving update of type updateNewChannelMessage
UpdateHandler, innatarasyan:  	Saving update of type updateEditChannelMessage
ReferenceDatabase, innatarasyan: 	Trying to add reference out of context, report the following message to @danogentili!
ReferenceDatabase, innatarasyan: 	['Update']['StoryItem']['MessageMedia']['Photo']
MinDatabase, innatarasyan:    	Found 14 pending contexts
ReferenceDatabase, innatarasyan: 	Found 1 pending contexts
FeedLoop, innatarasyan:       	Getdiff fed me message of type message in update feed loop generic...
FeedLoop, innatarasyan:       	Getdiff fed me message of type message in update feed loop generic...
FeedLoop, innatarasyan:       	Getdiff fed me message of type message in update feed loop generic...
FeedLoop, innatarasyan:       	Getdiff fed me message of type message in update feed loop generic...
FeedLoop, innatarasyan:       	Getdiff fed me message of type message in update feed loop generic...
FeedLoop, innatarasyan:       	Getdiff fed me message of type message in update feed loop generic...
FeedLoop, innatarasyan:       	Getdiff fed me message of type message in update feed loop generic...
FeedLoop, innatarasyan:       	Getdiff fed me message of type message in update feed loop generic...
FeedLoop, innatarasyan:       	Getdiff fed me message of type message in update feed loop generic...
FeedLoop, innatarasyan:       	Getdiff fed me message of type message in update feed loop generic...
FeedLoop, innatarasyan:       	Getdiff fed me message of type message in update feed loop generic...
FeedLoop, innatarasyan:       	Getdiff fed me message of type message in update feed loop generic...
FeedLoop, innatarasyan:       	Getdiff fed me message of type message in update feed loop generic...
FeedLoop, innatarasyan:       	Getdiff fed me message of type message in update feed loop generic...
FeedLoop, innatarasyan:       	Getdiff fed me message of type message in update feed loop generic...
FeedLoop, innatarasyan:       	Getdiff fed me message of type message in update feed loop generic...
FeedLoop, innatarasyan:       	Getdiff fed me message of type message in update feed loop generic...
FeedLoop, innatarasyan:       	Getdiff fed me message of type message in update feed loop generic...
FeedLoop, innatarasyan:       	Getdiff fed me message of type message in update feed loop generic...
FeedLoop, innatarasyan:       	Getdiff fed me message of type message in update feed loop generic...
FeedLoop, innatarasyan:       	Getdiff fed me message of type message in update feed loop generic...
FeedLoop, innatarasyan:       	Getdiff fed me message of type message in update feed loop generic...
FeedLoop, innatarasyan:       	Getdiff fed me message of type message in update feed loop generic...
FeedLoop, innatarasyan:       	Getdiff fed me message of type message in update feed loop generic...
FeedLoop, innatarasyan:       	Getdiff fed me message of type message in update feed loop generic...
FeedLoop, innatarasyan:       	Getdiff fed me message of type message in update feed loop generic...
FeedLoop, innatarasyan:       	Getdiff fed me message of type message in update feed loop generic...
FeedLoop, innatarasyan:       	Getdiff fed me message of type message in update feed loop generic...
FeedLoop, innatarasyan:       	Getdiff fed me message of type message in update feed loop generic...
FeedLoop, innatarasyan:       	Getdiff fed me message of type message in update feed loop generic...
FeedLoop, innatarasyan:       	Getdiff fed me message of type message in update feed loop generic...
FeedLoop, innatarasyan:       	Getdiff fed me message of type message in update feed loop generic...
FeedLoop, innatarasyan:       	Getdiff fed me message of type message in update feed loop generic...
FeedLoop, innatarasyan:       	Getdiff fed me message of type message in update feed loop generic...
FeedLoop, innatarasyan:       	Getdiff fed me message of type message in update feed loop generic...
FeedLoop, innatarasyan:       	Getdiff fed me message of type message in update feed loop generic...
FeedLoop, innatarasyan:       	Getdiff fed me message of type message in update feed loop generic...
FeedLoop, innatarasyan:       	Getdiff fed me message of type message in update feed loop generic...
FeedLoop, innatarasyan:       	Getdiff fed me message of type message in update feed loop generic...
FeedLoop, innatarasyan:       	Getdiff fed me message of type message in update feed loop generic...
FeedLoop, innatarasyan:       	Getdiff fed me message of type message in update feed loop generic...
FeedLoop, innatarasyan:       	Getdiff fed me message of type message in update feed loop generic...
FeedLoop, innatarasyan:       	Getdiff fed me message of type message in update feed loop generic...
FeedLoop, innatarasyan:       	Getdiff fed me message of type message in update feed loop generic...
FeedLoop, innatarasyan:       	Getdiff fed me message of type message in update feed loop generic...
FeedLoop, innatarasyan:       	Getdiff fed me message of type message in update feed loop generic...
FeedLoop, innatarasyan:       	Getdiff fed me message of type message in update feed loop generic...
FeedLoop, innatarasyan:       	Getdiff fed me message of type message in update feed loop generic...
FeedLoop, innatarasyan:       	Getdiff fed me message of type message in update feed loop generic...
FeedLoop, innatarasyan:       	Getdiff fed me message of type message in update feed loop generic...
FeedLoop, innatarasyan:       	Getdiff fed me message of type message in update feed loop generic...
FeedLoop, innatarasyan:       	Getdiff fed me message of type message in update feed loop generic...
FeedLoop, innatarasyan:       	Getdiff fed me message of type message in update feed loop generic...
FeedLoop, innatarasyan:       	Getdiff fed me message of type message in update feed loop generic...
FeedLoop, innatarasyan:       	Getdiff fed me message of type message in update feed loop generic...
FeedLoop, innatarasyan:       	Getdiff fed me message of type message in update feed loop generic...
FeedLoop, innatarasyan:       	Getdiff fed me message of type message in update feed loop generic...
FeedLoop, innatarasyan:       	Getdiff fed me message of type message in update feed loop generic...
FeedLoop, innatarasyan:       	Getdiff fed me message of type message in update feed loop generic...
FeedLoop, innatarasyan:       	Getdiff fed me message of type message in update feed loop generic...
FeedLoop, innatarasyan:       	Getdiff fed me message of type message in update feed loop generic...
FeedLoop, innatarasyan:       	Getdiff fed me message of type message in update feed loop generic...
FeedLoop, innatarasyan:       	Getdiff fed me message of type message in update feed loop generic...
FeedLoop, innatarasyan:       	Getdiff fed me message of type message in update feed loop generic...
FeedLoop, innatarasyan:       	Getdiff fed me message of type message in update feed loop generic...
FeedLoop, innatarasyan:       	Getdiff fed me message of type message in update feed loop generic...
FeedLoop, innatarasyan:       	Resumed update feed loop generic
UpdateHandler, innatarasyan:  	Saving update of type updateNewMessage
UpdateHandler, innatarasyan:  	Saving update of type updateNewMessage
UpdateHandler, innatarasyan:  	Saving update of type updateNewMessage
UpdateHandler, innatarasyan:  	Saving update of type updateNewMessage
UpdateHandler, innatarasyan:  	Saving update of type updateNewMessage
UpdateHandler, innatarasyan:  	Saving update of type updateNewMessage
UpdateHandler, innatarasyan:  	Saving update of type updateNewMessage
UpdateHandler, innatarasyan:  	Saving update of type updateNewMessage
UpdateHandler, innatarasyan:  	Saving update of type updateNewMessage
UpdateHandler, innatarasyan:  	Saving update of type updateNewMessage
UpdateHandler, innatarasyan:  	Saving update of type updateNewMessage
UpdateHandler, innatarasyan:  	Saving update of type updateNewMessage
UpdateHandler, innatarasyan:  	Saving update of type updateNewMessage
UpdateHandler, innatarasyan:  	Saving update of type updateNewMessage
UpdateHandler, innatarasyan:  	Saving update of type updateNewMessage
UpdateHandler, innatarasyan:  	Saving update of type updateNewMessage
UpdateHandler, innatarasyan:  	Saving update of type updateNewMessage
UpdateHandler, innatarasyan:  	Saving update of type updateNewMessage
UpdateHandler, innatarasyan:  	Saving update of type updateNewMessage
UpdateHandler, innatarasyan:  	Saving update of type updateNewMessage
UpdateHandler, innatarasyan:  	Saving update of type updateNewMessage
UpdateHandler, innatarasyan:  	Saving update of type updateNewMessage
UpdateHandler, innatarasyan:  	Saving update of type updateNewMessage
UpdateHandler, innatarasyan:  	Saving update of type updateNewMessage
UpdateHandler, innatarasyan:  	Saving update of type updateNewMessage
UpdateHandler, innatarasyan:  	Saving update of type updateNewMessage
UpdateHandler, innatarasyan:  	Saving update of type updateNewMessage
UpdateHandler, innatarasyan:  	Saving update of type updateNewMessage
UpdateHandler, innatarasyan:  	Saving update of type updateNewMessage
UpdateHandler, innatarasyan:  	Saving update of type updateNewMessage
UpdateHandler, innatarasyan:  	Saving update of type updateNewMessage
UpdateHandler, innatarasyan:  	Saving update of type updateNewMessage
UpdateHandler, innatarasyan:  	Saving update of type updateNewMessage
UpdateHandler, innatarasyan:  	Saving update of type updateNewMessage
UpdateHandler, innatarasyan:  	Saving update of type updateNewMessage
UpdateHandler, innatarasyan:  	Saving update of type updateNewMessage
UpdateHandler, innatarasyan:  	Saving update of type updateNewMessage
UpdateHandler, innatarasyan:  	Saving update of type updateNewMessage
UpdateHandler, innatarasyan:  	Saving update of type updateNewMessage
UpdateHandler, innatarasyan:  	Saving update of type updateNewMessage
UpdateHandler, innatarasyan:  	Saving update of type updateNewMessage
UpdateHandler, innatarasyan:  	Saving update of type updateNewMessage
UpdateHandler, innatarasyan:  	Saving update of type updateNewMessage
UpdateHandler, innatarasyan:  	Saving update of type updateNewMessage
UpdateHandler, innatarasyan:  	Saving update of type updateNewMessage
UpdateHandler, innatarasyan:  	Saving update of type updateNewMessage
UpdateHandler, innatarasyan:  	Saving update of type updateNewMessage
UpdateHandler, innatarasyan:  	Saving update of type updateNewMessage
UpdateHandler, innatarasyan:  	Saving update of type updateNewMessage
UpdateHandler, innatarasyan:  	Saving update of type updateNewMessage
UpdateHandler, innatarasyan:  	Saving update of type updateNewMessage
UpdateHandler, innatarasyan:  	Saving update of type updateNewMessage
UpdateHandler, innatarasyan:  	Saving update of type updateNewMessage
UpdateHandler, innatarasyan:  	Saving update of type updateNewMessage
UpdateHandler, innatarasyan:  	Saving update of type updateNewMessage
UpdateHandler, innatarasyan:  	Saving update of type updateNewMessage
UpdateHandler, innatarasyan:  	Saving update of type updateNewMessage
UpdateHandler, innatarasyan:  	Saving update of type updateNewMessage
UpdateHandler, innatarasyan:  	Saving update of type updateNewMessage
UpdateHandler, innatarasyan:  	Saving update of type updateNewMessage
UpdateHandler, innatarasyan:  	Saving update of type updateNewMessage
UpdateHandler, innatarasyan:  	Saving update of type updateNewMessage
UpdateHandler, innatarasyan:  	Saving update of type updateNewMessage
UpdateHandler, innatarasyan:  	Saving update of type updateNewMessage
UpdateHandler, innatarasyan:  	Saving update of type updateNewMessage
UpdateHandler, innatarasyan:  	Saving update of type updateNewMessage
UpdateHandler, innatarasyan:  	Saving update of type updateMessageID
UpdateHandler, innatarasyan:  	Saving update of type updateMessageID
UpdateHandler, innatarasyan:  	Saving update of type updateMessageID
UpdateHandler, innatarasyan:  	Saving update of type updateMessageID
UpdateHandler, innatarasyan:  	Saving update of type updateMessageID
UpdateHandler, innatarasyan:  	Saving update of type updateMessageID
UpdateHandler, innatarasyan:  	Saving update of type updateMessageID
UpdateHandler, innatarasyan:  	Saving update of type updateMessageID
UpdateHandler, innatarasyan:  	Saving update of type updateMessageID
UpdateHandler, innatarasyan:  	Saving update of type updateMessageID
UpdateHandler, innatarasyan:  	Saving update of type updateMessageID
UpdateHandler, innatarasyan:  	Saving update of type updateMessageID
UpdateHandler, innatarasyan:  	Saving update of type updateMessageID
UpdateHandler, innatarasyan:  	Saving update of type updateMessageID
UpdateHandler, innatarasyan:  	Saving update of type updateMessageID
UpdateHandler, innatarasyan:  	Saving update of type updateMessageID
UpdateHandler, innatarasyan:  	Saving update of type updateMessageID
UpdateHandler, innatarasyan:  	Saving update of type updateMessageID
UpdateHandler, innatarasyan:  	Saving update of type updateMessageID
UpdateHandler, innatarasyan:  	Saving update of type updateMessageID
UpdateHandler, innatarasyan:  	Saving update of type updateMessageID
UpdateHandler, innatarasyan:  	Saving update of type updateMessageID
UpdateHandler, innatarasyan:  	Saving update of type updateMessageID
UpdateHandler, innatarasyan:  	Saving update of type updateMessageID
UpdateHandler, innatarasyan:  	Saving update of type updateMessageID
UpdateHandler, innatarasyan:  	Saving update of type updateMessageID
UpdateHandler, innatarasyan:  	Saving update of type updateMessageID
UpdateHandler, innatarasyan:  	Saving update of type updateMessageID
UpdateHandler, innatarasyan:  	Saving update of type updateMessageID
UpdateHandler, innatarasyan:  	Saving update of type updateMessageID
UpdateHandler, innatarasyan:  	Saving update of type updateMessageID
UpdateHandler, innatarasyan:  	Saving update of type updateMessageID
UpdateHandler, innatarasyan:  	Saving update of type updateMessageID
UpdateHandler, innatarasyan:  	Saving update of type updateMessageID
UpdateHandler, innatarasyan:  	Saving update of type updateMessageID
UpdateHandler, innatarasyan:  	Saving update of type updateMessageID
UpdateHandler, innatarasyan:  	Saving update of type updateMessageID
UpdateHandler, innatarasyan:  	Saving update of type updateMessageID
UpdateHandler, innatarasyan:  	Saving update of type updateMessageID
UpdateHandler, innatarasyan:  	Saving update of type updateMessageID
UpdateHandler, innatarasyan:  	Saving update of type updateMessageID
UpdateHandler, innatarasyan:  	Saving update of type updateMessageID
UpdateHandler, innatarasyan:  	Saving update of type updateMessageID
UpdateHandler, innatarasyan:  	Saving update of type updateMessageID
UpdateHandler, innatarasyan:  	Saving update of type updateMessageID
UpdateHandler, innatarasyan:  	Saving update of type updateMessageID
UpdateHandler, innatarasyan:  	Saving update of type updateMessageID
UpdateHandler, innatarasyan:  	Saving update of type updateMessageID
UpdateHandler, innatarasyan:  	Saving update of type updateMessageID
UpdateHandler, innatarasyan:  	Saving update of type updateMessageID
UpdateHandler, innatarasyan:  	Saving update of type updateMessageID
UpdateHandler, innatarasyan:  	Saving update of type updateMessageID
UpdateHandler, innatarasyan:  	Saving update of type updateMessageID
UpdateHandler, innatarasyan:  	Saving update of type updateMessageID
UpdateHandler, innatarasyan:  	Saving update of type updateMessageID
UpdateHandler, innatarasyan:  	Saving update of type updateMessageID
UpdateHandler, innatarasyan:  	Saving update of type updateMessageID
UpdateHandler, innatarasyan:  	Saving update of type updateReadHistoryInbox
UpdateHandler, innatarasyan:  	Saving update of type updateReadHistoryOutbox
UpdateHandler, innatarasyan:  	Saving update of type updateReadHistoryOutbox
UpdateHandler, innatarasyan:  	Saving update of type updatePeerSettings
UpdateHandler, innatarasyan:  	Saving update of type updateUser
UpdateHandler, innatarasyan:  	Saving update of type updateUser
UpdateHandler, innatarasyan:  	Saving update of type updateUser
UpdateHandler, innatarasyan:  	Saving update of type updateMessageReactions
UpdateHandler, innatarasyan:  	Saving update of type updateMessageReactions
UpdateHandler, innatarasyan:  	Saving update of type updateMessageReactions
UpdateHandler, innatarasyan:  	Saving update of type updateDraftMessage
UpdateHandler, innatarasyan:  	Saving update of type updateStory
UpdateHandler, innatarasyan:  	Saving update of type updateStory
UpdateHandler, innatarasyan:  	Saving update of type updateStory
FeedLoop, innatarasyan:       	Resumed update feed loop channel -1001311455283
FeedLoop, innatarasyan:       	Got channel too long update, getting difference...
FeedLoop, innatarasyan:       	Resumed update feed loop channel -1001567942739
FeedLoop, innatarasyan:       	Got channel too long update, getting difference...
APIWrapper, innatarasyan:     	MadelineProto is ready!
SessionPaths, innatarasyan:   	Waiting for exclusive lock of /home/user/PhpstormProjects/CryptoTrading/bot.madeline/ipcState.php.lock...
SessionPaths, innatarasyan:   	Got exclusive lock of /home/user/PhpstormProjects/CryptoTrading/bot.madeline/ipcState.php.lock...
AbstractServer, innatarasyan: 	Accepted IPC client connection!
FeedLoop, innatarasyan:       	Resumed update feed loop channel -1001290362028
UpdateHandler, innatarasyan:  	Saving update of type updateNewChannelMessage
SessionPaths, innatarasyan:   	Waiting for exclusive lock of /home/user/PhpstormProjects/CryptoTrading/bot.madeline/safe.php.lock...
SessionPaths, innatarasyan:   	Got exclusive lock of /home/user/PhpstormProjects/CryptoTrading/bot.madeline/safe.php.lock...
SessionPaths, innatarasyan:   	Waiting for exclusive lock of /home/user/PhpstormProjects/CryptoTrading/bot.madeline/lightState.php.lock...
SessionPaths, innatarasyan:   	Got exclusive lock of /home/user/PhpstormProjects/CryptoTrading/bot.madeline/lightState.php.lock...
APIWrapper, innatarasyan:     	Saved session!
SessionPaths, innatarasyan:   	Waiting for exclusive lock of /home/user/PhpstormProjects/CryptoTrading/bot.madeline/safe.php.lock...
SessionPaths, innatarasyan:   	Got exclusive lock of /home/user/PhpstormProjects/CryptoTrading/bot.madeline/safe.php.lock...
SessionPaths, innatarasyan:   	Waiting for exclusive lock of /home/user/PhpstormProjects/CryptoTrading/bot.madeline/lightState.php.lock...
SessionPaths, innatarasyan:   	Got exclusive lock of /home/user/PhpstormProjects/CryptoTrading/bot.madeline/lightState.php.lock...
APIWrapper, innatarasyan:     	Saved session!
SessionPaths, innatarasyan:   	Waiting for exclusive lock of /home/user/PhpstormProjects/CryptoTrading/bot.madeline/safe.php.lock...
SessionPaths, innatarasyan:   	Got exclusive lock of /home/user/PhpstormProjects/CryptoTrading/bot.madeline/safe.php.lock...
SessionPaths, innatarasyan:   	Waiting for exclusive lock of /home/user/PhpstormProjects/CryptoTrading/bot.madeline/lightState.php.lock...
SessionPaths, innatarasyan:   	Got exclusive lock of /home/user/PhpstormProjects/CryptoTrading/bot.madeline/lightState.php.lock...
APIWrapper, innatarasyan:     	Saved session!
AbstractServer, innatarasyan: 	Accepted IPC client connection!
FeedLoop, innatarasyan:       	Resumed update feed loop generic
SessionPaths, innatarasyan:   	Waiting for exclusive lock of /home/user/PhpstormProjects/CryptoTrading/bot.madeline/safe.php.lock...
SessionPaths, innatarasyan:   	Got exclusive lock of /home/user/PhpstormProjects/CryptoTrading/bot.madeline/safe.php.lock...
SessionPaths, innatarasyan:   	Waiting for exclusive lock of /home/user/PhpstormProjects/CryptoTrading/bot.madeline/lightState.php.lock...
SessionPaths, innatarasyan:   	Got exclusive lock of /home/user/PhpstormProjects/CryptoTrading/bot.madeline/lightState.php.lock...
APIWrapper, innatarasyan:     	Saved session!
AbstractServer, innatarasyan: 	Accepted IPC client connection!
Logger:         	MadelineProto 8.4.20
Logger:         	Copyright (C) 2016-2025 Daniil Gentili
Logger:         	Licensed under AGPLv3
Logger:         	https://github.com/danog/MadelineProto
Serialization:  	Got exclusive session lock!
DataCenter, innatarasyan:     	Connecting to DC 2
DataCenterConnection, innatarasyan: 	Restoring 0 messages to DC 2
Session, innatarasyan:        	Resetting session in DC 2.0 due to creating initial session...
Connection, innatarasyan:     	Connecting to DC 2.0 via tcp://149.154.167.41:443 main DC 2, via ipv4 using AbridgedStream => BufferedRawStream => DefaultStream 
DataCenterConnection, innatarasyan: 	Handling auth key transition to ENCRYPTED in DC 2
DataCenterConnection, innatarasyan: 	Finished auth key transition to ENCRYPTED in DC 2
FeedLoop, innatarasyan:       	Resumed update feed loop generic
FeedLoop, innatarasyan:       	Resumed update feed loop channel -1001260687978
FeedLoop, innatarasyan:       	Resumed update feed loop channel -1001947932191
FeedLoop, innatarasyan:       	Resumed update feed loop channel -1001311455283
FeedLoop, innatarasyan:       	Resumed update feed loop channel -1001115554076
FeedLoop, innatarasyan:       	Resumed update feed loop channel -1001567942739
FeedLoop, innatarasyan:       	Resumed update feed loop channel -1001290362028
Connection, innatarasyan:     	Connected to DC 2.0 via tcp://149.154.167.41:443 main DC 2, via ipv4 using AbridgedStream => BufferedRawStream => DefaultStream!
APIWrapper, innatarasyan:     	MadelineProto is ready!
SessionPaths, innatarasyan:   	Waiting for exclusive lock of /home/user/PhpstormProjects/CryptoTrading/bot.madeline/ipcState.php.lock...
SessionPaths, innatarasyan:   	Got exclusive lock of /home/user/PhpstormProjects/CryptoTrading/bot.madeline/ipcState.php.lock...
FeedLoop, innatarasyan:       	Resumed update feed loop channel -1001290362028
FeedLoop, innatarasyan:       	Resumed update feed loop channel -1001290362028
FeedLoop, innatarasyan:       	MSGID duplicate (2086318) in update feed loop channel -1001290362028
FeedLoop, innatarasyan:       	Resumed update feed loop channel -1001290362028
FeedLoop, innatarasyan:       	Resumed update feed loop channel -1001290362028
FeedLoop, innatarasyan:       	Resumed update feed loop channel -1001290362028
FeedLoop, innatarasyan:       	Resumed update feed loop channel -1001290362028
FeedLoop, innatarasyan:       	Resumed update feed loop channel -1001290362028
FeedLoop, innatarasyan:       	Resumed update feed loop channel -1001290362028
FeedLoop, innatarasyan:       	Resumed update feed loop channel -1001290362028
FeedLoop, innatarasyan:       	Resumed update feed loop channel -1001290362028
FeedLoop, innatarasyan:       	MSGID duplicate (2086319) in update feed loop channel -1001290362028
FeedLoop, innatarasyan:       	Resumed update feed loop channel -1001290362028
MinDatabase, innatarasyan:    	Found 2 pending contexts
FeedLoop, innatarasyan:       	Resumed update feed loop generic
FeedLoop, innatarasyan:       	Resumed update feed loop channel -1001290362028
SessionPaths, innatarasyan:   	Waiting for exclusive lock of /home/user/PhpstormProjects/CryptoTrading/bot.madeline/safe.php.lock...
SessionPaths, innatarasyan:   	Got exclusive lock of /home/user/PhpstormProjects/CryptoTrading/bot.madeline/safe.php.lock...
SessionPaths, innatarasyan:   	Waiting for exclusive lock of /home/user/PhpstormProjects/CryptoTrading/bot.madeline/lightState.php.lock...
SessionPaths, innatarasyan:   	Got exclusive lock of /home/user/PhpstormProjects/CryptoTrading/bot.madeline/lightState.php.lock...
APIWrapper, innatarasyan:     	Saved session!
MinDatabase, innatarasyan:    	Found 2 pending contexts
FeedLoop, innatarasyan:       	Resumed update feed loop generic
SessionPaths, innatarasyan:   	Waiting for exclusive lock of /home/user/PhpstormProjects/CryptoTrading/bot.madeline/safe.php.lock...
SessionPaths, innatarasyan:   	Got exclusive lock of /home/user/PhpstormProjects/CryptoTrading/bot.madeline/safe.php.lock...
SessionPaths, innatarasyan:   	Waiting for exclusive lock of /home/user/PhpstormProjects/CryptoTrading/bot.madeline/lightState.php.lock...
SessionPaths, innatarasyan:   	Got exclusive lock of /home/user/PhpstormProjects/CryptoTrading/bot.madeline/lightState.php.lock...
APIWrapper, innatarasyan:     	Saved session!
SessionPaths, innatarasyan:   	Waiting for exclusive lock of /home/user/PhpstormProjects/CryptoTrading/bot.madeline/safe.php.lock...
SessionPaths, innatarasyan:   	Got exclusive lock of /home/user/PhpstormProjects/CryptoTrading/bot.madeline/safe.php.lock...
SessionPaths, innatarasyan:   	Waiting for exclusive lock of /home/user/PhpstormProjects/CryptoTrading/bot.madeline/lightState.php.lock...
SessionPaths, innatarasyan:   	Got exclusive lock of /home/user/PhpstormProjects/CryptoTrading/bot.madeline/lightState.php.lock...
APIWrapper, innatarasyan:     	Saved session!
SessionPaths, innatarasyan:   	Waiting for exclusive lock of /home/user/PhpstormProjects/CryptoTrading/bot.madeline/safe.php.lock...
SessionPaths, innatarasyan:   	Got exclusive lock of /home/user/PhpstormProjects/CryptoTrading/bot.madeline/safe.php.lock...
SessionPaths, innatarasyan:   	Waiting for exclusive lock of /home/user/PhpstormProjects/CryptoTrading/bot.madeline/lightState.php.lock...
SessionPaths, innatarasyan:   	Got exclusive lock of /home/user/PhpstormProjects/CryptoTrading/bot.madeline/lightState.php.lock...
APIWrapper, innatarasyan:     	Saved session!
AbstractServer, innatarasyan: 	Accepted IPC client connection!
SessionPaths, innatarasyan:   	Waiting for exclusive lock of /home/user/PhpstormProjects/CryptoTrading/bot.madeline/safe.php.lock...
SessionPaths, innatarasyan:   	Got exclusive lock of /home/user/PhpstormProjects/CryptoTrading/bot.madeline/safe.php.lock...
SessionPaths, innatarasyan:   	Waiting for exclusive lock of /home/user/PhpstormProjects/CryptoTrading/bot.madeline/lightState.php.lock...
SessionPaths, innatarasyan:   	Got exclusive lock of /home/user/PhpstormProjects/CryptoTrading/bot.madeline/lightState.php.lock...
APIWrapper, innatarasyan:     	Saved session!
SessionPaths, innatarasyan:   	Waiting for exclusive lock of /home/user/PhpstormProjects/CryptoTrading/bot.madeline/safe.php.lock...
SessionPaths, innatarasyan:   	Got exclusive lock of /home/user/PhpstormProjects/CryptoTrading/bot.madeline/safe.php.lock...
SessionPaths, innatarasyan:   	Waiting for exclusive lock of /home/user/PhpstormProjects/CryptoTrading/bot.madeline/lightState.php.lock...
SessionPaths, innatarasyan:   	Got exclusive lock of /home/user/PhpstormProjects/CryptoTrading/bot.madeline/lightState.php.lock...
APIWrapper, innatarasyan:     	Saved session!
SessionPaths, innatarasyan:   	Waiting for exclusive lock of /home/user/PhpstormProjects/CryptoTrading/bot.madeline/safe.php.lock...
SessionPaths, innatarasyan:   	Got exclusive lock of /home/user/PhpstormProjects/CryptoTrading/bot.madeline/safe.php.lock...
SessionPaths, innatarasyan:   	Waiting for exclusive lock of /home/user/PhpstormProjects/CryptoTrading/bot.madeline/lightState.php.lock...
SessionPaths, innatarasyan:   	Got exclusive lock of /home/user/PhpstormProjects/CryptoTrading/bot.madeline/lightState.php.lock...
APIWrapper, innatarasyan:     	Saved session!
SessionPaths, innatarasyan:   	Waiting for exclusive lock of /home/user/PhpstormProjects/CryptoTrading/bot.madeline/safe.php.lock...
SessionPaths, innatarasyan:   	Got exclusive lock of /home/user/PhpstormProjects/CryptoTrading/bot.madeline/safe.php.lock...
SessionPaths, innatarasyan:   	Waiting for exclusive lock of /home/user/PhpstormProjects/CryptoTrading/bot.madeline/lightState.php.lock...
SessionPaths, innatarasyan:   	Got exclusive lock of /home/user/PhpstormProjects/CryptoTrading/bot.madeline/lightState.php.lock...
APIWrapper, innatarasyan:     	Saved session!
FeedLoop, innatarasyan:       	Resumed update feed loop generic
SessionPaths, innatarasyan:   	Waiting for exclusive lock of /home/user/PhpstormProjects/CryptoTrading/bot.madeline/safe.php.lock...
SessionPaths, innatarasyan:   	Got exclusive lock of /home/user/PhpstormProjects/CryptoTrading/bot.madeline/safe.php.lock...
SessionPaths, innatarasyan:   	Waiting for exclusive lock of /home/user/PhpstormProjects/CryptoTrading/bot.madeline/lightState.php.lock...
SessionPaths, innatarasyan:   	Got exclusive lock of /home/user/PhpstormProjects/CryptoTrading/bot.madeline/lightState.php.lock...
APIWrapper, innatarasyan:     	Saved session!
SessionPaths, innatarasyan:   	Waiting for exclusive lock of /home/user/PhpstormProjects/CryptoTrading/bot.madeline/safe.php.lock...
SessionPaths, innatarasyan:   	Got exclusive lock of /home/user/PhpstormProjects/CryptoTrading/bot.madeline/safe.php.lock...
SessionPaths, innatarasyan:   	Waiting for exclusive lock of /home/user/PhpstormProjects/CryptoTrading/bot.madeline/lightState.php.lock...
SessionPaths, innatarasyan:   	Got exclusive lock of /home/user/PhpstormProjects/CryptoTrading/bot.madeline/lightState.php.lock...
APIWrapper, innatarasyan:     	Saved session!
SessionPaths, innatarasyan:   	Waiting for exclusive lock of /home/user/PhpstormProjects/CryptoTrading/bot.madeline/safe.php.lock...
SessionPaths, innatarasyan:   	Got exclusive lock of /home/user/PhpstormProjects/CryptoTrading/bot.madeline/safe.php.lock...
SessionPaths, innatarasyan:   	Waiting for exclusive lock of /home/user/PhpstormProjects/CryptoTrading/bot.madeline/lightState.php.lock...
SessionPaths, innatarasyan:   	Got exclusive lock of /home/user/PhpstormProjects/CryptoTrading/bot.madeline/lightState.php.lock...
APIWrapper, innatarasyan:     	Saved session!
SessionPaths, innatarasyan:   	Waiting for exclusive lock of /home/user/PhpstormProjects/CryptoTrading/bot.madeline/safe.php.lock...
SessionPaths, innatarasyan:   	Got exclusive lock of /home/user/PhpstormProjects/CryptoTrading/bot.madeline/safe.php.lock...
SessionPaths, innatarasyan:   	Waiting for exclusive lock of /home/user/PhpstormProjects/CryptoTrading/bot.madeline/lightState.php.lock...
SessionPaths, innatarasyan:   	Got exclusive lock of /home/user/PhpstormProjects/CryptoTrading/bot.madeline/lightState.php.lock...
APIWrapper, innatarasyan:     	Saved session!
SessionPaths, innatarasyan:   	Waiting for exclusive lock of /home/user/PhpstormProjects/CryptoTrading/bot.madeline/safe.php.lock...
SessionPaths, innatarasyan:   	Got exclusive lock of /home/user/PhpstormProjects/CryptoTrading/bot.madeline/safe.php.lock...
SessionPaths, innatarasyan:   	Waiting for exclusive lock of /home/user/PhpstormProjects/CryptoTrading/bot.madeline/lightState.php.lock...
SessionPaths, innatarasyan:   	Got exclusive lock of /home/user/PhpstormProjects/CryptoTrading/bot.madeline/lightState.php.lock...
APIWrapper, innatarasyan:     	Saved session!
SessionPaths, innatarasyan:   	Waiting for exclusive lock of /home/user/PhpstormProjects/CryptoTrading/bot.madeline/safe.php.lock...
SessionPaths, innatarasyan:   	Got exclusive lock of /home/user/PhpstormProjects/CryptoTrading/bot.madeline/safe.php.lock...
SessionPaths, innatarasyan:   	Waiting for exclusive lock of /home/user/PhpstormProjects/CryptoTrading/bot.madeline/lightState.php.lock...
SessionPaths, innatarasyan:   	Got exclusive lock of /home/user/PhpstormProjects/CryptoTrading/bot.madeline/lightState.php.lock...
APIWrapper, innatarasyan:     	Saved session!
SessionPaths, innatarasyan:   	Waiting for exclusive lock of /home/user/PhpstormProjects/CryptoTrading/bot.madeline/safe.php.lock...
SessionPaths, innatarasyan:   	Got exclusive lock of /home/user/PhpstormProjects/CryptoTrading/bot.madeline/safe.php.lock...
SessionPaths, innatarasyan:   	Waiting for exclusive lock of /home/user/PhpstormProjects/CryptoTrading/bot.madeline/lightState.php.lock...
SessionPaths, innatarasyan:   	Got exclusive lock of /home/user/PhpstormProjects/CryptoTrading/bot.madeline/lightState.php.lock...
APIWrapper, innatarasyan:     	Saved session!
SessionPaths, innatarasyan:   	Waiting for exclusive lock of /home/user/PhpstormProjects/CryptoTrading/bot.madeline/safe.php.lock...
SessionPaths, innatarasyan:   	Got exclusive lock of /home/user/PhpstormProjects/CryptoTrading/bot.madeline/safe.php.lock...
SessionPaths, innatarasyan:   	Waiting for exclusive lock of /home/user/PhpstormProjects/CryptoTrading/bot.madeline/lightState.php.lock...
SessionPaths, innatarasyan:   	Got exclusive lock of /home/user/PhpstormProjects/CryptoTrading/bot.madeline/lightState.php.lock...
APIWrapper, innatarasyan:     	Saved session!
Logger:         	MadelineProto 8.4.20
Logger:         	Copyright (C) 2016-2025 Daniil Gentili
Logger:         	Licensed under AGPLv3
Logger:         	https://github.com/danog/MadelineProto
Serialization:  	Got exclusive session lock!
DataCenter:     	Connecting to DC 2
DataCenterConnection: 	Restoring 0 messages to DC 2
Session:        	Resetting session in DC 2.0 due to creating initial session...
Connection:     	Connecting to DC 2.0 via tcp://149.154.167.41:443 main DC 2, via ipv4 using AbridgedStream => BufferedRawStream => DefaultStream 
DataCenterConnection: 	Handling auth key transition to ENCRYPTED_NOT_AUTHED_NO_LOGIN in DC 2
DataCenterConnection: 	Finished auth key transition to ENCRYPTED_NOT_AUTHED_NO_LOGIN in DC 2
Connection:     	Connected to DC 2.0 via tcp://149.154.167.41:443 main DC 2, via ipv4 using AbridgedStream => BufferedRawStream => DefaultStream!
MTProto:        	AUTH_KEY_UNREGISTERED
APIWrapper:     	MadelineProto is ready!
SessionPaths:   	Waiting for exclusive lock of /home/user/PhpstormProjects/CryptoTrading/bot.madeline/ipcState.php.lock...
SessionPaths:   	Got exclusive lock of /home/user/PhpstormProjects/CryptoTrading/bot.madeline/ipcState.php.lock...
SessionPaths:   	Waiting for exclusive lock of /home/user/PhpstormProjects/CryptoTrading/bot.madeline/safe.php.lock...
SessionPaths:   	Got exclusive lock of /home/user/PhpstormProjects/CryptoTrading/bot.madeline/safe.php.lock...
SessionPaths:   	Waiting for exclusive lock of /home/user/PhpstormProjects/CryptoTrading/bot.madeline/lightState.php.lock...
SessionPaths:   	Got exclusive lock of /home/user/PhpstormProjects/CryptoTrading/bot.madeline/lightState.php.lock...
APIWrapper:     	Saved session!
AbstractServer: 	Accepted IPC client connection!
Login:          	Logging in as a bot...
SessionPaths:   	Waiting for exclusive lock of /home/user/PhpstormProjects/CryptoTrading/bot.madeline/safe.php.lock...
SessionPaths:   	Got exclusive lock of /home/user/PhpstormProjects/CryptoTrading/bot.madeline/safe.php.lock...
SessionPaths:   	Waiting for exclusive lock of /home/user/PhpstormProjects/CryptoTrading/bot.madeline/lightState.php.lock...
SessionPaths:   	Got exclusive lock of /home/user/PhpstormProjects/CryptoTrading/bot.madeline/lightState.php.lock...
APIWrapper:     	Saved session!
Login:          	Logged in successfully!
DataCenterConnection: 	Handling auth key transition to ENCRYPTED in DC 2
DataCenterConnection: 	Finished auth key transition to ENCRYPTED in DC 2
FeedLoop:       	Resumed update feed loop generic
AbstractServer: 	Got error while calling IPC method: Telegram returned an RPC error: The specified method cannot be used by bots. (400) (BOT_METHOD_INVALID), caused by /home/user/PhpstormProjects/CryptoTrading/vendor/danog/madelineproto/src/RPCErrorException.php:778
Revision: 8.4.20

TL trace:
['messages.getHistory']
ResponseHandler.php(347):	make()
WrappedFuture.php(59):	{closure:danog\MadelineProto\MTProtoSession\ResponseHandler::handleRpcError():347}()
CallHandler.php(139):	await()
CallHandler.php(49):	methodCallAsyncRead()
AbstractServer.php(259):	methodCallAsyncRead()
AbstractDriver.php(430):	clientRequest()
AbstractDriver.php(621):	invokeMicrotasks()
{closure:Revolt\EventLoop\Internal\AbstractDriver::createCallbackFiber():565}()
DriverSuspension.php(64):	resume()
AbstractDriver.php(430):	{closure:Revolt\EventLoop\Internal\DriverSuspension::resume():61}()
AbstractDriver.php(621):	invokeMicrotasks()
{closure:Revolt\EventLoop\Internal\AbstractDriver::createCallbackFiber():565}()
DriverSuspension.php(64):	resume()
AbstractDriver.php(430):	{closure:Revolt\EventLoop\Internal\DriverSuspension::resume():61}()
AbstractDriver.php(567):	invokeMicrotasks()
{closure:Revolt\EventLoop\Internal\AbstractDriver::createCallbackFiber():565}()
AbstractDriver.php(503):	start()
AbstractDriver.php(558):	invokeCallbacks()
{closure:Revolt\EventLoop\Internal\AbstractDriver::createLoopFiber():538}()
AbstractDriver.php(96):	resume()
DriverSuspension.php(117):	{closure:Revolt\EventLoop\Internal\AbstractDriver::__construct():90}()
Future.php(251):    	suspend()
AbstractServer.php(177):	await()
entry.php(119):     	waitShutdown()
entry.php(154):     	{closure:/home/user/PhpstormProjects/CryptoTrading/vendor/danog/madelineproto/src/Ipc/Runner/entry.php:35}()

AbstractServer: 	Got error while calling IPC method: Telegram returned an RPC error: The specified method cannot be used by bots. (400) (BOT_METHOD_INVALID), caused by /home/user/PhpstormProjects/CryptoTrading/vendor/danog/madelineproto/src/RPCErrorException.php:778
Revision: 8.4.20

TL trace:
['messages.getHistory']
ResponseHandler.php(347):	make()
WrappedFuture.php(59):	{closure:danog\MadelineProto\MTProtoSession\ResponseHandler::handleRpcError():347}()
CallHandler.php(139):	await()
CallHandler.php(49):	methodCallAsyncRead()
AbstractServer.php(259):	methodCallAsyncRead()
AbstractDriver.php(430):	clientRequest()
AbstractDriver.php(621):	invokeMicrotasks()
{closure:Revolt\EventLoop\Internal\AbstractDriver::createCallbackFiber():565}()
DriverSuspension.php(64):	resume()
AbstractDriver.php(430):	{closure:Revolt\EventLoop\Internal\DriverSuspension::resume():61}()
AbstractDriver.php(621):	invokeMicrotasks()
{closure:Revolt\EventLoop\Internal\AbstractDriver::createCallbackFiber():565}()
DriverSuspension.php(64):	resume()
AbstractDriver.php(430):	{closure:Revolt\EventLoop\Internal\DriverSuspension::resume():61}()
AbstractDriver.php(567):	invokeMicrotasks()
{closure:Revolt\EventLoop\Internal\AbstractDriver::createCallbackFiber():565}()
AbstractDriver.php(503):	start()
AbstractDriver.php(558):	invokeCallbacks()
{closure:Revolt\EventLoop\Internal\AbstractDriver::createLoopFiber():538}()
AbstractDriver.php(96):	resume()
DriverSuspension.php(117):	{closure:Revolt\EventLoop\Internal\AbstractDriver::__construct():90}()
Future.php(251):    	suspend()
AbstractServer.php(177):	await()
entry.php(119):     	waitShutdown()
entry.php(154):     	{closure:/home/user/PhpstormProjects/CryptoTrading/vendor/danog/madelineproto/src/Ipc/Runner/entry.php:35}()

AbstractServer: 	Got error while calling IPC method: Telegram returned an RPC error: The specified method cannot be used by bots. (400) (BOT_METHOD_INVALID), caused by /home/user/PhpstormProjects/CryptoTrading/vendor/danog/madelineproto/src/RPCErrorException.php:778
Revision: 8.4.20

TL trace:
['messages.getHistory']
ResponseHandler.php(347):	make()
WrappedFuture.php(59):	{closure:danog\MadelineProto\MTProtoSession\ResponseHandler::handleRpcError():347}()
CallHandler.php(139):	await()
CallHandler.php(49):	methodCallAsyncRead()
AbstractServer.php(259):	methodCallAsyncRead()
AbstractDriver.php(430):	clientRequest()
AbstractDriver.php(621):	invokeMicrotasks()
{closure:Revolt\EventLoop\Internal\AbstractDriver::createCallbackFiber():565}()
DriverSuspension.php(64):	resume()
AbstractDriver.php(430):	{closure:Revolt\EventLoop\Internal\DriverSuspension::resume():61}()
AbstractDriver.php(621):	invokeMicrotasks()
{closure:Revolt\EventLoop\Internal\AbstractDriver::createCallbackFiber():565}()
DriverSuspension.php(64):	resume()
AbstractDriver.php(430):	{closure:Revolt\EventLoop\Internal\DriverSuspension::resume():61}()
AbstractDriver.php(567):	invokeMicrotasks()
{closure:Revolt\EventLoop\Internal\AbstractDriver::createCallbackFiber():565}()
AbstractDriver.php(503):	start()
AbstractDriver.php(558):	invokeCallbacks()
{closure:Revolt\EventLoop\Internal\AbstractDriver::createLoopFiber():538}()
AbstractDriver.php(96):	resume()
DriverSuspension.php(117):	{closure:Revolt\EventLoop\Internal\AbstractDriver::__construct():90}()
Future.php(251):    	suspend()
AbstractServer.php(177):	await()
entry.php(119):     	waitShutdown()
entry.php(154):     	{closure:/home/user/PhpstormProjects/CryptoTrading/vendor/danog/madelineproto/src/Ipc/Runner/entry.php:35}()

SessionPaths, innatarasyan:   	Waiting for exclusive lock of /home/user/PhpstormProjects/CryptoTrading/bot.madeline/safe.php.lock...
SessionPaths, innatarasyan:   	Got exclusive lock of /home/user/PhpstormProjects/CryptoTrading/bot.madeline/safe.php.lock...
SessionPaths, innatarasyan:   	Waiting for exclusive lock of /home/user/PhpstormProjects/CryptoTrading/bot.madeline/lightState.php.lock...
SessionPaths, innatarasyan:   	Got exclusive lock of /home/user/PhpstormProjects/CryptoTrading/bot.madeline/lightState.php.lock...
APIWrapper, innatarasyan:     	Saved session!
AbstractServer: 	Got error while calling IPC method: Telegram returned an RPC error: The specified method cannot be used by bots. (400) (BOT_METHOD_INVALID), caused by /home/user/PhpstormProjects/CryptoTrading/vendor/danog/madelineproto/src/RPCErrorException.php:778
Revision: 8.4.20

TL trace:
['messages.getHistory']
ResponseHandler.php(347):	make()
WrappedFuture.php(59):	{closure:danog\MadelineProto\MTProtoSession\ResponseHandler::handleRpcError():347}()
CallHandler.php(139):	await()
CallHandler.php(49):	methodCallAsyncRead()
AbstractServer.php(259):	methodCallAsyncRead()
AbstractDriver.php(430):	clientRequest()
AbstractDriver.php(621):	invokeMicrotasks()
{closure:Revolt\EventLoop\Internal\AbstractDriver::createCallbackFiber():565}()
DriverSuspension.php(64):	resume()
AbstractDriver.php(430):	{closure:Revolt\EventLoop\Internal\DriverSuspension::resume():61}()
AbstractDriver.php(621):	invokeMicrotasks()
{closure:Revolt\EventLoop\Internal\AbstractDriver::createCallbackFiber():565}()
DriverSuspension.php(64):	resume()
AbstractDriver.php(430):	{closure:Revolt\EventLoop\Internal\DriverSuspension::resume():61}()
AbstractDriver.php(567):	invokeMicrotasks()
{closure:Revolt\EventLoop\Internal\AbstractDriver::createCallbackFiber():565}()
AbstractDriver.php(503):	start()
AbstractDriver.php(558):	invokeCallbacks()
{closure:Revolt\EventLoop\Internal\AbstractDriver::createLoopFiber():538}()
AbstractDriver.php(96):	resume()
DriverSuspension.php(117):	{closure:Revolt\EventLoop\Internal\AbstractDriver::__construct():90}()
Future.php(251):    	suspend()
AbstractServer.php(177):	await()
entry.php(119):     	waitShutdown()
entry.php(154):     	{closure:/home/user/PhpstormProjects/CryptoTrading/vendor/danog/madelineproto/src/Ipc/Runner/entry.php:35}()

FeedLoop, innatarasyan:       	Resumed update feed loop generic
SessionPaths, innatarasyan:   	Waiting for exclusive lock of /home/user/PhpstormProjects/CryptoTrading/bot.madeline/safe.php.lock...
SessionPaths, innatarasyan:   	Got exclusive lock of /home/user/PhpstormProjects/CryptoTrading/bot.madeline/safe.php.lock...
SessionPaths, innatarasyan:   	Waiting for exclusive lock of /home/user/PhpstormProjects/CryptoTrading/bot.madeline/lightState.php.lock...
SessionPaths, innatarasyan:   	Got exclusive lock of /home/user/PhpstormProjects/CryptoTrading/bot.madeline/lightState.php.lock...
APIWrapper, innatarasyan:     	Saved session!
SessionPaths:   	Waiting for exclusive lock of /home/user/PhpstormProjects/CryptoTrading/bot.madeline/safe.php.lock...
SessionPaths:   	Got exclusive lock of /home/user/PhpstormProjects/CryptoTrading/bot.madeline/safe.php.lock...
SessionPaths:   	Waiting for exclusive lock of /home/user/PhpstormProjects/CryptoTrading/bot.madeline/lightState.php.lock...
SessionPaths:   	Got exclusive lock of /home/user/PhpstormProjects/CryptoTrading/bot.madeline/lightState.php.lock...
APIWrapper:     	Saved session!
FeedLoop, innatarasyan:       	Resumed update feed loop generic
SessionPaths, innatarasyan:   	Waiting for exclusive lock of /home/user/PhpstormProjects/CryptoTrading/bot.madeline/safe.php.lock...
SessionPaths, innatarasyan:   	Got exclusive lock of /home/user/PhpstormProjects/CryptoTrading/bot.madeline/safe.php.lock...
SessionPaths, innatarasyan:   	Waiting for exclusive lock of /home/user/PhpstormProjects/CryptoTrading/bot.madeline/lightState.php.lock...
SessionPaths, innatarasyan:   	Got exclusive lock of /home/user/PhpstormProjects/CryptoTrading/bot.madeline/lightState.php.lock...
APIWrapper, innatarasyan:     	Saved session!
SessionPaths, innatarasyan:   	Waiting for exclusive lock of /home/user/PhpstormProjects/CryptoTrading/bot.madeline/safe.php.lock...
SessionPaths, innatarasyan:   	Got exclusive lock of /home/user/PhpstormProjects/CryptoTrading/bot.madeline/safe.php.lock...
SessionPaths, innatarasyan:   	Waiting for exclusive lock of /home/user/PhpstormProjects/CryptoTrading/bot.madeline/lightState.php.lock...
SessionPaths, innatarasyan:   	Got exclusive lock of /home/user/PhpstormProjects/CryptoTrading/bot.madeline/lightState.php.lock...
APIWrapper, innatarasyan:     	Saved session!
SessionPaths:   	Waiting for exclusive lock of /home/user/PhpstormProjects/CryptoTrading/bot.madeline/safe.php.lock...
SessionPaths:   	Got exclusive lock of /home/user/PhpstormProjects/CryptoTrading/bot.madeline/safe.php.lock...
SessionPaths:   	Waiting for exclusive lock of /home/user/PhpstormProjects/CryptoTrading/bot.madeline/lightState.php.lock...
SessionPaths:   	Got exclusive lock of /home/user/PhpstormProjects/CryptoTrading/bot.madeline/lightState.php.lock...
APIWrapper:     	Saved session!
SessionPaths, innatarasyan:   	Waiting for exclusive lock of /home/user/PhpstormProjects/CryptoTrading/bot.madeline/safe.php.lock...
SessionPaths, innatarasyan:   	Got exclusive lock of /home/user/PhpstormProjects/CryptoTrading/bot.madeline/safe.php.lock...
SessionPaths, innatarasyan:   	Waiting for exclusive lock of /home/user/PhpstormProjects/CryptoTrading/bot.madeline/lightState.php.lock...
SessionPaths, innatarasyan:   	Got exclusive lock of /home/user/PhpstormProjects/CryptoTrading/bot.madeline/lightState.php.lock...
APIWrapper, innatarasyan:     	Saved session!
SessionPaths, innatarasyan:   	Waiting for exclusive lock of /home/user/PhpstormProjects/CryptoTrading/bot.madeline/safe.php.lock...
SessionPaths, innatarasyan:   	Got exclusive lock of /home/user/PhpstormProjects/CryptoTrading/bot.madeline/safe.php.lock...
SessionPaths, innatarasyan:   	Waiting for exclusive lock of /home/user/PhpstormProjects/CryptoTrading/bot.madeline/lightState.php.lock...
SessionPaths, innatarasyan:   	Got exclusive lock of /home/user/PhpstormProjects/CryptoTrading/bot.madeline/lightState.php.lock...
APIWrapper, innatarasyan:     	Saved session!
SessionPaths:   	Waiting for exclusive lock of /home/user/PhpstormProjects/CryptoTrading/bot.madeline/safe.php.lock...
SessionPaths:   	Got exclusive lock of /home/user/PhpstormProjects/CryptoTrading/bot.madeline/safe.php.lock...
SessionPaths:   	Waiting for exclusive lock of /home/user/PhpstormProjects/CryptoTrading/bot.madeline/lightState.php.lock...
SessionPaths:   	Got exclusive lock of /home/user/PhpstormProjects/CryptoTrading/bot.madeline/lightState.php.lock...
APIWrapper:     	Saved session!
SessionPaths, innatarasyan:   	Waiting for exclusive lock of /home/user/PhpstormProjects/CryptoTrading/bot.madeline/safe.php.lock...
SessionPaths, innatarasyan:   	Got exclusive lock of /home/user/PhpstormProjects/CryptoTrading/bot.madeline/safe.php.lock...
SessionPaths, innatarasyan:   	Waiting for exclusive lock of /home/user/PhpstormProjects/CryptoTrading/bot.madeline/lightState.php.lock...
SessionPaths, innatarasyan:   	Got exclusive lock of /home/user/PhpstormProjects/CryptoTrading/bot.madeline/lightState.php.lock...
APIWrapper, innatarasyan:     	Saved session!
SessionPaths, innatarasyan:   	Waiting for exclusive lock of /home/user/PhpstormProjects/CryptoTrading/bot.madeline/safe.php.lock...
SessionPaths, innatarasyan:   	Got exclusive lock of /home/user/PhpstormProjects/CryptoTrading/bot.madeline/safe.php.lock...
SessionPaths, innatarasyan:   	Waiting for exclusive lock of /home/user/PhpstormProjects/CryptoTrading/bot.madeline/lightState.php.lock...
SessionPaths, innatarasyan:   	Got exclusive lock of /home/user/PhpstormProjects/CryptoTrading/bot.madeline/lightState.php.lock...
APIWrapper, innatarasyan:     	Saved session!
SessionPaths:   	Waiting for exclusive lock of /home/user/PhpstormProjects/CryptoTrading/bot.madeline/safe.php.lock...
SessionPaths:   	Got exclusive lock of /home/user/PhpstormProjects/CryptoTrading/bot.madeline/safe.php.lock...
SessionPaths:   	Waiting for exclusive lock of /home/user/PhpstormProjects/CryptoTrading/bot.madeline/lightState.php.lock...
SessionPaths:   	Got exclusive lock of /home/user/PhpstormProjects/CryptoTrading/bot.madeline/lightState.php.lock...
APIWrapper:     	Saved session!
SessionPaths, innatarasyan:   	Waiting for exclusive lock of /home/user/PhpstormProjects/CryptoTrading/bot.madeline/safe.php.lock...
SessionPaths, innatarasyan:   	Got exclusive lock of /home/user/PhpstormProjects/CryptoTrading/bot.madeline/safe.php.lock...
SessionPaths, innatarasyan:   	Waiting for exclusive lock of /home/user/PhpstormProjects/CryptoTrading/bot.madeline/lightState.php.lock...
SessionPaths, innatarasyan:   	Got exclusive lock of /home/user/PhpstormProjects/CryptoTrading/bot.madeline/lightState.php.lock...
APIWrapper, innatarasyan:     	Saved session!
SessionPaths, innatarasyan:   	Waiting for exclusive lock of /home/user/PhpstormProjects/CryptoTrading/bot.madeline/safe.php.lock...
SessionPaths, innatarasyan:   	Got exclusive lock of /home/user/PhpstormProjects/CryptoTrading/bot.madeline/safe.php.lock...
SessionPaths, innatarasyan:   	Waiting for exclusive lock of /home/user/PhpstormProjects/CryptoTrading/bot.madeline/lightState.php.lock...
SessionPaths, innatarasyan:   	Got exclusive lock of /home/user/PhpstormProjects/CryptoTrading/bot.madeline/lightState.php.lock...
APIWrapper, innatarasyan:     	Saved session!
SessionPaths:   	Waiting for exclusive lock of /home/user/PhpstormProjects/CryptoTrading/bot.madeline/safe.php.lock...
SessionPaths:   	Got exclusive lock of /home/user/PhpstormProjects/CryptoTrading/bot.madeline/safe.php.lock...
SessionPaths:   	Waiting for exclusive lock of /home/user/PhpstormProjects/CryptoTrading/bot.madeline/lightState.php.lock...
SessionPaths:   	Got exclusive lock of /home/user/PhpstormProjects/CryptoTrading/bot.madeline/lightState.php.lock...
APIWrapper:     	Saved session!
SessionPaths, innatarasyan:   	Waiting for exclusive lock of /home/user/PhpstormProjects/CryptoTrading/bot.madeline/safe.php.lock...
SessionPaths, innatarasyan:   	Got exclusive lock of /home/user/PhpstormProjects/CryptoTrading/bot.madeline/safe.php.lock...
SessionPaths, innatarasyan:   	Waiting for exclusive lock of /home/user/PhpstormProjects/CryptoTrading/bot.madeline/lightState.php.lock...
SessionPaths, innatarasyan:   	Got exclusive lock of /home/user/PhpstormProjects/CryptoTrading/bot.madeline/lightState.php.lock...
APIWrapper, innatarasyan:     	Saved session!
SessionPaths, innatarasyan:   	Waiting for exclusive lock of /home/user/PhpstormProjects/CryptoTrading/bot.madeline/safe.php.lock...
SessionPaths, innatarasyan:   	Got exclusive lock of /home/user/PhpstormProjects/CryptoTrading/bot.madeline/safe.php.lock...
SessionPaths, innatarasyan:   	Waiting for exclusive lock of /home/user/PhpstormProjects/CryptoTrading/bot.madeline/lightState.php.lock...
SessionPaths, innatarasyan:   	Got exclusive lock of /home/user/PhpstormProjects/CryptoTrading/bot.madeline/lightState.php.lock...
APIWrapper, innatarasyan:     	Saved session!
SessionPaths:   	Waiting for exclusive lock of /home/user/PhpstormProjects/CryptoTrading/bot.madeline/safe.php.lock...
SessionPaths:   	Got exclusive lock of /home/user/PhpstormProjects/CryptoTrading/bot.madeline/safe.php.lock...
SessionPaths:   	Waiting for exclusive lock of /home/user/PhpstormProjects/CryptoTrading/bot.madeline/lightState.php.lock...
SessionPaths:   	Got exclusive lock of /home/user/PhpstormProjects/CryptoTrading/bot.madeline/lightState.php.lock...
APIWrapper:     	Saved session!
SessionPaths, innatarasyan:   	Waiting for exclusive lock of /home/user/PhpstormProjects/CryptoTrading/bot.madeline/safe.php.lock...
SessionPaths, innatarasyan:   	Got exclusive lock of /home/user/PhpstormProjects/CryptoTrading/bot.madeline/safe.php.lock...
SessionPaths, innatarasyan:   	Waiting for exclusive lock of /home/user/PhpstormProjects/CryptoTrading/bot.madeline/lightState.php.lock...
SessionPaths, innatarasyan:   	Got exclusive lock of /home/user/PhpstormProjects/CryptoTrading/bot.madeline/lightState.php.lock...
APIWrapper, innatarasyan:     	Saved session!
SessionPaths, innatarasyan:   	Waiting for exclusive lock of /home/user/PhpstormProjects/CryptoTrading/bot.madeline/safe.php.lock...
SessionPaths, innatarasyan:   	Got exclusive lock of /home/user/PhpstormProjects/CryptoTrading/bot.madeline/safe.php.lock...
SessionPaths, innatarasyan:   	Waiting for exclusive lock of /home/user/PhpstormProjects/CryptoTrading/bot.madeline/lightState.php.lock...
SessionPaths, innatarasyan:   	Got exclusive lock of /home/user/PhpstormProjects/CryptoTrading/bot.madeline/lightState.php.lock...
APIWrapper, innatarasyan:     	Saved session!
SessionPaths:   	Waiting for exclusive lock of /home/user/PhpstormProjects/CryptoTrading/bot.madeline/safe.php.lock...
SessionPaths:   	Got exclusive lock of /home/user/PhpstormProjects/CryptoTrading/bot.madeline/safe.php.lock...
SessionPaths:   	Waiting for exclusive lock of /home/user/PhpstormProjects/CryptoTrading/bot.madeline/lightState.php.lock...
SessionPaths:   	Got exclusive lock of /home/user/PhpstormProjects/CryptoTrading/bot.madeline/lightState.php.lock...
APIWrapper:     	Saved session!
SessionPaths, innatarasyan:   	Waiting for exclusive lock of /home/user/PhpstormProjects/CryptoTrading/bot.madeline/safe.php.lock...
SessionPaths, innatarasyan:   	Got exclusive lock of /home/user/PhpstormProjects/CryptoTrading/bot.madeline/safe.php.lock...
SessionPaths, innatarasyan:   	Waiting for exclusive lock of /home/user/PhpstormProjects/CryptoTrading/bot.madeline/lightState.php.lock...
SessionPaths, innatarasyan:   	Got exclusive lock of /home/user/PhpstormProjects/CryptoTrading/bot.madeline/lightState.php.lock...
APIWrapper, innatarasyan:     	Saved session!
FeedLoop, innatarasyan:       	Resumed update feed loop channel -1001290362028
SessionPaths, innatarasyan:   	Waiting for exclusive lock of /home/user/PhpstormProjects/CryptoTrading/bot.madeline/safe.php.lock...
SessionPaths, innatarasyan:   	Got exclusive lock of /home/user/PhpstormProjects/CryptoTrading/bot.madeline/safe.php.lock...
SessionPaths, innatarasyan:   	Waiting for exclusive lock of /home/user/PhpstormProjects/CryptoTrading/bot.madeline/lightState.php.lock...
SessionPaths, innatarasyan:   	Got exclusive lock of /home/user/PhpstormProjects/CryptoTrading/bot.madeline/lightState.php.lock...
APIWrapper, innatarasyan:     	Saved session!
FeedLoop, innatarasyan:       	Resumed update feed loop channel -1001290362028
AbstractServer: 	Accepted IPC client connection!
AbstractServer, Inna_CryptoBot: 	Got error while calling IPC method: Telegram returned an RPC error: You must be an admin in this chat to do this. (400) (CHAT_ADMIN_REQUIRED), caused by /home/user/PhpstormProjects/CryptoTrading/vendor/danog/madelineproto/src/RPCErrorException.php:320
Revision: 8.4.20

TL trace:
['channels.getParticipants']
ResponseHandler.php(347):	make()
WrappedFuture.php(59):	{closure:danog\MadelineProto\MTProtoSession\ResponseHandler::handleRpcError():347}()
CallHandler.php(139):	await()
CallHandler.php(49):	methodCallAsyncRead()
AbstractServer.php(259):	methodCallAsyncRead()
AbstractDriver.php(430):	clientRequest()
AbstractDriver.php(621):	invokeMicrotasks()
{closure:Revolt\EventLoop\Internal\AbstractDriver::createCallbackFiber():565}()
DriverSuspension.php(64):	resume()
AbstractDriver.php(430):	{closure:Revolt\EventLoop\Internal\DriverSuspension::resume():61}()
AbstractDriver.php(621):	invokeMicrotasks()
{closure:Revolt\EventLoop\Internal\AbstractDriver::createCallbackFiber():565}()
AbstractDriver.php(502):	resume()
AbstractDriver.php(558):	invokeCallbacks()
{closure:Revolt\EventLoop\Internal\AbstractDriver::createLoopFiber():538}()
AbstractDriver.php(96):	resume()
DriverSuspension.php(117):	{closure:Revolt\EventLoop\Internal\AbstractDriver::__construct():90}()
Future.php(251):    	suspend()
AbstractServer.php(177):	await()
entry.php(119):     	waitShutdown()
entry.php(154):     	{closure:/home/user/PhpstormProjects/CryptoTrading/vendor/danog/madelineproto/src/Ipc/Runner/entry.php:35}()

AbstractServer, Inna_CryptoBot: 	Got error while calling IPC method: Telegram returned an RPC error: You must be an admin in this chat to do this. (400) (CHAT_ADMIN_REQUIRED), caused by /home/user/PhpstormProjects/CryptoTrading/vendor/danog/madelineproto/src/RPCErrorException.php:320
Revision: 8.4.20

TL trace:
['channels.getParticipants']
ResponseHandler.php(347):	make()
WrappedFuture.php(59):	{closure:danog\MadelineProto\MTProtoSession\ResponseHandler::handleRpcError():347}()
CallHandler.php(139):	await()
CallHandler.php(49):	methodCallAsyncRead()
AbstractServer.php(259):	methodCallAsyncRead()
AbstractDriver.php(430):	clientRequest()
AbstractDriver.php(621):	invokeMicrotasks()
{closure:Revolt\EventLoop\Internal\AbstractDriver::createCallbackFiber():565}()
DriverSuspension.php(64):	resume()
AbstractDriver.php(430):	{closure:Revolt\EventLoop\Internal\DriverSuspension::resume():61}()
AbstractDriver.php(621):	invokeMicrotasks()
{closure:Revolt\EventLoop\Internal\AbstractDriver::createCallbackFiber():565}()
AbstractDriver.php(502):	resume()
AbstractDriver.php(558):	invokeCallbacks()
{closure:Revolt\EventLoop\Internal\AbstractDriver::createLoopFiber():538}()
AbstractDriver.php(96):	resume()
DriverSuspension.php(117):	{closure:Revolt\EventLoop\Internal\AbstractDriver::__construct():90}()
Future.php(251):    	suspend()
AbstractServer.php(177):	await()
entry.php(119):     	waitShutdown()
entry.php(154):     	{closure:/home/user/PhpstormProjects/CryptoTrading/vendor/danog/madelineproto/src/Ipc/Runner/entry.php:35}()

AbstractServer, Inna_CryptoBot: 	Got error while calling IPC method: Telegram returned an RPC error: You must be an admin in this chat to do this. (400) (CHAT_ADMIN_REQUIRED), caused by /home/user/PhpstormProjects/CryptoTrading/vendor/danog/madelineproto/src/RPCErrorException.php:320
Revision: 8.4.20

TL trace:
['channels.getParticipants']
ResponseHandler.php(347):	make()
WrappedFuture.php(59):	{closure:danog\MadelineProto\MTProtoSession\ResponseHandler::handleRpcError():347}()
CallHandler.php(139):	await()
CallHandler.php(49):	methodCallAsyncRead()
AbstractServer.php(259):	methodCallAsyncRead()
AbstractDriver.php(430):	clientRequest()
AbstractDriver.php(621):	invokeMicrotasks()
{closure:Revolt\EventLoop\Internal\AbstractDriver::createCallbackFiber():565}()
DriverSuspension.php(64):	resume()
AbstractDriver.php(430):	{closure:Revolt\EventLoop\Internal\DriverSuspension::resume():61}()
AbstractDriver.php(621):	invokeMicrotasks()
{closure:Revolt\EventLoop\Internal\AbstractDriver::createCallbackFiber():565}()
AbstractDriver.php(502):	resume()
AbstractDriver.php(558):	invokeCallbacks()
{closure:Revolt\EventLoop\Internal\AbstractDriver::createLoopFiber():538}()
AbstractDriver.php(96):	resume()
DriverSuspension.php(117):	{closure:Revolt\EventLoop\Internal\AbstractDriver::__construct():90}()
Future.php(251):    	suspend()
AbstractServer.php(177):	await()
entry.php(119):     	waitShutdown()
entry.php(154):     	{closure:/home/user/PhpstormProjects/CryptoTrading/vendor/danog/madelineproto/src/Ipc/Runner/entry.php:35}()

AbstractServer, Inna_CryptoBot: 	Got error while calling IPC method: Telegram returned an RPC error: You must be an admin in this chat to do this. (400) (CHAT_ADMIN_REQUIRED), caused by /home/user/PhpstormProjects/CryptoTrading/vendor/danog/madelineproto/src/RPCErrorException.php:320
Revision: 8.4.20

TL trace:
['channels.getParticipants']
ResponseHandler.php(347):	make()
WrappedFuture.php(59):	{closure:danog\MadelineProto\MTProtoSession\ResponseHandler::handleRpcError():347}()
CallHandler.php(139):	await()
CallHandler.php(49):	methodCallAsyncRead()
AbstractServer.php(259):	methodCallAsyncRead()
AbstractDriver.php(430):	clientRequest()
AbstractDriver.php(621):	invokeMicrotasks()
{closure:Revolt\EventLoop\Internal\AbstractDriver::createCallbackFiber():565}()
DriverSuspension.php(64):	resume()
AbstractDriver.php(430):	{closure:Revolt\EventLoop\Internal\DriverSuspension::resume():61}()
AbstractDriver.php(621):	invokeMicrotasks()
{closure:Revolt\EventLoop\Internal\AbstractDriver::createCallbackFiber():565}()
AbstractDriver.php(502):	resume()
AbstractDriver.php(558):	invokeCallbacks()
{closure:Revolt\EventLoop\Internal\AbstractDriver::createLoopFiber():538}()
AbstractDriver.php(96):	resume()
DriverSuspension.php(117):	{closure:Revolt\EventLoop\Internal\AbstractDriver::__construct():90}()
Future.php(251):    	suspend()
AbstractServer.php(177):	await()
entry.php(119):     	waitShutdown()
entry.php(154):     	{closure:/home/user/PhpstormProjects/CryptoTrading/vendor/danog/madelineproto/src/Ipc/Runner/entry.php:35}()

FeedLoop, innatarasyan:       	Resumed update feed loop generic
SessionPaths, Inna_CryptoBot:   	Waiting for exclusive lock of /home/user/PhpstormProjects/CryptoTrading/bot.madeline/safe.php.lock...
SessionPaths, Inna_CryptoBot:   	Got exclusive lock of /home/user/PhpstormProjects/CryptoTrading/bot.madeline/safe.php.lock...
SessionPaths, Inna_CryptoBot:   	Waiting for exclusive lock of /home/user/PhpstormProjects/CryptoTrading/bot.madeline/lightState.php.lock...
SessionPaths, Inna_CryptoBot:   	Got exclusive lock of /home/user/PhpstormProjects/CryptoTrading/bot.madeline/lightState.php.lock...
APIWrapper, Inna_CryptoBot:     	Saved session!
AbstractServer, Inna_CryptoBot: 	Accepted IPC client connection!
FeedLoop, innatarasyan:       	Resumed update feed loop generic
SessionPaths, innatarasyan:   	Waiting for exclusive lock of /home/user/PhpstormProjects/CryptoTrading/bot.madeline/safe.php.lock...
SessionPaths, innatarasyan:   	Got exclusive lock of /home/user/PhpstormProjects/CryptoTrading/bot.madeline/safe.php.lock...
SessionPaths, innatarasyan:   	Waiting for exclusive lock of /home/user/PhpstormProjects/CryptoTrading/bot.madeline/lightState.php.lock...
SessionPaths, innatarasyan:   	Got exclusive lock of /home/user/PhpstormProjects/CryptoTrading/bot.madeline/lightState.php.lock...
APIWrapper, innatarasyan:     	Saved session!
SessionPaths, innatarasyan:   	Waiting for exclusive lock of /home/user/PhpstormProjects/CryptoTrading/bot.madeline/safe.php.lock...
SessionPaths, innatarasyan:   	Got exclusive lock of /home/user/PhpstormProjects/CryptoTrading/bot.madeline/safe.php.lock...
SessionPaths, innatarasyan:   	Waiting for exclusive lock of /home/user/PhpstormProjects/CryptoTrading/bot.madeline/lightState.php.lock...
SessionPaths, innatarasyan:   	Got exclusive lock of /home/user/PhpstormProjects/CryptoTrading/bot.madeline/lightState.php.lock...
APIWrapper, innatarasyan:     	Saved session!
SessionPaths, Inna_CryptoBot:   	Waiting for exclusive lock of /home/user/PhpstormProjects/CryptoTrading/bot.madeline/safe.php.lock...
SessionPaths, Inna_CryptoBot:   	Got exclusive lock of /home/user/PhpstormProjects/CryptoTrading/bot.madeline/safe.php.lock...
SessionPaths, Inna_CryptoBot:   	Waiting for exclusive lock of /home/user/PhpstormProjects/CryptoTrading/bot.madeline/lightState.php.lock...
SessionPaths, Inna_CryptoBot:   	Got exclusive lock of /home/user/PhpstormProjects/CryptoTrading/bot.madeline/lightState.php.lock...
APIWrapper, Inna_CryptoBot:     	Saved session!
AbstractServer, Inna_CryptoBot: 	Accepted IPC client connection!
SessionPaths, innatarasyan:   	Waiting for exclusive lock of /home/user/PhpstormProjects/CryptoTrading/bot.madeline/safe.php.lock...
SessionPaths, innatarasyan:   	Got exclusive lock of /home/user/PhpstormProjects/CryptoTrading/bot.madeline/safe.php.lock...
SessionPaths, innatarasyan:   	Waiting for exclusive lock of /home/user/PhpstormProjects/CryptoTrading/bot.madeline/lightState.php.lock...
SessionPaths, innatarasyan:   	Got exclusive lock of /home/user/PhpstormProjects/CryptoTrading/bot.madeline/lightState.php.lock...
APIWrapper, innatarasyan:     	Saved session!
SessionPaths, innatarasyan:   	Waiting for exclusive lock of /home/user/PhpstormProjects/CryptoTrading/bot.madeline/safe.php.lock...
SessionPaths, innatarasyan:   	Got exclusive lock of /home/user/PhpstormProjects/CryptoTrading/bot.madeline/safe.php.lock...
SessionPaths, innatarasyan:   	Waiting for exclusive lock of /home/user/PhpstormProjects/CryptoTrading/bot.madeline/lightState.php.lock...
SessionPaths, innatarasyan:   	Got exclusive lock of /home/user/PhpstormProjects/CryptoTrading/bot.madeline/lightState.php.lock...
APIWrapper, innatarasyan:     	Saved session!
FeedLoop, innatarasyan:       	Resumed update feed loop channel -1001290362028
FeedLoop, innatarasyan:       	Resumed update feed loop channel -1001290362028
SessionPaths, Inna_CryptoBot:   	Waiting for exclusive lock of /home/user/PhpstormProjects/CryptoTrading/bot.madeline/safe.php.lock...
SessionPaths, Inna_CryptoBot:   	Got exclusive lock of /home/user/PhpstormProjects/CryptoTrading/bot.madeline/safe.php.lock...
SessionPaths, Inna_CryptoBot:   	Waiting for exclusive lock of /home/user/PhpstormProjects/CryptoTrading/bot.madeline/lightState.php.lock...
SessionPaths, Inna_CryptoBot:   	Got exclusive lock of /home/user/PhpstormProjects/CryptoTrading/bot.madeline/lightState.php.lock...
APIWrapper, Inna_CryptoBot:     	Saved session!
AbstractServer, Inna_CryptoBot: 	Accepted IPC client connection!
SessionPaths, innatarasyan:   	Waiting for exclusive lock of /home/user/PhpstormProjects/CryptoTrading/bot.madeline/safe.php.lock...
SessionPaths, innatarasyan:   	Got exclusive lock of /home/user/PhpstormProjects/CryptoTrading/bot.madeline/safe.php.lock...
SessionPaths, innatarasyan:   	Waiting for exclusive lock of /home/user/PhpstormProjects/CryptoTrading/bot.madeline/lightState.php.lock...
SessionPaths, innatarasyan:   	Got exclusive lock of /home/user/PhpstormProjects/CryptoTrading/bot.madeline/lightState.php.lock...
APIWrapper, innatarasyan:     	Saved session!
SessionPaths, innatarasyan:   	Waiting for exclusive lock of /home/user/PhpstormProjects/CryptoTrading/bot.madeline/safe.php.lock...
SessionPaths, innatarasyan:   	Got exclusive lock of /home/user/PhpstormProjects/CryptoTrading/bot.madeline/safe.php.lock...
SessionPaths, innatarasyan:   	Waiting for exclusive lock of /home/user/PhpstormProjects/CryptoTrading/bot.madeline/lightState.php.lock...
SessionPaths, innatarasyan:   	Got exclusive lock of /home/user/PhpstormProjects/CryptoTrading/bot.madeline/lightState.php.lock...
APIWrapper, innatarasyan:     	Saved session!
SessionPaths, Inna_CryptoBot:   	Waiting for exclusive lock of /home/user/PhpstormProjects/CryptoTrading/bot.madeline/safe.php.lock...
SessionPaths, Inna_CryptoBot:   	Got exclusive lock of /home/user/PhpstormProjects/CryptoTrading/bot.madeline/safe.php.lock...
SessionPaths, Inna_CryptoBot:   	Waiting for exclusive lock of /home/user/PhpstormProjects/CryptoTrading/bot.madeline/lightState.php.lock...
SessionPaths, Inna_CryptoBot:   	Got exclusive lock of /home/user/PhpstormProjects/CryptoTrading/bot.madeline/lightState.php.lock...
APIWrapper, Inna_CryptoBot:     	Saved session!
AbstractServer, Inna_CryptoBot: 	Accepted IPC client connection!
SessionPaths, innatarasyan:   	Waiting for exclusive lock of /home/user/PhpstormProjects/CryptoTrading/bot.madeline/safe.php.lock...
SessionPaths, innatarasyan:   	Got exclusive lock of /home/user/PhpstormProjects/CryptoTrading/bot.madeline/safe.php.lock...
SessionPaths, innatarasyan:   	Waiting for exclusive lock of /home/user/PhpstormProjects/CryptoTrading/bot.madeline/lightState.php.lock...
SessionPaths, innatarasyan:   	Got exclusive lock of /home/user/PhpstormProjects/CryptoTrading/bot.madeline/lightState.php.lock...
APIWrapper, innatarasyan:     	Saved session!
AbstractServer, Inna_CryptoBot: 	Accepted IPC client connection!
AbstractServer, Inna_CryptoBot: 	Got error while calling IPC method: Telegram returned an RPC error: You must be an admin in this chat to do this. (400) (CHAT_ADMIN_REQUIRED), caused by /home/user/PhpstormProjects/CryptoTrading/vendor/danog/madelineproto/src/RPCErrorException.php:320
Revision: 8.4.20

TL trace:
['channels.getParticipants']
ResponseHandler.php(347):	make()
WrappedFuture.php(59):	{closure:danog\MadelineProto\MTProtoSession\ResponseHandler::handleRpcError():347}()
CallHandler.php(139):	await()
CallHandler.php(49):	methodCallAsyncRead()
AbstractServer.php(259):	methodCallAsyncRead()
AbstractDriver.php(430):	clientRequest()
AbstractDriver.php(621):	invokeMicrotasks()
{closure:Revolt\EventLoop\Internal\AbstractDriver::createCallbackFiber():565}()
DriverSuspension.php(64):	resume()
AbstractDriver.php(430):	{closure:Revolt\EventLoop\Internal\DriverSuspension::resume():61}()
AbstractDriver.php(621):	invokeMicrotasks()
{closure:Revolt\EventLoop\Internal\AbstractDriver::createCallbackFiber():565}()
AbstractDriver.php(502):	resume()
AbstractDriver.php(558):	invokeCallbacks()
{closure:Revolt\EventLoop\Internal\AbstractDriver::createLoopFiber():538}()
AbstractDriver.php(96):	resume()
DriverSuspension.php(117):	{closure:Revolt\EventLoop\Internal\AbstractDriver::__construct():90}()
Future.php(251):    	suspend()
AbstractServer.php(177):	await()
entry.php(119):     	waitShutdown()
entry.php(154):     	{closure:/home/user/PhpstormProjects/CryptoTrading/vendor/danog/madelineproto/src/Ipc/Runner/entry.php:35}()

AbstractServer, Inna_CryptoBot: 	Got error while calling IPC method: Telegram returned an RPC error: You must be an admin in this chat to do this. (400) (CHAT_ADMIN_REQUIRED), caused by /home/user/PhpstormProjects/CryptoTrading/vendor/danog/madelineproto/src/RPCErrorException.php:320
Revision: 8.4.20

TL trace:
['channels.getParticipants']
ResponseHandler.php(347):	make()
WrappedFuture.php(59):	{closure:danog\MadelineProto\MTProtoSession\ResponseHandler::handleRpcError():347}()
CallHandler.php(139):	await()
CallHandler.php(49):	methodCallAsyncRead()
AbstractServer.php(259):	methodCallAsyncRead()
AbstractDriver.php(430):	clientRequest()
AbstractDriver.php(621):	invokeMicrotasks()
{closure:Revolt\EventLoop\Internal\AbstractDriver::createCallbackFiber():565}()
DriverSuspension.php(64):	resume()
AbstractDriver.php(430):	{closure:Revolt\EventLoop\Internal\DriverSuspension::resume():61}()
AbstractDriver.php(621):	invokeMicrotasks()
{closure:Revolt\EventLoop\Internal\AbstractDriver::createCallbackFiber():565}()
AbstractDriver.php(502):	resume()
AbstractDriver.php(558):	invokeCallbacks()
{closure:Revolt\EventLoop\Internal\AbstractDriver::createLoopFiber():538}()
AbstractDriver.php(96):	resume()
DriverSuspension.php(117):	{closure:Revolt\EventLoop\Internal\AbstractDriver::__construct():90}()
Future.php(251):    	suspend()
AbstractServer.php(177):	await()
entry.php(119):     	waitShutdown()
entry.php(154):     	{closure:/home/user/PhpstormProjects/CryptoTrading/vendor/danog/madelineproto/src/Ipc/Runner/entry.php:35}()

AbstractServer, Inna_CryptoBot: 	Got error while calling IPC method: Telegram returned an RPC error: You must be an admin in this chat to do this. (400) (CHAT_ADMIN_REQUIRED), caused by /home/user/PhpstormProjects/CryptoTrading/vendor/danog/madelineproto/src/RPCErrorException.php:320
Revision: 8.4.20

TL trace:
['channels.getParticipants']
ResponseHandler.php(347):	make()
WrappedFuture.php(59):	{closure:danog\MadelineProto\MTProtoSession\ResponseHandler::handleRpcError():347}()
CallHandler.php(139):	await()
CallHandler.php(49):	methodCallAsyncRead()
AbstractServer.php(259):	methodCallAsyncRead()
AbstractDriver.php(430):	clientRequest()
AbstractDriver.php(621):	invokeMicrotasks()
{closure:Revolt\EventLoop\Internal\AbstractDriver::createCallbackFiber():565}()
DriverSuspension.php(64):	resume()
AbstractDriver.php(430):	{closure:Revolt\EventLoop\Internal\DriverSuspension::resume():61}()
AbstractDriver.php(621):	invokeMicrotasks()
{closure:Revolt\EventLoop\Internal\AbstractDriver::createCallbackFiber():565}()
AbstractDriver.php(502):	resume()
AbstractDriver.php(558):	invokeCallbacks()
{closure:Revolt\EventLoop\Internal\AbstractDriver::createLoopFiber():538}()
AbstractDriver.php(96):	resume()
DriverSuspension.php(117):	{closure:Revolt\EventLoop\Internal\AbstractDriver::__construct():90}()
Future.php(251):    	suspend()
AbstractServer.php(177):	await()
entry.php(119):     	waitShutdown()
entry.php(154):     	{closure:/home/user/PhpstormProjects/CryptoTrading/vendor/danog/madelineproto/src/Ipc/Runner/entry.php:35}()

AbstractServer, Inna_CryptoBot: 	Got error while calling IPC method: Telegram returned an RPC error: You must be an admin in this chat to do this. (400) (CHAT_ADMIN_REQUIRED), caused by /home/user/PhpstormProjects/CryptoTrading/vendor/danog/madelineproto/src/RPCErrorException.php:320
Revision: 8.4.20

TL trace:
['channels.getParticipants']
ResponseHandler.php(347):	make()
WrappedFuture.php(59):	{closure:danog\MadelineProto\MTProtoSession\ResponseHandler::handleRpcError():347}()
CallHandler.php(139):	await()
CallHandler.php(49):	methodCallAsyncRead()
AbstractServer.php(259):	methodCallAsyncRead()
AbstractDriver.php(430):	clientRequest()
AbstractDriver.php(621):	invokeMicrotasks()
{closure:Revolt\EventLoop\Internal\AbstractDriver::createCallbackFiber():565}()
DriverSuspension.php(64):	resume()
AbstractDriver.php(430):	{closure:Revolt\EventLoop\Internal\DriverSuspension::resume():61}()
AbstractDriver.php(621):	invokeMicrotasks()
{closure:Revolt\EventLoop\Internal\AbstractDriver::createCallbackFiber():565}()
AbstractDriver.php(502):	resume()
AbstractDriver.php(558):	invokeCallbacks()
{closure:Revolt\EventLoop\Internal\AbstractDriver::createLoopFiber():538}()
AbstractDriver.php(96):	resume()
DriverSuspension.php(117):	{closure:Revolt\EventLoop\Internal\AbstractDriver::__construct():90}()
Future.php(251):    	suspend()
AbstractServer.php(177):	await()
entry.php(119):     	waitShutdown()
entry.php(154):     	{closure:/home/user/PhpstormProjects/CryptoTrading/vendor/danog/madelineproto/src/Ipc/Runner/entry.php:35}()

SessionPaths, innatarasyan:   	Waiting for exclusive lock of /home/user/PhpstormProjects/CryptoTrading/bot.madeline/safe.php.lock...
SessionPaths, innatarasyan:   	Got exclusive lock of /home/user/PhpstormProjects/CryptoTrading/bot.madeline/safe.php.lock...
SessionPaths, innatarasyan:   	Waiting for exclusive lock of /home/user/PhpstormProjects/CryptoTrading/bot.madeline/lightState.php.lock...
SessionPaths, innatarasyan:   	Got exclusive lock of /home/user/PhpstormProjects/CryptoTrading/bot.madeline/lightState.php.lock...
APIWrapper, innatarasyan:     	Saved session!
SessionPaths, Inna_CryptoBot:   	Waiting for exclusive lock of /home/user/PhpstormProjects/CryptoTrading/bot.madeline/safe.php.lock...
SessionPaths, Inna_CryptoBot:   	Got exclusive lock of /home/user/PhpstormProjects/CryptoTrading/bot.madeline/safe.php.lock...
SessionPaths, Inna_CryptoBot:   	Waiting for exclusive lock of /home/user/PhpstormProjects/CryptoTrading/bot.madeline/lightState.php.lock...
SessionPaths, Inna_CryptoBot:   	Got exclusive lock of /home/user/PhpstormProjects/CryptoTrading/bot.madeline/lightState.php.lock...
APIWrapper, Inna_CryptoBot:     	Saved session!
SessionPaths, innatarasyan:   	Waiting for exclusive lock of /home/user/PhpstormProjects/CryptoTrading/bot.madeline/safe.php.lock...
SessionPaths, innatarasyan:   	Got exclusive lock of /home/user/PhpstormProjects/CryptoTrading/bot.madeline/safe.php.lock...
SessionPaths, innatarasyan:   	Waiting for exclusive lock of /home/user/PhpstormProjects/CryptoTrading/bot.madeline/lightState.php.lock...
SessionPaths, innatarasyan:   	Got exclusive lock of /home/user/PhpstormProjects/CryptoTrading/bot.madeline/lightState.php.lock...
APIWrapper, innatarasyan:     	Saved session!
SessionPaths, innatarasyan:   	Waiting for exclusive lock of /home/user/PhpstormProjects/CryptoTrading/bot.madeline/safe.php.lock...
SessionPaths, innatarasyan:   	Got exclusive lock of /home/user/PhpstormProjects/CryptoTrading/bot.madeline/safe.php.lock...
SessionPaths, innatarasyan:   	Waiting for exclusive lock of /home/user/PhpstormProjects/CryptoTrading/bot.madeline/lightState.php.lock...
SessionPaths, innatarasyan:   	Got exclusive lock of /home/user/PhpstormProjects/CryptoTrading/bot.madeline/lightState.php.lock...
APIWrapper, innatarasyan:     	Saved session!
SessionPaths, Inna_CryptoBot:   	Waiting for exclusive lock of /home/user/PhpstormProjects/CryptoTrading/bot.madeline/safe.php.lock...
SessionPaths, Inna_CryptoBot:   	Got exclusive lock of /home/user/PhpstormProjects/CryptoTrading/bot.madeline/safe.php.lock...
SessionPaths, Inna_CryptoBot:   	Waiting for exclusive lock of /home/user/PhpstormProjects/CryptoTrading/bot.madeline/lightState.php.lock...
SessionPaths, Inna_CryptoBot:   	Got exclusive lock of /home/user/PhpstormProjects/CryptoTrading/bot.madeline/lightState.php.lock...
APIWrapper, Inna_CryptoBot:     	Saved session!
SessionPaths, innatarasyan:   	Waiting for exclusive lock of /home/user/PhpstormProjects/CryptoTrading/bot.madeline/safe.php.lock...
SessionPaths, innatarasyan:   	Got exclusive lock of /home/user/PhpstormProjects/CryptoTrading/bot.madeline/safe.php.lock...
SessionPaths, innatarasyan:   	Waiting for exclusive lock of /home/user/PhpstormProjects/CryptoTrading/bot.madeline/lightState.php.lock...
SessionPaths, innatarasyan:   	Got exclusive lock of /home/user/PhpstormProjects/CryptoTrading/bot.madeline/lightState.php.lock...
APIWrapper, innatarasyan:     	Saved session!
SessionPaths, innatarasyan:   	Waiting for exclusive lock of /home/user/PhpstormProjects/CryptoTrading/bot.madeline/safe.php.lock...
SessionPaths, innatarasyan:   	Got exclusive lock of /home/user/PhpstormProjects/CryptoTrading/bot.madeline/safe.php.lock...
SessionPaths, innatarasyan:   	Waiting for exclusive lock of /home/user/PhpstormProjects/CryptoTrading/bot.madeline/lightState.php.lock...
SessionPaths, innatarasyan:   	Got exclusive lock of /home/user/PhpstormProjects/CryptoTrading/bot.madeline/lightState.php.lock...
APIWrapper, innatarasyan:     	Saved session!
SessionPaths, Inna_CryptoBot:   	Waiting for exclusive lock of /home/user/PhpstormProjects/CryptoTrading/bot.madeline/safe.php.lock...
SessionPaths, Inna_CryptoBot:   	Got exclusive lock of /home/user/PhpstormProjects/CryptoTrading/bot.madeline/safe.php.lock...
SessionPaths, Inna_CryptoBot:   	Waiting for exclusive lock of /home/user/PhpstormProjects/CryptoTrading/bot.madeline/lightState.php.lock...
SessionPaths, Inna_CryptoBot:   	Got exclusive lock of /home/user/PhpstormProjects/CryptoTrading/bot.madeline/lightState.php.lock...
APIWrapper, Inna_CryptoBot:     	Saved session!
AbstractServer, Inna_CryptoBot: 	Accepted IPC client connection!
AbstractServer, Inna_CryptoBot: 	Got error while calling IPC method: Telegram returned an RPC error: You must be an admin in this chat to do this. (400) (CHAT_ADMIN_REQUIRED), caused by /home/user/PhpstormProjects/CryptoTrading/vendor/danog/madelineproto/src/RPCErrorException.php:320
Revision: 8.4.20

TL trace:
['channels.getParticipants']
ResponseHandler.php(347):	make()
WrappedFuture.php(59):	{closure:danog\MadelineProto\MTProtoSession\ResponseHandler::handleRpcError():347}()
CallHandler.php(139):	await()
CallHandler.php(49):	methodCallAsyncRead()
AbstractServer.php(259):	methodCallAsyncRead()
AbstractDriver.php(430):	clientRequest()
AbstractDriver.php(621):	invokeMicrotasks()
{closure:Revolt\EventLoop\Internal\AbstractDriver::createCallbackFiber():565}()
DriverSuspension.php(64):	resume()
AbstractDriver.php(430):	{closure:Revolt\EventLoop\Internal\DriverSuspension::resume():61}()
AbstractDriver.php(621):	invokeMicrotasks()
{closure:Revolt\EventLoop\Internal\AbstractDriver::createCallbackFiber():565}()
AbstractDriver.php(502):	resume()
AbstractDriver.php(558):	invokeCallbacks()
{closure:Revolt\EventLoop\Internal\AbstractDriver::createLoopFiber():538}()
AbstractDriver.php(96):	resume()
DriverSuspension.php(117):	{closure:Revolt\EventLoop\Internal\AbstractDriver::__construct():90}()
Future.php(251):    	suspend()
AbstractServer.php(177):	await()
entry.php(119):     	waitShutdown()
entry.php(154):     	{closure:/home/user/PhpstormProjects/CryptoTrading/vendor/danog/madelineproto/src/Ipc/Runner/entry.php:35}()

AbstractServer, Inna_CryptoBot: 	Got error while calling IPC method: Telegram returned an RPC error: You must be an admin in this chat to do this. (400) (CHAT_ADMIN_REQUIRED), caused by /home/user/PhpstormProjects/CryptoTrading/vendor/danog/madelineproto/src/RPCErrorException.php:320
Revision: 8.4.20

TL trace:
['channels.getParticipants']
ResponseHandler.php(347):	make()
WrappedFuture.php(59):	{closure:danog\MadelineProto\MTProtoSession\ResponseHandler::handleRpcError():347}()
CallHandler.php(139):	await()
CallHandler.php(49):	methodCallAsyncRead()
AbstractServer.php(259):	methodCallAsyncRead()
AbstractDriver.php(430):	clientRequest()
AbstractDriver.php(621):	invokeMicrotasks()
{closure:Revolt\EventLoop\Internal\AbstractDriver::createCallbackFiber():565}()
DriverSuspension.php(64):	resume()
AbstractDriver.php(430):	{closure:Revolt\EventLoop\Internal\DriverSuspension::resume():61}()
AbstractDriver.php(621):	invokeMicrotasks()
{closure:Revolt\EventLoop\Internal\AbstractDriver::createCallbackFiber():565}()
AbstractDriver.php(502):	resume()
AbstractDriver.php(558):	invokeCallbacks()
{closure:Revolt\EventLoop\Internal\AbstractDriver::createLoopFiber():538}()
AbstractDriver.php(96):	resume()
DriverSuspension.php(117):	{closure:Revolt\EventLoop\Internal\AbstractDriver::__construct():90}()
Future.php(251):    	suspend()
AbstractServer.php(177):	await()
entry.php(119):     	waitShutdown()
entry.php(154):     	{closure:/home/user/PhpstormProjects/CryptoTrading/vendor/danog/madelineproto/src/Ipc/Runner/entry.php:35}()

AbstractServer, Inna_CryptoBot: 	Got error while calling IPC method: Telegram returned an RPC error: You must be an admin in this chat to do this. (400) (CHAT_ADMIN_REQUIRED), caused by /home/user/PhpstormProjects/CryptoTrading/vendor/danog/madelineproto/src/RPCErrorException.php:320
Revision: 8.4.20

TL trace:
['channels.getParticipants']
ResponseHandler.php(347):	make()
WrappedFuture.php(59):	{closure:danog\MadelineProto\MTProtoSession\ResponseHandler::handleRpcError():347}()
CallHandler.php(139):	await()
CallHandler.php(49):	methodCallAsyncRead()
AbstractServer.php(259):	methodCallAsyncRead()
AbstractDriver.php(430):	clientRequest()
AbstractDriver.php(621):	invokeMicrotasks()
{closure:Revolt\EventLoop\Internal\AbstractDriver::createCallbackFiber():565}()
DriverSuspension.php(64):	resume()
AbstractDriver.php(430):	{closure:Revolt\EventLoop\Internal\DriverSuspension::resume():61}()
AbstractDriver.php(621):	invokeMicrotasks()
{closure:Revolt\EventLoop\Internal\AbstractDriver::createCallbackFiber():565}()
AbstractDriver.php(502):	resume()
AbstractDriver.php(558):	invokeCallbacks()
{closure:Revolt\EventLoop\Internal\AbstractDriver::createLoopFiber():538}()
AbstractDriver.php(96):	resume()
DriverSuspension.php(117):	{closure:Revolt\EventLoop\Internal\AbstractDriver::__construct():90}()
Future.php(251):    	suspend()
AbstractServer.php(177):	await()
entry.php(119):     	waitShutdown()
entry.php(154):     	{closure:/home/user/PhpstormProjects/CryptoTrading/vendor/danog/madelineproto/src/Ipc/Runner/entry.php:35}()

AbstractServer, Inna_CryptoBot: 	Got error while calling IPC method: Telegram returned an RPC error: You must be an admin in this chat to do this. (400) (CHAT_ADMIN_REQUIRED), caused by /home/user/PhpstormProjects/CryptoTrading/vendor/danog/madelineproto/src/RPCErrorException.php:320
Revision: 8.4.20

TL trace:
['channels.getParticipants']
ResponseHandler.php(347):	make()
WrappedFuture.php(59):	{closure:danog\MadelineProto\MTProtoSession\ResponseHandler::handleRpcError():347}()
CallHandler.php(139):	await()
CallHandler.php(49):	methodCallAsyncRead()
AbstractServer.php(259):	methodCallAsyncRead()
AbstractDriver.php(430):	clientRequest()
AbstractDriver.php(621):	invokeMicrotasks()
{closure:Revolt\EventLoop\Internal\AbstractDriver::createCallbackFiber():565}()
DriverSuspension.php(64):	resume()
AbstractDriver.php(430):	{closure:Revolt\EventLoop\Internal\DriverSuspension::resume():61}()
AbstractDriver.php(621):	invokeMicrotasks()
{closure:Revolt\EventLoop\Internal\AbstractDriver::createCallbackFiber():565}()
AbstractDriver.php(502):	resume()
AbstractDriver.php(558):	invokeCallbacks()
{closure:Revolt\EventLoop\Internal\AbstractDriver::createLoopFiber():538}()
AbstractDriver.php(96):	resume()
DriverSuspension.php(117):	{closure:Revolt\EventLoop\Internal\AbstractDriver::__construct():90}()
Future.php(251):    	suspend()
AbstractServer.php(177):	await()
entry.php(119):     	waitShutdown()
entry.php(154):     	{closure:/home/user/PhpstormProjects/CryptoTrading/vendor/danog/madelineproto/src/Ipc/Runner/entry.php:35}()

SessionPaths, innatarasyan:   	Waiting for exclusive lock of /home/user/PhpstormProjects/CryptoTrading/bot.madeline/safe.php.lock...
SessionPaths, innatarasyan:   	Got exclusive lock of /home/user/PhpstormProjects/CryptoTrading/bot.madeline/safe.php.lock...
SessionPaths, innatarasyan:   	Waiting for exclusive lock of /home/user/PhpstormProjects/CryptoTrading/bot.madeline/lightState.php.lock...
SessionPaths, innatarasyan:   	Got exclusive lock of /home/user/PhpstormProjects/CryptoTrading/bot.madeline/lightState.php.lock...
APIWrapper, innatarasyan:     	Saved session!
SessionPaths, innatarasyan:   	Waiting for exclusive lock of /home/user/PhpstormProjects/CryptoTrading/bot.madeline/safe.php.lock...
SessionPaths, innatarasyan:   	Got exclusive lock of /home/user/PhpstormProjects/CryptoTrading/bot.madeline/safe.php.lock...
SessionPaths, innatarasyan:   	Waiting for exclusive lock of /home/user/PhpstormProjects/CryptoTrading/bot.madeline/lightState.php.lock...
SessionPaths, innatarasyan:   	Got exclusive lock of /home/user/PhpstormProjects/CryptoTrading/bot.madeline/lightState.php.lock...
APIWrapper, innatarasyan:     	Saved session!
SessionPaths, Inna_CryptoBot:   	Waiting for exclusive lock of /home/user/PhpstormProjects/CryptoTrading/bot.madeline/safe.php.lock...
SessionPaths, Inna_CryptoBot:   	Got exclusive lock of /home/user/PhpstormProjects/CryptoTrading/bot.madeline/safe.php.lock...
SessionPaths, Inna_CryptoBot:   	Waiting for exclusive lock of /home/user/PhpstormProjects/CryptoTrading/bot.madeline/lightState.php.lock...
SessionPaths, Inna_CryptoBot:   	Got exclusive lock of /home/user/PhpstormProjects/CryptoTrading/bot.madeline/lightState.php.lock...
APIWrapper, Inna_CryptoBot:     	Saved session!
SessionPaths, innatarasyan:   	Waiting for exclusive lock of /home/user/PhpstormProjects/CryptoTrading/bot.madeline/safe.php.lock...
SessionPaths, innatarasyan:   	Got exclusive lock of /home/user/PhpstormProjects/CryptoTrading/bot.madeline/safe.php.lock...
SessionPaths, innatarasyan:   	Waiting for exclusive lock of /home/user/PhpstormProjects/CryptoTrading/bot.madeline/lightState.php.lock...
SessionPaths, innatarasyan:   	Got exclusive lock of /home/user/PhpstormProjects/CryptoTrading/bot.madeline/lightState.php.lock...
APIWrapper, innatarasyan:     	Saved session!
SessionPaths, innatarasyan:   	Waiting for exclusive lock of /home/user/PhpstormProjects/CryptoTrading/bot.madeline/safe.php.lock...
SessionPaths, innatarasyan:   	Got exclusive lock of /home/user/PhpstormProjects/CryptoTrading/bot.madeline/safe.php.lock...
SessionPaths, innatarasyan:   	Waiting for exclusive lock of /home/user/PhpstormProjects/CryptoTrading/bot.madeline/lightState.php.lock...
SessionPaths, innatarasyan:   	Got exclusive lock of /home/user/PhpstormProjects/CryptoTrading/bot.madeline/lightState.php.lock...
APIWrapper, innatarasyan:     	Saved session!
SessionPaths, Inna_CryptoBot:   	Waiting for exclusive lock of /home/user/PhpstormProjects/CryptoTrading/bot.madeline/safe.php.lock...
SessionPaths, Inna_CryptoBot:   	Got exclusive lock of /home/user/PhpstormProjects/CryptoTrading/bot.madeline/safe.php.lock...
SessionPaths, Inna_CryptoBot:   	Waiting for exclusive lock of /home/user/PhpstormProjects/CryptoTrading/bot.madeline/lightState.php.lock...
SessionPaths, Inna_CryptoBot:   	Got exclusive lock of /home/user/PhpstormProjects/CryptoTrading/bot.madeline/lightState.php.lock...
APIWrapper, Inna_CryptoBot:     	Saved session!
SessionPaths, innatarasyan:   	Waiting for exclusive lock of /home/user/PhpstormProjects/CryptoTrading/bot.madeline/safe.php.lock...
SessionPaths, innatarasyan:   	Got exclusive lock of /home/user/PhpstormProjects/CryptoTrading/bot.madeline/safe.php.lock...
SessionPaths, innatarasyan:   	Waiting for exclusive lock of /home/user/PhpstormProjects/CryptoTrading/bot.madeline/lightState.php.lock...
SessionPaths, innatarasyan:   	Got exclusive lock of /home/user/PhpstormProjects/CryptoTrading/bot.madeline/lightState.php.lock...
APIWrapper, innatarasyan:     	Saved session!
SessionPaths, innatarasyan:   	Waiting for exclusive lock of /home/user/PhpstormProjects/CryptoTrading/bot.madeline/safe.php.lock...
SessionPaths, innatarasyan:   	Got exclusive lock of /home/user/PhpstormProjects/CryptoTrading/bot.madeline/safe.php.lock...
SessionPaths, innatarasyan:   	Waiting for exclusive lock of /home/user/PhpstormProjects/CryptoTrading/bot.madeline/lightState.php.lock...
SessionPaths, innatarasyan:   	Got exclusive lock of /home/user/PhpstormProjects/CryptoTrading/bot.madeline/lightState.php.lock...
APIWrapper, innatarasyan:     	Saved session!
SessionPaths, Inna_CryptoBot:   	Waiting for exclusive lock of /home/user/PhpstormProjects/CryptoTrading/bot.madeline/safe.php.lock...
SessionPaths, Inna_CryptoBot:   	Got exclusive lock of /home/user/PhpstormProjects/CryptoTrading/bot.madeline/safe.php.lock...
SessionPaths, Inna_CryptoBot:   	Waiting for exclusive lock of /home/user/PhpstormProjects/CryptoTrading/bot.madeline/lightState.php.lock...
SessionPaths, Inna_CryptoBot:   	Got exclusive lock of /home/user/PhpstormProjects/CryptoTrading/bot.madeline/lightState.php.lock...
APIWrapper, Inna_CryptoBot:     	Saved session!
SessionPaths, innatarasyan:   	Waiting for exclusive lock of /home/user/PhpstormProjects/CryptoTrading/bot.madeline/safe.php.lock...
SessionPaths, innatarasyan:   	Got exclusive lock of /home/user/PhpstormProjects/CryptoTrading/bot.madeline/safe.php.lock...
SessionPaths, innatarasyan:   	Waiting for exclusive lock of /home/user/PhpstormProjects/CryptoTrading/bot.madeline/lightState.php.lock...
SessionPaths, innatarasyan:   	Got exclusive lock of /home/user/PhpstormProjects/CryptoTrading/bot.madeline/lightState.php.lock...
APIWrapper, innatarasyan:     	Saved session!
SessionPaths, innatarasyan:   	Waiting for exclusive lock of /home/user/PhpstormProjects/CryptoTrading/bot.madeline/safe.php.lock...
SessionPaths, innatarasyan:   	Got exclusive lock of /home/user/PhpstormProjects/CryptoTrading/bot.madeline/safe.php.lock...
SessionPaths, innatarasyan:   	Waiting for exclusive lock of /home/user/PhpstormProjects/CryptoTrading/bot.madeline/lightState.php.lock...
SessionPaths, innatarasyan:   	Got exclusive lock of /home/user/PhpstormProjects/CryptoTrading/bot.madeline/lightState.php.lock...
APIWrapper, innatarasyan:     	Saved session!
SessionPaths, Inna_CryptoBot:   	Waiting for exclusive lock of /home/user/PhpstormProjects/CryptoTrading/bot.madeline/safe.php.lock...
SessionPaths, Inna_CryptoBot:   	Got exclusive lock of /home/user/PhpstormProjects/CryptoTrading/bot.madeline/safe.php.lock...
SessionPaths, Inna_CryptoBot:   	Waiting for exclusive lock of /home/user/PhpstormProjects/CryptoTrading/bot.madeline/lightState.php.lock...
SessionPaths, Inna_CryptoBot:   	Got exclusive lock of /home/user/PhpstormProjects/CryptoTrading/bot.madeline/lightState.php.lock...
APIWrapper, Inna_CryptoBot:     	Saved session!
SessionPaths, innatarasyan:   	Waiting for exclusive lock of /home/user/PhpstormProjects/CryptoTrading/bot.madeline/safe.php.lock...
SessionPaths, innatarasyan:   	Got exclusive lock of /home/user/PhpstormProjects/CryptoTrading/bot.madeline/safe.php.lock...
SessionPaths, innatarasyan:   	Waiting for exclusive lock of /home/user/PhpstormProjects/CryptoTrading/bot.madeline/lightState.php.lock...
SessionPaths, innatarasyan:   	Got exclusive lock of /home/user/PhpstormProjects/CryptoTrading/bot.madeline/lightState.php.lock...
APIWrapper, innatarasyan:     	Saved session!
SessionPaths, innatarasyan:   	Waiting for exclusive lock of /home/user/PhpstormProjects/CryptoTrading/bot.madeline/safe.php.lock...
SessionPaths, innatarasyan:   	Got exclusive lock of /home/user/PhpstormProjects/CryptoTrading/bot.madeline/safe.php.lock...
SessionPaths, innatarasyan:   	Waiting for exclusive lock of /home/user/PhpstormProjects/CryptoTrading/bot.madeline/lightState.php.lock...
SessionPaths, innatarasyan:   	Got exclusive lock of /home/user/PhpstormProjects/CryptoTrading/bot.madeline/lightState.php.lock...
APIWrapper, innatarasyan:     	Saved session!
SessionPaths, Inna_CryptoBot:   	Waiting for exclusive lock of /home/user/PhpstormProjects/CryptoTrading/bot.madeline/safe.php.lock...
SessionPaths, Inna_CryptoBot:   	Got exclusive lock of /home/user/PhpstormProjects/CryptoTrading/bot.madeline/safe.php.lock...
SessionPaths, Inna_CryptoBot:   	Waiting for exclusive lock of /home/user/PhpstormProjects/CryptoTrading/bot.madeline/lightState.php.lock...
SessionPaths, Inna_CryptoBot:   	Got exclusive lock of /home/user/PhpstormProjects/CryptoTrading/bot.madeline/lightState.php.lock...
APIWrapper, Inna_CryptoBot:     	Saved session!
SessionPaths, innatarasyan:   	Waiting for exclusive lock of /home/user/PhpstormProjects/CryptoTrading/bot.madeline/safe.php.lock...
SessionPaths, innatarasyan:   	Got exclusive lock of /home/user/PhpstormProjects/CryptoTrading/bot.madeline/safe.php.lock...
SessionPaths, innatarasyan:   	Waiting for exclusive lock of /home/user/PhpstormProjects/CryptoTrading/bot.madeline/lightState.php.lock...
SessionPaths, innatarasyan:   	Got exclusive lock of /home/user/PhpstormProjects/CryptoTrading/bot.madeline/lightState.php.lock...
APIWrapper, innatarasyan:     	Saved session!
SessionPaths, innatarasyan:   	Waiting for exclusive lock of /home/user/PhpstormProjects/CryptoTrading/bot.madeline/safe.php.lock...
SessionPaths, innatarasyan:   	Got exclusive lock of /home/user/PhpstormProjects/CryptoTrading/bot.madeline/safe.php.lock...
SessionPaths, innatarasyan:   	Waiting for exclusive lock of /home/user/PhpstormProjects/CryptoTrading/bot.madeline/lightState.php.lock...
SessionPaths, innatarasyan:   	Got exclusive lock of /home/user/PhpstormProjects/CryptoTrading/bot.madeline/lightState.php.lock...
APIWrapper, innatarasyan:     	Saved session!
FeedLoop, innatarasyan:       	Resumed update feed loop generic
FeedLoop, innatarasyan:       	Resumed update feed loop generic
SessionPaths, Inna_CryptoBot:   	Waiting for exclusive lock of /home/user/PhpstormProjects/CryptoTrading/bot.madeline/safe.php.lock...
SessionPaths, Inna_CryptoBot:   	Got exclusive lock of /home/user/PhpstormProjects/CryptoTrading/bot.madeline/safe.php.lock...
SessionPaths, Inna_CryptoBot:   	Waiting for exclusive lock of /home/user/PhpstormProjects/CryptoTrading/bot.madeline/lightState.php.lock...
SessionPaths, Inna_CryptoBot:   	Got exclusive lock of /home/user/PhpstormProjects/CryptoTrading/bot.madeline/lightState.php.lock...
APIWrapper, Inna_CryptoBot:     	Saved session!
SessionPaths, innatarasyan:   	Waiting for exclusive lock of /home/user/PhpstormProjects/CryptoTrading/bot.madeline/safe.php.lock...
SessionPaths, innatarasyan:   	Got exclusive lock of /home/user/PhpstormProjects/CryptoTrading/bot.madeline/safe.php.lock...
SessionPaths, innatarasyan:   	Waiting for exclusive lock of /home/user/PhpstormProjects/CryptoTrading/bot.madeline/lightState.php.lock...
SessionPaths, innatarasyan:   	Got exclusive lock of /home/user/PhpstormProjects/CryptoTrading/bot.madeline/lightState.php.lock...
APIWrapper, innatarasyan:     	Saved session!
FeedLoop, innatarasyan:       	Resumed update feed loop generic
SessionPaths, innatarasyan:   	Waiting for exclusive lock of /home/user/PhpstormProjects/CryptoTrading/bot.madeline/safe.php.lock...
SessionPaths, innatarasyan:   	Got exclusive lock of /home/user/PhpstormProjects/CryptoTrading/bot.madeline/safe.php.lock...
SessionPaths, innatarasyan:   	Waiting for exclusive lock of /home/user/PhpstormProjects/CryptoTrading/bot.madeline/lightState.php.lock...
SessionPaths, innatarasyan:   	Got exclusive lock of /home/user/PhpstormProjects/CryptoTrading/bot.madeline/lightState.php.lock...
APIWrapper, innatarasyan:     	Saved session!
FeedLoop, innatarasyan:       	Resumed update feed loop generic
FeedLoop, innatarasyan:       	Resumed update feed loop generic
SessionPaths, Inna_CryptoBot:   	Waiting for exclusive lock of /home/user/PhpstormProjects/CryptoTrading/bot.madeline/safe.php.lock...
SessionPaths, Inna_CryptoBot:   	Got exclusive lock of /home/user/PhpstormProjects/CryptoTrading/bot.madeline/safe.php.lock...
SessionPaths, Inna_CryptoBot:   	Waiting for exclusive lock of /home/user/PhpstormProjects/CryptoTrading/bot.madeline/lightState.php.lock...
SessionPaths, Inna_CryptoBot:   	Got exclusive lock of /home/user/PhpstormProjects/CryptoTrading/bot.madeline/lightState.php.lock...
APIWrapper, Inna_CryptoBot:     	Saved session!
SessionPaths, innatarasyan:   	Waiting for exclusive lock of /home/user/PhpstormProjects/CryptoTrading/bot.madeline/safe.php.lock...
SessionPaths, innatarasyan:   	Got exclusive lock of /home/user/PhpstormProjects/CryptoTrading/bot.madeline/safe.php.lock...
SessionPaths, innatarasyan:   	Waiting for exclusive lock of /home/user/PhpstormProjects/CryptoTrading/bot.madeline/lightState.php.lock...
SessionPaths, innatarasyan:   	Got exclusive lock of /home/user/PhpstormProjects/CryptoTrading/bot.madeline/lightState.php.lock...
APIWrapper, innatarasyan:     	Saved session!
Logger:         	MadelineProto 8.4.20
Logger:         	Copyright (C) 2016-2025 Daniil Gentili
Logger:         	Licensed under AGPLv3
Logger:         	https://github.com/danog/MadelineProto
Serialization:  	Got exclusive session lock!
DataCenter:     	Acquiring connect lock for 2!
DataCenter:     	Connecting to DC 2
DataCenterConnection: 	Restoring 0 messages to DC 2
Session:        	Resetting session in DC 2.0 due to creating initial session...
Connection:     	Connecting to DC 2.0 via tcp://149.154.167.41:443 main DC 2, via ipv4 using AbridgedStream => BufferedRawStream => DefaultStream 
DataCenterConnection: 	Handling auth key transition to ENCRYPTED_NOT_AUTHED_NO_LOGIN in DC 2
DataCenterConnection: 	Finished auth key transition to ENCRYPTED_NOT_AUTHED_NO_LOGIN in DC 2
Connection:     	Connected to DC 2.0 via tcp://149.154.167.41:443 main DC 2, via ipv4 using AbridgedStream => BufferedRawStream => DefaultStream!
MTProto:        	AUTH_KEY_UNREGISTERED
APIWrapper:     	MadelineProto is ready!
SessionPaths:   	Waiting for exclusive lock of /home/user/PhpstormProjects/CryptoTrading/user.madeline/ipcState.php.lock...
SessionPaths:   	Got exclusive lock of /home/user/PhpstormProjects/CryptoTrading/user.madeline/ipcState.php.lock...
SessionPaths:   	Waiting for exclusive lock of /home/user/PhpstormProjects/CryptoTrading/user.madeline/safe.php.lock...
SessionPaths:   	Got exclusive lock of /home/user/PhpstormProjects/CryptoTrading/user.madeline/safe.php.lock...
SessionPaths:   	Waiting for exclusive lock of /home/user/PhpstormProjects/CryptoTrading/user.madeline/lightState.php.lock...
SessionPaths:   	Got exclusive lock of /home/user/PhpstormProjects/CryptoTrading/user.madeline/lightState.php.lock...
APIWrapper:     	Saved session!
AbstractServer: 	Accepted IPC client connection!
FeedLoop, innatarasyan:       	Resumed update feed loop generic
SessionPaths, innatarasyan:   	Waiting for exclusive lock of /home/user/PhpstormProjects/CryptoTrading/bot.madeline/safe.php.lock...
SessionPaths, innatarasyan:   	Got exclusive lock of /home/user/PhpstormProjects/CryptoTrading/bot.madeline/safe.php.lock...
SessionPaths, innatarasyan:   	Waiting for exclusive lock of /home/user/PhpstormProjects/CryptoTrading/bot.madeline/lightState.php.lock...
SessionPaths, innatarasyan:   	Got exclusive lock of /home/user/PhpstormProjects/CryptoTrading/bot.madeline/lightState.php.lock...
APIWrapper, innatarasyan:     	Saved session!
FeedLoop, innatarasyan:       	Resumed update feed loop generic
SessionPaths, Inna_CryptoBot:   	Waiting for exclusive lock of /home/user/PhpstormProjects/CryptoTrading/bot.madeline/safe.php.lock...
SessionPaths, Inna_CryptoBot:   	Got exclusive lock of /home/user/PhpstormProjects/CryptoTrading/bot.madeline/safe.php.lock...
SessionPaths, Inna_CryptoBot:   	Waiting for exclusive lock of /home/user/PhpstormProjects/CryptoTrading/bot.madeline/lightState.php.lock...
SessionPaths, Inna_CryptoBot:   	Got exclusive lock of /home/user/PhpstormProjects/CryptoTrading/bot.madeline/lightState.php.lock...
APIWrapper, Inna_CryptoBot:     	Saved session!
SessionPaths, innatarasyan:   	Waiting for exclusive lock of /home/user/PhpstormProjects/CryptoTrading/bot.madeline/safe.php.lock...
SessionPaths, innatarasyan:   	Got exclusive lock of /home/user/PhpstormProjects/CryptoTrading/bot.madeline/safe.php.lock...
SessionPaths, innatarasyan:   	Waiting for exclusive lock of /home/user/PhpstormProjects/CryptoTrading/bot.madeline/lightState.php.lock...
SessionPaths, innatarasyan:   	Got exclusive lock of /home/user/PhpstormProjects/CryptoTrading/bot.madeline/lightState.php.lock...
APIWrapper, innatarasyan:     	Saved session!
SessionPaths:   	Waiting for exclusive lock of /home/user/PhpstormProjects/CryptoTrading/user.madeline/safe.php.lock...
SessionPaths:   	Got exclusive lock of /home/user/PhpstormProjects/CryptoTrading/user.madeline/safe.php.lock...
SessionPaths:   	Waiting for exclusive lock of /home/user/PhpstormProjects/CryptoTrading/user.madeline/lightState.php.lock...
SessionPaths:   	Got exclusive lock of /home/user/PhpstormProjects/CryptoTrading/user.madeline/lightState.php.lock...
APIWrapper:     	Saved session!
SessionPaths, innatarasyan:   	Waiting for exclusive lock of /home/user/PhpstormProjects/CryptoTrading/bot.madeline/safe.php.lock...
SessionPaths, innatarasyan:   	Got exclusive lock of /home/user/PhpstormProjects/CryptoTrading/bot.madeline/safe.php.lock...
SessionPaths, innatarasyan:   	Waiting for exclusive lock of /home/user/PhpstormProjects/CryptoTrading/bot.madeline/lightState.php.lock...
SessionPaths, innatarasyan:   	Got exclusive lock of /home/user/PhpstormProjects/CryptoTrading/bot.madeline/lightState.php.lock...
APIWrapper, innatarasyan:     	Saved session!
FeedLoop, innatarasyan:       	Resumed update feed loop channel -1001290362028
SessionPaths, Inna_CryptoBot:   	Waiting for exclusive lock of /home/user/PhpstormProjects/CryptoTrading/bot.madeline/safe.php.lock...
SessionPaths, Inna_CryptoBot:   	Got exclusive lock of /home/user/PhpstormProjects/CryptoTrading/bot.madeline/safe.php.lock...
SessionPaths, Inna_CryptoBot:   	Waiting for exclusive lock of /home/user/PhpstormProjects/CryptoTrading/bot.madeline/lightState.php.lock...
SessionPaths, Inna_CryptoBot:   	Got exclusive lock of /home/user/PhpstormProjects/CryptoTrading/bot.madeline/lightState.php.lock...
APIWrapper, Inna_CryptoBot:     	Saved session!
FeedLoop, innatarasyan:       	Resumed update feed loop channel -1001290362028
FeedLoop, innatarasyan:       	Resumed update feed loop channel -1001290362028
FeedLoop, innatarasyan:       	Resumed update feed loop channel -1001290362028
FeedLoop, innatarasyan:       	Resumed update feed loop channel -1001290362028
FeedLoop, innatarasyan:       	MSGID duplicate (2086321) in update feed loop channel -1001290362028
FeedLoop, innatarasyan:       	Resumed update feed loop channel -1001290362028
MinDatabase, innatarasyan:    	Found 1 pending contexts
FeedLoop, innatarasyan:       	Resumed update feed loop generic
MinDatabase, innatarasyan:    	Found 3 pending contexts
FeedLoop, innatarasyan:       	Resumed update feed loop generic
FeedLoop, innatarasyan:       	Resumed update feed loop channel -1001290362028
FeedLoop, innatarasyan:       	Resumed update feed loop channel -1001290362028
FeedLoop, innatarasyan:       	Resumed update feed loop channel -1001290362028
FeedLoop, innatarasyan:       	Resumed update feed loop channel -1001290362028
MinDatabase, innatarasyan:    	Found 1 pending contexts
FeedLoop, innatarasyan:       	Resumed update feed loop generic
SessionPaths, innatarasyan:   	Waiting for exclusive lock of /home/user/PhpstormProjects/CryptoTrading/bot.madeline/safe.php.lock...
SessionPaths, innatarasyan:   	Got exclusive lock of /home/user/PhpstormProjects/CryptoTrading/bot.madeline/safe.php.lock...
SessionPaths, innatarasyan:   	Waiting for exclusive lock of /home/user/PhpstormProjects/CryptoTrading/bot.madeline/lightState.php.lock...
SessionPaths, innatarasyan:   	Got exclusive lock of /home/user/PhpstormProjects/CryptoTrading/bot.madeline/lightState.php.lock...
APIWrapper, innatarasyan:     	Saved session!
MinDatabase, innatarasyan:    	Found 1 pending contexts
FeedLoop, innatarasyan:       	Resumed update feed loop generic
SessionPaths:   	Waiting for exclusive lock of /home/user/PhpstormProjects/CryptoTrading/user.madeline/safe.php.lock...
SessionPaths:   	Got exclusive lock of /home/user/PhpstormProjects/CryptoTrading/user.madeline/safe.php.lock...
SessionPaths:   	Waiting for exclusive lock of /home/user/PhpstormProjects/CryptoTrading/user.madeline/lightState.php.lock...
SessionPaths:   	Got exclusive lock of /home/user/PhpstormProjects/CryptoTrading/user.madeline/lightState.php.lock...
APIWrapper:     	Saved session!
SessionPaths, innatarasyan:   	Waiting for exclusive lock of /home/user/PhpstormProjects/CryptoTrading/bot.madeline/safe.php.lock...
SessionPaths, innatarasyan:   	Got exclusive lock of /home/user/PhpstormProjects/CryptoTrading/bot.madeline/safe.php.lock...
SessionPaths, innatarasyan:   	Waiting for exclusive lock of /home/user/PhpstormProjects/CryptoTrading/bot.madeline/lightState.php.lock...
SessionPaths, innatarasyan:   	Got exclusive lock of /home/user/PhpstormProjects/CryptoTrading/bot.madeline/lightState.php.lock...
APIWrapper, innatarasyan:     	Saved session!
FeedLoop, innatarasyan:       	Resumed update feed loop generic
SessionPaths, Inna_CryptoBot:   	Waiting for exclusive lock of /home/user/PhpstormProjects/CryptoTrading/bot.madeline/safe.php.lock...
SessionPaths, Inna_CryptoBot:   	Got exclusive lock of /home/user/PhpstormProjects/CryptoTrading/bot.madeline/safe.php.lock...
SessionPaths, Inna_CryptoBot:   	Waiting for exclusive lock of /home/user/PhpstormProjects/CryptoTrading/bot.madeline/lightState.php.lock...
SessionPaths, Inna_CryptoBot:   	Got exclusive lock of /home/user/PhpstormProjects/CryptoTrading/bot.madeline/lightState.php.lock...
APIWrapper, Inna_CryptoBot:     	Saved session!
FeedLoop, innatarasyan:       	Resumed update feed loop generic
FeedLoop, innatarasyan:       	Resumed update feed loop generic
SessionPaths, innatarasyan:   	Waiting for exclusive lock of /home/user/PhpstormProjects/CryptoTrading/bot.madeline/safe.php.lock...
SessionPaths, innatarasyan:   	Got exclusive lock of /home/user/PhpstormProjects/CryptoTrading/bot.madeline/safe.php.lock...
SessionPaths, innatarasyan:   	Waiting for exclusive lock of /home/user/PhpstormProjects/CryptoTrading/bot.madeline/lightState.php.lock...
SessionPaths, innatarasyan:   	Got exclusive lock of /home/user/PhpstormProjects/CryptoTrading/bot.madeline/lightState.php.lock...
APIWrapper, innatarasyan:     	Saved session!
FeedLoop, innatarasyan:       	Resumed update feed loop channel -1001290362028
SessionPaths:   	Waiting for exclusive lock of /home/user/PhpstormProjects/CryptoTrading/user.madeline/safe.php.lock...
SessionPaths:   	Got exclusive lock of /home/user/PhpstormProjects/CryptoTrading/user.madeline/safe.php.lock...
SessionPaths:   	Waiting for exclusive lock of /home/user/PhpstormProjects/CryptoTrading/user.madeline/lightState.php.lock...
SessionPaths:   	Got exclusive lock of /home/user/PhpstormProjects/CryptoTrading/user.madeline/lightState.php.lock...
APIWrapper:     	Saved session!
FeedLoop, innatarasyan:       	Resumed update feed loop channel -1001290362028
SessionPaths, innatarasyan:   	Waiting for exclusive lock of /home/user/PhpstormProjects/CryptoTrading/bot.madeline/safe.php.lock...
SessionPaths, innatarasyan:   	Got exclusive lock of /home/user/PhpstormProjects/CryptoTrading/bot.madeline/safe.php.lock...
SessionPaths, innatarasyan:   	Waiting for exclusive lock of /home/user/PhpstormProjects/CryptoTrading/bot.madeline/lightState.php.lock...
SessionPaths, innatarasyan:   	Got exclusive lock of /home/user/PhpstormProjects/CryptoTrading/bot.madeline/lightState.php.lock...
APIWrapper, innatarasyan:     	Saved session!
SessionPaths, Inna_CryptoBot:   	Waiting for exclusive lock of /home/user/PhpstormProjects/CryptoTrading/bot.madeline/safe.php.lock...
SessionPaths, Inna_CryptoBot:   	Got exclusive lock of /home/user/PhpstormProjects/CryptoTrading/bot.madeline/safe.php.lock...
SessionPaths, Inna_CryptoBot:   	Waiting for exclusive lock of /home/user/PhpstormProjects/CryptoTrading/bot.madeline/lightState.php.lock...
SessionPaths, Inna_CryptoBot:   	Got exclusive lock of /home/user/PhpstormProjects/CryptoTrading/bot.madeline/lightState.php.lock...
APIWrapper, Inna_CryptoBot:     	Saved session!
SessionPaths, innatarasyan:   	Waiting for exclusive lock of /home/user/PhpstormProjects/CryptoTrading/bot.madeline/safe.php.lock...
SessionPaths, innatarasyan:   	Got exclusive lock of /home/user/PhpstormProjects/CryptoTrading/bot.madeline/safe.php.lock...
SessionPaths, innatarasyan:   	Waiting for exclusive lock of /home/user/PhpstormProjects/CryptoTrading/bot.madeline/lightState.php.lock...
SessionPaths, innatarasyan:   	Got exclusive lock of /home/user/PhpstormProjects/CryptoTrading/bot.madeline/lightState.php.lock...
APIWrapper, innatarasyan:     	Saved session!
SessionPaths:   	Waiting for exclusive lock of /home/user/PhpstormProjects/CryptoTrading/user.madeline/safe.php.lock...
SessionPaths:   	Got exclusive lock of /home/user/PhpstormProjects/CryptoTrading/user.madeline/safe.php.lock...
SessionPaths:   	Waiting for exclusive lock of /home/user/PhpstormProjects/CryptoTrading/user.madeline/lightState.php.lock...
SessionPaths:   	Got exclusive lock of /home/user/PhpstormProjects/CryptoTrading/user.madeline/lightState.php.lock...
APIWrapper:     	Saved session!
SessionPaths, innatarasyan:   	Waiting for exclusive lock of /home/user/PhpstormProjects/CryptoTrading/bot.madeline/safe.php.lock...
SessionPaths, innatarasyan:   	Got exclusive lock of /home/user/PhpstormProjects/CryptoTrading/bot.madeline/safe.php.lock...
SessionPaths, innatarasyan:   	Waiting for exclusive lock of /home/user/PhpstormProjects/CryptoTrading/bot.madeline/lightState.php.lock...
SessionPaths, innatarasyan:   	Got exclusive lock of /home/user/PhpstormProjects/CryptoTrading/bot.madeline/lightState.php.lock...
APIWrapper, innatarasyan:     	Saved session!
SessionPaths, Inna_CryptoBot:   	Waiting for exclusive lock of /home/user/PhpstormProjects/CryptoTrading/bot.madeline/safe.php.lock...
SessionPaths, Inna_CryptoBot:   	Got exclusive lock of /home/user/PhpstormProjects/CryptoTrading/bot.madeline/safe.php.lock...
SessionPaths, Inna_CryptoBot:   	Waiting for exclusive lock of /home/user/PhpstormProjects/CryptoTrading/bot.madeline/lightState.php.lock...
SessionPaths, Inna_CryptoBot:   	Got exclusive lock of /home/user/PhpstormProjects/CryptoTrading/bot.madeline/lightState.php.lock...
APIWrapper, Inna_CryptoBot:     	Saved session!
FeedLoop, innatarasyan:       	Resumed update feed loop channel -1001290362028
FeedLoop, innatarasyan:       	Resumed update feed loop channel -1001290362028
FeedLoop, innatarasyan:       	Resumed update feed loop channel -1001290362028
FeedLoop, innatarasyan:       	Resumed update feed loop channel -1001290362028
FeedLoop, innatarasyan:       	Resumed update feed loop channel -1001290362028
FeedLoop, innatarasyan:       	Resumed update feed loop channel -1001290362028
SessionPaths, innatarasyan:   	Waiting for exclusive lock of /home/user/PhpstormProjects/CryptoTrading/bot.madeline/safe.php.lock...
SessionPaths, innatarasyan:   	Got exclusive lock of /home/user/PhpstormProjects/CryptoTrading/bot.madeline/safe.php.lock...
SessionPaths, innatarasyan:   	Waiting for exclusive lock of /home/user/PhpstormProjects/CryptoTrading/bot.madeline/lightState.php.lock...
SessionPaths, innatarasyan:   	Got exclusive lock of /home/user/PhpstormProjects/CryptoTrading/bot.madeline/lightState.php.lock...
APIWrapper, innatarasyan:     	Saved session!
MinDatabase, innatarasyan:    	Found 2 pending contexts
FeedLoop, innatarasyan:       	Resumed update feed loop generic
MinDatabase, innatarasyan:    	Found 1 pending contexts
FeedLoop, innatarasyan:       	Resumed update feed loop generic
SessionPaths:   	Waiting for exclusive lock of /home/user/PhpstormProjects/CryptoTrading/user.madeline/safe.php.lock...
SessionPaths:   	Got exclusive lock of /home/user/PhpstormProjects/CryptoTrading/user.madeline/safe.php.lock...
SessionPaths:   	Waiting for exclusive lock of /home/user/PhpstormProjects/CryptoTrading/user.madeline/lightState.php.lock...
SessionPaths:   	Got exclusive lock of /home/user/PhpstormProjects/CryptoTrading/user.madeline/lightState.php.lock...
APIWrapper:     	Saved session!
SessionPaths, innatarasyan:   	Waiting for exclusive lock of /home/user/PhpstormProjects/CryptoTrading/bot.madeline/safe.php.lock...
SessionPaths, innatarasyan:   	Got exclusive lock of /home/user/PhpstormProjects/CryptoTrading/bot.madeline/safe.php.lock...
SessionPaths, innatarasyan:   	Waiting for exclusive lock of /home/user/PhpstormProjects/CryptoTrading/bot.madeline/lightState.php.lock...
SessionPaths, innatarasyan:   	Got exclusive lock of /home/user/PhpstormProjects/CryptoTrading/bot.madeline/lightState.php.lock...
APIWrapper, innatarasyan:     	Saved session!
SessionPaths, Inna_CryptoBot:   	Waiting for exclusive lock of /home/user/PhpstormProjects/CryptoTrading/bot.madeline/safe.php.lock...
SessionPaths, Inna_CryptoBot:   	Got exclusive lock of /home/user/PhpstormProjects/CryptoTrading/bot.madeline/safe.php.lock...
SessionPaths, Inna_CryptoBot:   	Waiting for exclusive lock of /home/user/PhpstormProjects/CryptoTrading/bot.madeline/lightState.php.lock...
SessionPaths, Inna_CryptoBot:   	Got exclusive lock of /home/user/PhpstormProjects/CryptoTrading/bot.madeline/lightState.php.lock...
APIWrapper, Inna_CryptoBot:     	Saved session!
FeedLoop, innatarasyan:       	Resumed update feed loop generic
SessionPaths, innatarasyan:   	Waiting for exclusive lock of /home/user/PhpstormProjects/CryptoTrading/bot.madeline/safe.php.lock...
SessionPaths, innatarasyan:   	Got exclusive lock of /home/user/PhpstormProjects/CryptoTrading/bot.madeline/safe.php.lock...
SessionPaths, innatarasyan:   	Waiting for exclusive lock of /home/user/PhpstormProjects/CryptoTrading/bot.madeline/lightState.php.lock...
SessionPaths, innatarasyan:   	Got exclusive lock of /home/user/PhpstormProjects/CryptoTrading/bot.madeline/lightState.php.lock...
APIWrapper, innatarasyan:     	Saved session!
SessionPaths:   	Waiting for exclusive lock of /home/user/PhpstormProjects/CryptoTrading/user.madeline/safe.php.lock...
SessionPaths:   	Got exclusive lock of /home/user/PhpstormProjects/CryptoTrading/user.madeline/safe.php.lock...
SessionPaths:   	Waiting for exclusive lock of /home/user/PhpstormProjects/CryptoTrading/user.madeline/lightState.php.lock...
SessionPaths:   	Got exclusive lock of /home/user/PhpstormProjects/CryptoTrading/user.madeline/lightState.php.lock...
APIWrapper:     	Saved session!
SessionPaths, innatarasyan:   	Waiting for exclusive lock of /home/user/PhpstormProjects/CryptoTrading/bot.madeline/safe.php.lock...
SessionPaths, innatarasyan:   	Got exclusive lock of /home/user/PhpstormProjects/CryptoTrading/bot.madeline/safe.php.lock...
SessionPaths, innatarasyan:   	Waiting for exclusive lock of /home/user/PhpstormProjects/CryptoTrading/bot.madeline/lightState.php.lock...
SessionPaths, innatarasyan:   	Got exclusive lock of /home/user/PhpstormProjects/CryptoTrading/bot.madeline/lightState.php.lock...
APIWrapper, innatarasyan:     	Saved session!
SessionPaths, Inna_CryptoBot:   	Waiting for exclusive lock of /home/user/PhpstormProjects/CryptoTrading/bot.madeline/safe.php.lock...
SessionPaths, Inna_CryptoBot:   	Got exclusive lock of /home/user/PhpstormProjects/CryptoTrading/bot.madeline/safe.php.lock...
SessionPaths, Inna_CryptoBot:   	Waiting for exclusive lock of /home/user/PhpstormProjects/CryptoTrading/bot.madeline/lightState.php.lock...
SessionPaths, Inna_CryptoBot:   	Got exclusive lock of /home/user/PhpstormProjects/CryptoTrading/bot.madeline/lightState.php.lock...
APIWrapper, Inna_CryptoBot:     	Saved session!
SessionPaths, innatarasyan:   	Waiting for exclusive lock of /home/user/PhpstormProjects/CryptoTrading/bot.madeline/safe.php.lock...
SessionPaths, innatarasyan:   	Got exclusive lock of /home/user/PhpstormProjects/CryptoTrading/bot.madeline/safe.php.lock...
SessionPaths, innatarasyan:   	Waiting for exclusive lock of /home/user/PhpstormProjects/CryptoTrading/bot.madeline/lightState.php.lock...
SessionPaths, innatarasyan:   	Got exclusive lock of /home/user/PhpstormProjects/CryptoTrading/bot.madeline/lightState.php.lock...
APIWrapper, innatarasyan:     	Saved session!
SessionPaths:   	Waiting for exclusive lock of /home/user/PhpstormProjects/CryptoTrading/user.madeline/safe.php.lock...
SessionPaths:   	Got exclusive lock of /home/user/PhpstormProjects/CryptoTrading/user.madeline/safe.php.lock...
SessionPaths:   	Waiting for exclusive lock of /home/user/PhpstormProjects/CryptoTrading/user.madeline/lightState.php.lock...
SessionPaths:   	Got exclusive lock of /home/user/PhpstormProjects/CryptoTrading/user.madeline/lightState.php.lock...
APIWrapper:     	Saved session!
SessionPaths, innatarasyan:   	Waiting for exclusive lock of /home/user/PhpstormProjects/CryptoTrading/bot.madeline/safe.php.lock...
SessionPaths, innatarasyan:   	Got exclusive lock of /home/user/PhpstormProjects/CryptoTrading/bot.madeline/safe.php.lock...
SessionPaths, innatarasyan:   	Waiting for exclusive lock of /home/user/PhpstormProjects/CryptoTrading/bot.madeline/lightState.php.lock...
SessionPaths, innatarasyan:   	Got exclusive lock of /home/user/PhpstormProjects/CryptoTrading/bot.madeline/lightState.php.lock...
APIWrapper, innatarasyan:     	Saved session!
SessionPaths, Inna_CryptoBot:   	Waiting for exclusive lock of /home/user/PhpstormProjects/CryptoTrading/bot.madeline/safe.php.lock...
SessionPaths, Inna_CryptoBot:   	Got exclusive lock of /home/user/PhpstormProjects/CryptoTrading/bot.madeline/safe.php.lock...
SessionPaths, Inna_CryptoBot:   	Waiting for exclusive lock of /home/user/PhpstormProjects/CryptoTrading/bot.madeline/lightState.php.lock...
SessionPaths, Inna_CryptoBot:   	Got exclusive lock of /home/user/PhpstormProjects/CryptoTrading/bot.madeline/lightState.php.lock...
APIWrapper, Inna_CryptoBot:     	Saved session!
SessionPaths, innatarasyan:   	Waiting for exclusive lock of /home/user/PhpstormProjects/CryptoTrading/bot.madeline/safe.php.lock...
SessionPaths, innatarasyan:   	Got exclusive lock of /home/user/PhpstormProjects/CryptoTrading/bot.madeline/safe.php.lock...
SessionPaths, innatarasyan:   	Waiting for exclusive lock of /home/user/PhpstormProjects/CryptoTrading/bot.madeline/lightState.php.lock...
SessionPaths, innatarasyan:   	Got exclusive lock of /home/user/PhpstormProjects/CryptoTrading/bot.madeline/lightState.php.lock...
APIWrapper, innatarasyan:     	Saved session!
FeedLoop, innatarasyan:       	Resumed update feed loop generic
FeedLoop, innatarasyan:       	Resumed update feed loop generic
SessionPaths:   	Waiting for exclusive lock of /home/user/PhpstormProjects/CryptoTrading/user.madeline/safe.php.lock...
SessionPaths:   	Got exclusive lock of /home/user/PhpstormProjects/CryptoTrading/user.madeline/safe.php.lock...
SessionPaths:   	Waiting for exclusive lock of /home/user/PhpstormProjects/CryptoTrading/user.madeline/lightState.php.lock...
SessionPaths:   	Got exclusive lock of /home/user/PhpstormProjects/CryptoTrading/user.madeline/lightState.php.lock...
APIWrapper:     	Saved session!
FeedLoop, innatarasyan:       	Resumed update feed loop generic
SessionPaths, innatarasyan:   	Waiting for exclusive lock of /home/user/PhpstormProjects/CryptoTrading/bot.madeline/safe.php.lock...
SessionPaths, innatarasyan:   	Got exclusive lock of /home/user/PhpstormProjects/CryptoTrading/bot.madeline/safe.php.lock...
SessionPaths, innatarasyan:   	Waiting for exclusive lock of /home/user/PhpstormProjects/CryptoTrading/bot.madeline/lightState.php.lock...
SessionPaths, innatarasyan:   	Got exclusive lock of /home/user/PhpstormProjects/CryptoTrading/bot.madeline/lightState.php.lock...
APIWrapper, innatarasyan:     	Saved session!
FeedLoop, innatarasyan:       	Resumed update feed loop generic
SessionPaths, Inna_CryptoBot:   	Waiting for exclusive lock of /home/user/PhpstormProjects/CryptoTrading/bot.madeline/safe.php.lock...
SessionPaths, Inna_CryptoBot:   	Got exclusive lock of /home/user/PhpstormProjects/CryptoTrading/bot.madeline/safe.php.lock...
SessionPaths, Inna_CryptoBot:   	Waiting for exclusive lock of /home/user/PhpstormProjects/CryptoTrading/bot.madeline/lightState.php.lock...
SessionPaths, Inna_CryptoBot:   	Got exclusive lock of /home/user/PhpstormProjects/CryptoTrading/bot.madeline/lightState.php.lock...
APIWrapper, Inna_CryptoBot:     	Saved session!
SessionPaths, innatarasyan:   	Waiting for exclusive lock of /home/user/PhpstormProjects/CryptoTrading/bot.madeline/safe.php.lock...
SessionPaths, innatarasyan:   	Got exclusive lock of /home/user/PhpstormProjects/CryptoTrading/bot.madeline/safe.php.lock...
SessionPaths, innatarasyan:   	Waiting for exclusive lock of /home/user/PhpstormProjects/CryptoTrading/bot.madeline/lightState.php.lock...
SessionPaths, innatarasyan:   	Got exclusive lock of /home/user/PhpstormProjects/CryptoTrading/bot.madeline/lightState.php.lock...
APIWrapper, innatarasyan:     	Saved session!
SessionPaths:   	Waiting for exclusive lock of /home/user/PhpstormProjects/CryptoTrading/user.madeline/safe.php.lock...
SessionPaths:   	Got exclusive lock of /home/user/PhpstormProjects/CryptoTrading/user.madeline/safe.php.lock...
SessionPaths:   	Waiting for exclusive lock of /home/user/PhpstormProjects/CryptoTrading/user.madeline/lightState.php.lock...
SessionPaths:   	Got exclusive lock of /home/user/PhpstormProjects/CryptoTrading/user.madeline/lightState.php.lock...
APIWrapper:     	Saved session!
SessionPaths, innatarasyan:   	Waiting for exclusive lock of /home/user/PhpstormProjects/CryptoTrading/bot.madeline/safe.php.lock...
SessionPaths, innatarasyan:   	Got exclusive lock of /home/user/PhpstormProjects/CryptoTrading/bot.madeline/safe.php.lock...
SessionPaths, innatarasyan:   	Waiting for exclusive lock of /home/user/PhpstormProjects/CryptoTrading/bot.madeline/lightState.php.lock...
SessionPaths, innatarasyan:   	Got exclusive lock of /home/user/PhpstormProjects/CryptoTrading/bot.madeline/lightState.php.lock...
APIWrapper, innatarasyan:     	Saved session!
FeedLoop, innatarasyan:       	Resumed update feed loop generic
FeedLoop, innatarasyan:       	Resumed update feed loop generic
SessionPaths, Inna_CryptoBot:   	Waiting for exclusive lock of /home/user/PhpstormProjects/CryptoTrading/bot.madeline/safe.php.lock...
SessionPaths, Inna_CryptoBot:   	Got exclusive lock of /home/user/PhpstormProjects/CryptoTrading/bot.madeline/safe.php.lock...
SessionPaths, Inna_CryptoBot:   	Waiting for exclusive lock of /home/user/PhpstormProjects/CryptoTrading/bot.madeline/lightState.php.lock...
SessionPaths, Inna_CryptoBot:   	Got exclusive lock of /home/user/PhpstormProjects/CryptoTrading/bot.madeline/lightState.php.lock...
APIWrapper, Inna_CryptoBot:     	Saved session!
SessionPaths, innatarasyan:   	Waiting for exclusive lock of /home/user/PhpstormProjects/CryptoTrading/bot.madeline/safe.php.lock...
SessionPaths, innatarasyan:   	Got exclusive lock of /home/user/PhpstormProjects/CryptoTrading/bot.madeline/safe.php.lock...
SessionPaths, innatarasyan:   	Waiting for exclusive lock of /home/user/PhpstormProjects/CryptoTrading/bot.madeline/lightState.php.lock...
SessionPaths, innatarasyan:   	Got exclusive lock of /home/user/PhpstormProjects/CryptoTrading/bot.madeline/lightState.php.lock...
APIWrapper, innatarasyan:     	Saved session!
SessionPaths:   	Waiting for exclusive lock of /home/user/PhpstormProjects/CryptoTrading/user.madeline/safe.php.lock...
SessionPaths:   	Got exclusive lock of /home/user/PhpstormProjects/CryptoTrading/user.madeline/safe.php.lock...
SessionPaths:   	Waiting for exclusive lock of /home/user/PhpstormProjects/CryptoTrading/user.madeline/lightState.php.lock...
SessionPaths:   	Got exclusive lock of /home/user/PhpstormProjects/CryptoTrading/user.madeline/lightState.php.lock...
APIWrapper:     	Saved session!
AbstractServer: 	Accepted IPC client connection!
SessionPaths, innatarasyan:   	Waiting for exclusive lock of /home/user/PhpstormProjects/CryptoTrading/bot.madeline/safe.php.lock...
SessionPaths, innatarasyan:   	Got exclusive lock of /home/user/PhpstormProjects/CryptoTrading/bot.madeline/safe.php.lock...
SessionPaths, innatarasyan:   	Waiting for exclusive lock of /home/user/PhpstormProjects/CryptoTrading/bot.madeline/lightState.php.lock...
SessionPaths, innatarasyan:   	Got exclusive lock of /home/user/PhpstormProjects/CryptoTrading/bot.madeline/lightState.php.lock...
APIWrapper, innatarasyan:     	Saved session!
SessionPaths, Inna_CryptoBot:   	Waiting for exclusive lock of /home/user/PhpstormProjects/CryptoTrading/bot.madeline/safe.php.lock...
SessionPaths, Inna_CryptoBot:   	Got exclusive lock of /home/user/PhpstormProjects/CryptoTrading/bot.madeline/safe.php.lock...
SessionPaths, Inna_CryptoBot:   	Waiting for exclusive lock of /home/user/PhpstormProjects/CryptoTrading/bot.madeline/lightState.php.lock...
SessionPaths, Inna_CryptoBot:   	Got exclusive lock of /home/user/PhpstormProjects/CryptoTrading/bot.madeline/lightState.php.lock...
APIWrapper, Inna_CryptoBot:     	Saved session!
SessionPaths, innatarasyan:   	Waiting for exclusive lock of /home/user/PhpstormProjects/CryptoTrading/bot.madeline/safe.php.lock...
SessionPaths, innatarasyan:   	Got exclusive lock of /home/user/PhpstormProjects/CryptoTrading/bot.madeline/safe.php.lock...
SessionPaths, innatarasyan:   	Waiting for exclusive lock of /home/user/PhpstormProjects/CryptoTrading/bot.madeline/lightState.php.lock...
SessionPaths, innatarasyan:   	Got exclusive lock of /home/user/PhpstormProjects/CryptoTrading/bot.madeline/lightState.php.lock...
APIWrapper, innatarasyan:     	Saved session!
SessionPaths:   	Waiting for exclusive lock of /home/user/PhpstormProjects/CryptoTrading/user.madeline/safe.php.lock...
SessionPaths:   	Got exclusive lock of /home/user/PhpstormProjects/CryptoTrading/user.madeline/safe.php.lock...
SessionPaths:   	Waiting for exclusive lock of /home/user/PhpstormProjects/CryptoTrading/user.madeline/lightState.php.lock...
SessionPaths:   	Got exclusive lock of /home/user/PhpstormProjects/CryptoTrading/user.madeline/lightState.php.lock...
APIWrapper:     	Saved session!
SessionPaths, innatarasyan:   	Waiting for exclusive lock of /home/user/PhpstormProjects/CryptoTrading/bot.madeline/safe.php.lock...
SessionPaths, innatarasyan:   	Got exclusive lock of /home/user/PhpstormProjects/CryptoTrading/bot.madeline/safe.php.lock...
SessionPaths, innatarasyan:   	Waiting for exclusive lock of /home/user/PhpstormProjects/CryptoTrading/bot.madeline/lightState.php.lock...
SessionPaths, innatarasyan:   	Got exclusive lock of /home/user/PhpstormProjects/CryptoTrading/bot.madeline/lightState.php.lock...
APIWrapper, innatarasyan:     	Saved session!
AbstractServer: 	Accepted IPC client connection!
FeedLoop, innatarasyan:       	Resumed update feed loop generic
SessionPaths, Inna_CryptoBot:   	Waiting for exclusive lock of /home/user/PhpstormProjects/CryptoTrading/bot.madeline/safe.php.lock...
SessionPaths, Inna_CryptoBot:   	Got exclusive lock of /home/user/PhpstormProjects/CryptoTrading/bot.madeline/safe.php.lock...
SessionPaths, Inna_CryptoBot:   	Waiting for exclusive lock of /home/user/PhpstormProjects/CryptoTrading/bot.madeline/lightState.php.lock...
SessionPaths, Inna_CryptoBot:   	Got exclusive lock of /home/user/PhpstormProjects/CryptoTrading/bot.madeline/lightState.php.lock...
APIWrapper, Inna_CryptoBot:     	Saved session!
SessionPaths, innatarasyan:   	Waiting for exclusive lock of /home/user/PhpstormProjects/CryptoTrading/bot.madeline/safe.php.lock...
SessionPaths, innatarasyan:   	Got exclusive lock of /home/user/PhpstormProjects/CryptoTrading/bot.madeline/safe.php.lock...
SessionPaths, innatarasyan:   	Waiting for exclusive lock of /home/user/PhpstormProjects/CryptoTrading/bot.madeline/lightState.php.lock...
SessionPaths, innatarasyan:   	Got exclusive lock of /home/user/PhpstormProjects/CryptoTrading/bot.madeline/lightState.php.lock...
APIWrapper, innatarasyan:     	Saved session!
MinDatabase, innatarasyan:    	Found 1 pending contexts
FeedLoop, innatarasyan:       	Resumed update feed loop generic
SessionPaths:   	Waiting for exclusive lock of /home/user/PhpstormProjects/CryptoTrading/user.madeline/safe.php.lock...
SessionPaths:   	Got exclusive lock of /home/user/PhpstormProjects/CryptoTrading/user.madeline/safe.php.lock...
SessionPaths:   	Waiting for exclusive lock of /home/user/PhpstormProjects/CryptoTrading/user.madeline/lightState.php.lock...
SessionPaths:   	Got exclusive lock of /home/user/PhpstormProjects/CryptoTrading/user.madeline/lightState.php.lock...
APIWrapper:     	Saved session!
AbstractServer: 	Accepted IPC client connection!
SessionPaths, innatarasyan:   	Waiting for exclusive lock of /home/user/PhpstormProjects/CryptoTrading/bot.madeline/safe.php.lock...
SessionPaths, innatarasyan:   	Got exclusive lock of /home/user/PhpstormProjects/CryptoTrading/bot.madeline/safe.php.lock...
SessionPaths, innatarasyan:   	Waiting for exclusive lock of /home/user/PhpstormProjects/CryptoTrading/bot.madeline/lightState.php.lock...
SessionPaths, innatarasyan:   	Got exclusive lock of /home/user/PhpstormProjects/CryptoTrading/bot.madeline/lightState.php.lock...
APIWrapper, innatarasyan:     	Saved session!
FeedLoop, innatarasyan:       	Resumed update feed loop generic
SessionPaths, Inna_CryptoBot:   	Waiting for exclusive lock of /home/user/PhpstormProjects/CryptoTrading/bot.madeline/safe.php.lock...
SessionPaths, Inna_CryptoBot:   	Got exclusive lock of /home/user/PhpstormProjects/CryptoTrading/bot.madeline/safe.php.lock...
SessionPaths, Inna_CryptoBot:   	Waiting for exclusive lock of /home/user/PhpstormProjects/CryptoTrading/bot.madeline/lightState.php.lock...
SessionPaths, Inna_CryptoBot:   	Got exclusive lock of /home/user/PhpstormProjects/CryptoTrading/bot.madeline/lightState.php.lock...
APIWrapper, Inna_CryptoBot:     	Saved session!
AbstractServer: 	Got error while trying to send result of waitQrLogin: Amp\Ipc\Sync\ChannelException: The channel was already closed! in /home/user/PhpstormProjects/CryptoTrading/vendor/danog/ipc/lib/Sync/ChannelledSocket.php:39
Stack trace:
#0 /home/user/PhpstormProjects/CryptoTrading/vendor/danog/madelineproto/src/Ipc/AbstractServer.php(275): Amp\Ipc\Sync\ChannelledSocket->send()
#1 /home/user/PhpstormProjects/CryptoTrading/vendor/revolt/event-loop/src/EventLoop/Internal/AbstractDriver.php(430): danog\MadelineProto\Ipc\AbstractServer->clientRequest()
#2 /home/user/PhpstormProjects/CryptoTrading/vendor/revolt/event-loop/src/EventLoop/Internal/AbstractDriver.php(621): Revolt\EventLoop\Internal\AbstractDriver->invokeMicrotasks()
#3 [internal function]: Revolt\EventLoop\Internal\AbstractDriver->{closure:Revolt\EventLoop\Internal\AbstractDriver::createCallbackFiber():565}()
#4 /home/user/PhpstormProjects/CryptoTrading/vendor/revolt/event-loop/src/EventLoop/Internal/DriverSuspension.php(171): Fiber->throw()
#5 /home/user/PhpstormProjects/CryptoTrading/vendor/revolt/event-loop/src/EventLoop/Internal/AbstractDriver.php(430): Revolt\EventLoop\Internal\DriverSuspension::{closure:Revolt\EventLoop\Internal\DriverSuspension::throw():168}()
#6 /home/user/PhpstormProjects/CryptoTrading/vendor/revolt/event-loop/src/EventLoop/Internal/AbstractDriver.php(567): Revolt\EventLoop\Internal\AbstractDriver->invokeMicrotasks()
#7 [internal function]: Revolt\EventLoop\Internal\AbstractDriver->{closure:Revolt\EventLoop\Internal\AbstractDriver::createCallbackFiber():565}()
#8 /home/user/PhpstormProjects/CryptoTrading/vendor/revolt/event-loop/src/EventLoop/Internal/DriverSuspension.php(64): Fiber->resume()
#9 /home/user/PhpstormProjects/CryptoTrading/vendor/revolt/event-loop/src/EventLoop/Internal/AbstractDriver.php(430): Revolt\EventLoop\Internal\DriverSuspension::{closure:Revolt\EventLoop\Internal\DriverSuspension::resume():61}()
#10 /home/user/PhpstormProjects/CryptoTrading/vendor/revolt/event-loop/src/EventLoop/Internal/AbstractDriver.php(567): Revolt\EventLoop\Internal\AbstractDriver->invokeMicrotasks()
#11 [internal function]: Revolt\EventLoop\Internal\AbstractDriver->{closure:Revolt\EventLoop\Internal\AbstractDriver::createCallbackFiber():565}()
#12 /home/user/PhpstormProjects/CryptoTrading/vendor/revolt/event-loop/src/EventLoop/Internal/DriverSuspension.php(64): Fiber->resume()
#13 /home/user/PhpstormProjects/CryptoTrading/vendor/revolt/event-loop/src/EventLoop/Internal/AbstractDriver.php(430): Revolt\EventLoop\Internal\DriverSuspension::{closure:Revolt\EventLoop\Internal\DriverSuspension::resume():61}()
#14 /home/user/PhpstormProjects/CryptoTrading/vendor/revolt/event-loop/src/EventLoop/Internal/AbstractDriver.php(567): Revolt\EventLoop\Internal\AbstractDriver->invokeMicrotasks()
#15 [internal function]: Revolt\EventLoop\Internal\AbstractDriver->{closure:Revolt\EventLoop\Internal\AbstractDriver::createCallbackFiber():565}()
#16 /home/user/PhpstormProjects/CryptoTrading/vendor/revolt/event-loop/src/EventLoop/Internal/DriverSuspension.php(64): Fiber->resume()
#17 /home/user/PhpstormProjects/CryptoTrading/vendor/revolt/event-loop/src/EventLoop/Internal/AbstractDriver.php(430): Revolt\EventLoop\Internal\DriverSuspension::{closure:Revolt\EventLoop\Internal\DriverSuspension::resume():61}()
#18 /home/user/PhpstormProjects/CryptoTrading/vendor/revolt/event-loop/src/EventLoop/Internal/AbstractDriver.php(567): Revolt\EventLoop\Internal\AbstractDriver->invokeMicrotasks()
#19 [internal function]: Revolt\EventLoop\Internal\AbstractDriver->{closure:Revolt\EventLoop\Internal\AbstractDriver::createCallbackFiber():565}()
#20 /home/user/PhpstormProjects/CryptoTrading/vendor/revolt/event-loop/src/EventLoop/Internal/DriverSuspension.php(64): Fiber->resume()
#21 /home/user/PhpstormProjects/CryptoTrading/vendor/revolt/event-loop/src/EventLoop/Internal/AbstractDriver.php(430): Revolt\EventLoop\Internal\DriverSuspension::{closure:Revolt\EventLoop\Internal\DriverSuspension::resume():61}()
#22 /home/user/PhpstormProjects/CryptoTrading/vendor/revolt/event-loop/src/EventLoop/Internal/AbstractDriver.php(621): Revolt\EventLoop\Internal\AbstractDriver->invokeMicrotasks()
#23 [internal function]: Revolt\EventLoop\Internal\AbstractDriver->{closure:Revolt\EventLoop\Internal\AbstractDriver::createCallbackFiber():565}()
#24 /home/user/PhpstormProjects/CryptoTrading/vendor/revolt/event-loop/src/EventLoop/Internal/DriverSuspension.php(64): Fiber->resume()
#25 /home/user/PhpstormProjects/CryptoTrading/vendor/revolt/event-loop/src/EventLoop/Internal/AbstractDriver.php(430): Revolt\EventLoop\Internal\DriverSuspension::{closure:Revolt\EventLoop\Internal\DriverSuspension::resume():61}()
#26 /home/user/PhpstormProjects/CryptoTrading/vendor/revolt/event-loop/src/EventLoop/Internal/AbstractDriver.php(567): Revolt\EventLoop\Internal\AbstractDriver->invokeMicrotasks()
#27 [internal function]: Revolt\EventLoop\Internal\AbstractDriver->{closure:Revolt\EventLoop\Internal\AbstractDriver::createCallbackFiber():565}()
#28 /home/user/PhpstormProjects/CryptoTrading/vendor/revolt/event-loop/src/EventLoop/Internal/AbstractDriver.php(503): Fiber->start()
#29 /home/user/PhpstormProjects/CryptoTrading/vendor/revolt/event-loop/src/EventLoop/Internal/AbstractDriver.php(558): Revolt\EventLoop\Internal\AbstractDriver->invokeCallbacks()
#30 [internal function]: Revolt\EventLoop\Internal\AbstractDriver->{closure:Revolt\EventLoop\Internal\AbstractDriver::createLoopFiber():538}()
#31 /home/user/PhpstormProjects/CryptoTrading/vendor/revolt/event-loop/src/EventLoop/Internal/AbstractDriver.php(96): Fiber->resume()
#32 /home/user/PhpstormProjects/CryptoTrading/vendor/revolt/event-loop/src/EventLoop/Internal/DriverSuspension.php(117): Revolt\EventLoop\Internal\AbstractDriver->{closure:Revolt\EventLoop\Internal\AbstractDriver::__construct():90}()
#33 /home/user/PhpstormProjects/CryptoTrading/vendor/amphp/amp/src/Future.php(251): Revolt\EventLoop\Internal\DriverSuspension->suspend()
#34 /home/user/PhpstormProjects/CryptoTrading/vendor/danog/madelineproto/src/Ipc/AbstractServer.php(177): Amp\Future->await()
#35 /home/user/PhpstormProjects/CryptoTrading/vendor/danog/madelineproto/src/Ipc/Runner/entry.php(119): danog\MadelineProto\Ipc\AbstractServer::waitShutdown()
#36 /home/user/PhpstormProjects/CryptoTrading/vendor/danog/madelineproto/src/Ipc/Runner/entry.php(154): {closure:/home/user/PhpstormProjects/CryptoTrading/vendor/danog/madelineproto/src/Ipc/Runner/entry.php:35}()
#37 {main}
AbstractServer: 	Got error while trying to send error of error of waitQrLogin: Amp\Ipc\Sync\ChannelException: The channel was already closed! in /home/user/PhpstormProjects/CryptoTrading/vendor/danog/ipc/lib/Sync/ChannelledSocket.php:39
Stack trace:
#0 /home/user/PhpstormProjects/CryptoTrading/vendor/danog/madelineproto/src/Ipc/AbstractServer.php(279): Amp\Ipc\Sync\ChannelledSocket->send()
#1 /home/user/PhpstormProjects/CryptoTrading/vendor/revolt/event-loop/src/EventLoop/Internal/AbstractDriver.php(430): danog\MadelineProto\Ipc\AbstractServer->clientRequest()
#2 /home/user/PhpstormProjects/CryptoTrading/vendor/revolt/event-loop/src/EventLoop/Internal/AbstractDriver.php(621): Revolt\EventLoop\Internal\AbstractDriver->invokeMicrotasks()
#3 [internal function]: Revolt\EventLoop\Internal\AbstractDriver->{closure:Revolt\EventLoop\Internal\AbstractDriver::createCallbackFiber():565}()
#4 /home/user/PhpstormProjects/CryptoTrading/vendor/revolt/event-loop/src/EventLoop/Internal/DriverSuspension.php(171): Fiber->throw()
#5 /home/user/PhpstormProjects/CryptoTrading/vendor/revolt/event-loop/src/EventLoop/Internal/AbstractDriver.php(430): Revolt\EventLoop\Internal\DriverSuspension::{closure:Revolt\EventLoop\Internal\DriverSuspension::throw():168}()
#6 /home/user/PhpstormProjects/CryptoTrading/vendor/revolt/event-loop/src/EventLoop/Internal/AbstractDriver.php(567): Revolt\EventLoop\Internal\AbstractDriver->invokeMicrotasks()
#7 [internal function]: Revolt\EventLoop\Internal\AbstractDriver->{closure:Revolt\EventLoop\Internal\AbstractDriver::createCallbackFiber():565}()
#8 /home/user/PhpstormProjects/CryptoTrading/vendor/revolt/event-loop/src/EventLoop/Internal/DriverSuspension.php(64): Fiber->resume()
#9 /home/user/PhpstormProjects/CryptoTrading/vendor/revolt/event-loop/src/EventLoop/Internal/AbstractDriver.php(430): Revolt\EventLoop\Internal\DriverSuspension::{closure:Revolt\EventLoop\Internal\DriverSuspension::resume():61}()
#10 /home/user/PhpstormProjects/CryptoTrading/vendor/revolt/event-loop/src/EventLoop/Internal/AbstractDriver.php(567): Revolt\EventLoop\Internal\AbstractDriver->invokeMicrotasks()
#11 [internal function]: Revolt\EventLoop\Internal\AbstractDriver->{closure:Revolt\EventLoop\Internal\AbstractDriver::createCallbackFiber():565}()
#12 /home/user/PhpstormProjects/CryptoTrading/vendor/revolt/event-loop/src/EventLoop/Internal/DriverSuspension.php(64): Fiber->resume()
#13 /home/user/PhpstormProjects/CryptoTrading/vendor/revolt/event-loop/src/EventLoop/Internal/AbstractDriver.php(430): Revolt\EventLoop\Internal\DriverSuspension::{closure:Revolt\EventLoop\Internal\DriverSuspension::resume():61}()
#14 /home/user/PhpstormProjects/CryptoTrading/vendor/revolt/event-loop/src/EventLoop/Internal/AbstractDriver.php(567): Revolt\EventLoop\Internal\AbstractDriver->invokeMicrotasks()
#15 [internal function]: Revolt\EventLoop\Internal\AbstractDriver->{closure:Revolt\EventLoop\Internal\AbstractDriver::createCallbackFiber():565}()
#16 /home/user/PhpstormProjects/CryptoTrading/vendor/revolt/event-loop/src/EventLoop/Internal/DriverSuspension.php(64): Fiber->resume()
#17 /home/user/PhpstormProjects/CryptoTrading/vendor/revolt/event-loop/src/EventLoop/Internal/AbstractDriver.php(430): Revolt\EventLoop\Internal\DriverSuspension::{closure:Revolt\EventLoop\Internal\DriverSuspension::resume():61}()
#18 /home/user/PhpstormProjects/CryptoTrading/vendor/revolt/event-loop/src/EventLoop/Internal/AbstractDriver.php(567): Revolt\EventLoop\Internal\AbstractDriver->invokeMicrotasks()
#19 [internal function]: Revolt\EventLoop\Internal\AbstractDriver->{closure:Revolt\EventLoop\Internal\AbstractDriver::createCallbackFiber():565}()
#20 /home/user/PhpstormProjects/CryptoTrading/vendor/revolt/event-loop/src/EventLoop/Internal/DriverSuspension.php(64): Fiber->resume()
#21 /home/user/PhpstormProjects/CryptoTrading/vendor/revolt/event-loop/src/EventLoop/Internal/AbstractDriver.php(430): Revolt\EventLoop\Internal\DriverSuspension::{closure:Revolt\EventLoop\Internal\DriverSuspension::resume():61}()
#22 /home/user/PhpstormProjects/CryptoTrading/vendor/revolt/event-loop/src/EventLoop/Internal/AbstractDriver.php(621): Revolt\EventLoop\Internal\AbstractDriver->invokeMicrotasks()
#23 [internal function]: Revolt\EventLoop\Internal\AbstractDriver->{closure:Revolt\EventLoop\Internal\AbstractDriver::createCallbackFiber():565}()
#24 /home/user/PhpstormProjects/CryptoTrading/vendor/revolt/event-loop/src/EventLoop/Internal/DriverSuspension.php(64): Fiber->resume()
#25 /home/user/PhpstormProjects/CryptoTrading/vendor/revolt/event-loop/src/EventLoop/Internal/AbstractDriver.php(430): Revolt\EventLoop\Internal\DriverSuspension::{closure:Revolt\EventLoop\Internal\DriverSuspension::resume():61}()
#26 /home/user/PhpstormProjects/CryptoTrading/vendor/revolt/event-loop/src/EventLoop/Internal/AbstractDriver.php(567): Revolt\EventLoop\Internal\AbstractDriver->invokeMicrotasks()
#27 [internal function]: Revolt\EventLoop\Internal\AbstractDriver->{closure:Revolt\EventLoop\Internal\AbstractDriver::createCallbackFiber():565}()
#28 /home/user/PhpstormProjects/CryptoTrading/vendor/revolt/event-loop/src/EventLoop/Internal/AbstractDriver.php(503): Fiber->start()
#29 /home/user/PhpstormProjects/CryptoTrading/vendor/revolt/event-loop/src/EventLoop/Internal/AbstractDriver.php(558): Revolt\EventLoop\Internal\AbstractDriver->invokeCallbacks()
#30 [internal function]: Revolt\EventLoop\Internal\AbstractDriver->{closure:Revolt\EventLoop\Internal\AbstractDriver::createLoopFiber():538}()
#31 /home/user/PhpstormProjects/CryptoTrading/vendor/revolt/event-loop/src/EventLoop/Internal/AbstractDriver.php(96): Fiber->resume()
#32 /home/user/PhpstormProjects/CryptoTrading/vendor/revolt/event-loop/src/EventLoop/Internal/DriverSuspension.php(117): Revolt\EventLoop\Internal\AbstractDriver->{closure:Revolt\EventLoop\Internal\AbstractDriver::__construct():90}()
#33 /home/user/PhpstormProjects/CryptoTrading/vendor/amphp/amp/src/Future.php(251): Revolt\EventLoop\Internal\DriverSuspension->suspend()
#34 /home/user/PhpstormProjects/CryptoTrading/vendor/danog/madelineproto/src/Ipc/AbstractServer.php(177): Amp\Future->await()
#35 /home/user/PhpstormProjects/CryptoTrading/vendor/danog/madelineproto/src/Ipc/Runner/entry.php(119): danog\MadelineProto\Ipc\AbstractServer::waitShutdown()
#36 /home/user/PhpstormProjects/CryptoTrading/vendor/danog/madelineproto/src/Ipc/Runner/entry.php(154): {closure:/home/user/PhpstormProjects/CryptoTrading/vendor/danog/madelineproto/src/Ipc/Runner/entry.php:35}()
#37 {main}
AbstractServer: 	Got error while trying to send result of waitQrLogin: Amp\Ipc\Sync\ChannelException: The channel was already closed! in /home/user/PhpstormProjects/CryptoTrading/vendor/danog/ipc/lib/Sync/ChannelledSocket.php:39
Stack trace:
#0 /home/user/PhpstormProjects/CryptoTrading/vendor/danog/madelineproto/src/Ipc/AbstractServer.php(275): Amp\Ipc\Sync\ChannelledSocket->send()
#1 /home/user/PhpstormProjects/CryptoTrading/vendor/revolt/event-loop/src/EventLoop/Internal/AbstractDriver.php(430): danog\MadelineProto\Ipc\AbstractServer->clientRequest()
#2 /home/user/PhpstormProjects/CryptoTrading/vendor/revolt/event-loop/src/EventLoop/Internal/AbstractDriver.php(621): Revolt\EventLoop\Internal\AbstractDriver->invokeMicrotasks()
#3 [internal function]: Revolt\EventLoop\Internal\AbstractDriver->{closure:Revolt\EventLoop\Internal\AbstractDriver::createCallbackFiber():565}()
#4 /home/user/PhpstormProjects/CryptoTrading/vendor/revolt/event-loop/src/EventLoop/Internal/DriverSuspension.php(171): Fiber->throw()
#5 /home/user/PhpstormProjects/CryptoTrading/vendor/revolt/event-loop/src/EventLoop/Internal/AbstractDriver.php(430): Revolt\EventLoop\Internal\DriverSuspension::{closure:Revolt\EventLoop\Internal\DriverSuspension::throw():168}()
#6 /home/user/PhpstormProjects/CryptoTrading/vendor/revolt/event-loop/src/EventLoop/Internal/AbstractDriver.php(621): Revolt\EventLoop\Internal\AbstractDriver->invokeMicrotasks()
#7 [internal function]: Revolt\EventLoop\Internal\AbstractDriver->{closure:Revolt\EventLoop\Internal\AbstractDriver::createCallbackFiber():565}()
#8 /home/user/PhpstormProjects/CryptoTrading/vendor/revolt/event-loop/src/EventLoop/Internal/DriverSuspension.php(171): Fiber->throw()
#9 /home/user/PhpstormProjects/CryptoTrading/vendor/revolt/event-loop/src/EventLoop/Internal/AbstractDriver.php(430): Revolt\EventLoop\Internal\DriverSuspension::{closure:Revolt\EventLoop\Internal\DriverSuspension::throw():168}()
#10 /home/user/PhpstormProjects/CryptoTrading/vendor/revolt/event-loop/src/EventLoop/Internal/AbstractDriver.php(567): Revolt\EventLoop\Internal\AbstractDriver->invokeMicrotasks()
#11 [internal function]: Revolt\EventLoop\Internal\AbstractDriver->{closure:Revolt\EventLoop\Internal\AbstractDriver::createCallbackFiber():565}()
#12 /home/user/PhpstormProjects/CryptoTrading/vendor/revolt/event-loop/src/EventLoop/Internal/DriverSuspension.php(64): Fiber->resume()
#13 /home/user/PhpstormProjects/CryptoTrading/vendor/revolt/event-loop/src/EventLoop/Internal/AbstractDriver.php(430): Revolt\EventLoop\Internal\DriverSuspension::{closure:Revolt\EventLoop\Internal\DriverSuspension::resume():61}()
#14 /home/user/PhpstormProjects/CryptoTrading/vendor/revolt/event-loop/src/EventLoop/Internal/AbstractDriver.php(567): Revolt\EventLoop\Internal\AbstractDriver->invokeMicrotasks()
#15 [internal function]: Revolt\EventLoop\Internal\AbstractDriver->{closure:Revolt\EventLoop\Internal\AbstractDriver::createCallbackFiber():565}()
#16 /home/user/PhpstormProjects/CryptoTrading/vendor/revolt/event-loop/src/EventLoop/Internal/DriverSuspension.php(64): Fiber->resume()
#17 /home/user/PhpstormProjects/CryptoTrading/vendor/revolt/event-loop/src/EventLoop/Internal/AbstractDriver.php(430): Revolt\EventLoop\Internal\DriverSuspension::{closure:Revolt\EventLoop\Internal\DriverSuspension::resume():61}()
#18 /home/user/PhpstormProjects/CryptoTrading/vendor/revolt/event-loop/src/EventLoop/Internal/AbstractDriver.php(567): Revolt\EventLoop\Internal\AbstractDriver->invokeMicrotasks()
#19 [internal function]: Revolt\EventLoop\Internal\AbstractDriver->{closure:Revolt\EventLoop\Internal\AbstractDriver::createCallbackFiber():565}()
#20 /home/user/PhpstormProjects/CryptoTrading/vendor/revolt/event-loop/src/EventLoop/Internal/DriverSuspension.php(64): Fiber->resume()
#21 /home/user/PhpstormProjects/CryptoTrading/vendor/revolt/event-loop/src/EventLoop/Internal/AbstractDriver.php(430): Revolt\EventLoop\Internal\DriverSuspension::{closure:Revolt\EventLoop\Internal\DriverSuspension::resume():61}()
#22 /home/user/PhpstormProjects/CryptoTrading/vendor/revolt/event-loop/src/EventLoop/Internal/AbstractDriver.php(567): Revolt\EventLoop\Internal\AbstractDriver->invokeMicrotasks()
#23 [internal function]: Revolt\EventLoop\Internal\AbstractDriver->{closure:Revolt\EventLoop\Internal\AbstractDriver::createCallbackFiber():565}()
#24 /home/user/PhpstormProjects/CryptoTrading/vendor/revolt/event-loop/src/EventLoop/Internal/DriverSuspension.php(64): Fiber->resume()
#25 /home/user/PhpstormProjects/CryptoTrading/vendor/revolt/event-loop/src/EventLoop/Internal/AbstractDriver.php(430): Revolt\EventLoop\Internal\DriverSuspension::{closure:Revolt\EventLoop\Internal\DriverSuspension::resume():61}()
#26 /home/user/PhpstormProjects/CryptoTrading/vendor/revolt/event-loop/src/EventLoop/Internal/AbstractDriver.php(621): Revolt\EventLoop\Internal\AbstractDriver->invokeMicrotasks()
#27 [internal function]: Revolt\EventLoop\Internal\AbstractDriver->{closure:Revolt\EventLoop\Internal\AbstractDriver::createCallbackFiber():565}()
#28 /home/user/PhpstormProjects/CryptoTrading/vendor/revolt/event-loop/src/EventLoop/Internal/DriverSuspension.php(64): Fiber->resume()
#29 /home/user/PhpstormProjects/CryptoTrading/vendor/revolt/event-loop/src/EventLoop/Internal/AbstractDriver.php(430): Revolt\EventLoop\Internal\DriverSuspension::{closure:Revolt\EventLoop\Internal\DriverSuspension::resume():61}()
#30 /home/user/PhpstormProjects/CryptoTrading/vendor/revolt/event-loop/src/EventLoop/Internal/AbstractDriver.php(567): Revolt\EventLoop\Internal\AbstractDriver->invokeMicrotasks()
#31 [internal function]: Revolt\EventLoop\Internal\AbstractDriver->{closure:Revolt\EventLoop\Internal\AbstractDriver::createCallbackFiber():565}()
#32 /home/user/PhpstormProjects/CryptoTrading/vendor/revolt/event-loop/src/EventLoop/Internal/AbstractDriver.php(503): Fiber->start()
#33 /home/user/PhpstormProjects/CryptoTrading/vendor/revolt/event-loop/src/EventLoop/Internal/AbstractDriver.php(558): Revolt\EventLoop\Internal\AbstractDriver->invokeCallbacks()
#34 [internal function]: Revolt\EventLoop\Internal\AbstractDriver->{closure:Revolt\EventLoop\Internal\AbstractDriver::createLoopFiber():538}()
#35 /home/user/PhpstormProjects/CryptoTrading/vendor/revolt/event-loop/src/EventLoop/Internal/AbstractDriver.php(96): Fiber->resume()
#36 /home/user/PhpstormProjects/CryptoTrading/vendor/revolt/event-loop/src/EventLoop/Internal/DriverSuspension.php(117): Revolt\EventLoop\Internal\AbstractDriver->{closure:Revolt\EventLoop\Internal\AbstractDriver::__construct():90}()
#37 /home/user/PhpstormProjects/CryptoTrading/vendor/amphp/amp/src/Future.php(251): Revolt\EventLoop\Internal\DriverSuspension->suspend()
#38 /home/user/PhpstormProjects/CryptoTrading/vendor/danog/madelineproto/src/Ipc/AbstractServer.php(177): Amp\Future->await()
#39 /home/user/PhpstormProjects/CryptoTrading/vendor/danog/madelineproto/src/Ipc/Runner/entry.php(119): danog\MadelineProto\Ipc\AbstractServer::waitShutdown()
#40 /home/user/PhpstormProjects/CryptoTrading/vendor/danog/madelineproto/src/Ipc/Runner/entry.php(154): {closure:/home/user/PhpstormProjects/CryptoTrading/vendor/danog/madelineproto/src/Ipc/Runner/entry.php:35}()
#41 {main}
AbstractServer: 	Got error while trying to send error of error of waitQrLogin: Amp\Ipc\Sync\ChannelException: The channel was already closed! in /home/user/PhpstormProjects/CryptoTrading/vendor/danog/ipc/lib/Sync/ChannelledSocket.php:39
Stack trace:
#0 /home/user/PhpstormProjects/CryptoTrading/vendor/danog/madelineproto/src/Ipc/AbstractServer.php(279): Amp\Ipc\Sync\ChannelledSocket->send()
#1 /home/user/PhpstormProjects/CryptoTrading/vendor/revolt/event-loop/src/EventLoop/Internal/AbstractDriver.php(430): danog\MadelineProto\Ipc\AbstractServer->clientRequest()
#2 /home/user/PhpstormProjects/CryptoTrading/vendor/revolt/event-loop/src/EventLoop/Internal/AbstractDriver.php(621): Revolt\EventLoop\Internal\AbstractDriver->invokeMicrotasks()
#3 [internal function]: Revolt\EventLoop\Internal\AbstractDriver->{closure:Revolt\EventLoop\Internal\AbstractDriver::createCallbackFiber():565}()
#4 /home/user/PhpstormProjects/CryptoTrading/vendor/revolt/event-loop/src/EventLoop/Internal/DriverSuspension.php(171): Fiber->throw()
#5 /home/user/PhpstormProjects/CryptoTrading/vendor/revolt/event-loop/src/EventLoop/Internal/AbstractDriver.php(430): Revolt\EventLoop\Internal\DriverSuspension::{closure:Revolt\EventLoop\Internal\DriverSuspension::throw():168}()
#6 /home/user/PhpstormProjects/CryptoTrading/vendor/revolt/event-loop/src/EventLoop/Internal/AbstractDriver.php(621): Revolt\EventLoop\Internal\AbstractDriver->invokeMicrotasks()
#7 [internal function]: Revolt\EventLoop\Internal\AbstractDriver->{closure:Revolt\EventLoop\Internal\AbstractDriver::createCallbackFiber():565}()
#8 /home/user/PhpstormProjects/CryptoTrading/vendor/revolt/event-loop/src/EventLoop/Internal/DriverSuspension.php(171): Fiber->throw()
#9 /home/user/PhpstormProjects/CryptoTrading/vendor/revolt/event-loop/src/EventLoop/Internal/AbstractDriver.php(430): Revolt\EventLoop\Internal\DriverSuspension::{closure:Revolt\EventLoop\Internal\DriverSuspension::throw():168}()
#10 /home/user/PhpstormProjects/CryptoTrading/vendor/revolt/event-loop/src/EventLoop/Internal/AbstractDriver.php(567): Revolt\EventLoop\Internal\AbstractDriver->invokeMicrotasks()
#11 [internal function]: Revolt\EventLoop\Internal\AbstractDriver->{closure:Revolt\EventLoop\Internal\AbstractDriver::createCallbackFiber():565}()
#12 /home/user/PhpstormProjects/CryptoTrading/vendor/revolt/event-loop/src/EventLoop/Internal/DriverSuspension.php(64): Fiber->resume()
#13 /home/user/PhpstormProjects/CryptoTrading/vendor/revolt/event-loop/src/EventLoop/Internal/AbstractDriver.php(430): Revolt\EventLoop\Internal\DriverSuspension::{closure:Revolt\EventLoop\Internal\DriverSuspension::resume():61}()
#14 /home/user/PhpstormProjects/CryptoTrading/vendor/revolt/event-loop/src/EventLoop/Internal/AbstractDriver.php(567): Revolt\EventLoop\Internal\AbstractDriver->invokeMicrotasks()
#15 [internal function]: Revolt\EventLoop\Internal\AbstractDriver->{closure:Revolt\EventLoop\Internal\AbstractDriver::createCallbackFiber():565}()
#16 /home/user/PhpstormProjects/CryptoTrading/vendor/revolt/event-loop/src/EventLoop/Internal/DriverSuspension.php(64): Fiber->resume()
#17 /home/user/PhpstormProjects/CryptoTrading/vendor/revolt/event-loop/src/EventLoop/Internal/AbstractDriver.php(430): Revolt\EventLoop\Internal\DriverSuspension::{closure:Revolt\EventLoop\Internal\DriverSuspension::resume():61}()
#18 /home/user/PhpstormProjects/CryptoTrading/vendor/revolt/event-loop/src/EventLoop/Internal/AbstractDriver.php(567): Revolt\EventLoop\Internal\AbstractDriver->invokeMicrotasks()
#19 [internal function]: Revolt\EventLoop\Internal\AbstractDriver->{closure:Revolt\EventLoop\Internal\AbstractDriver::createCallbackFiber():565}()
#20 /home/user/PhpstormProjects/CryptoTrading/vendor/revolt/event-loop/src/EventLoop/Internal/DriverSuspension.php(64): Fiber->resume()
#21 /home/user/PhpstormProjects/CryptoTrading/vendor/revolt/event-loop/src/EventLoop/Internal/AbstractDriver.php(430): Revolt\EventLoop\Internal\DriverSuspension::{closure:Revolt\EventLoop\Internal\DriverSuspension::resume():61}()
#22 /home/user/PhpstormProjects/CryptoTrading/vendor/revolt/event-loop/src/EventLoop/Internal/AbstractDriver.php(567): Revolt\EventLoop\Internal\AbstractDriver->invokeMicrotasks()
#23 [internal function]: Revolt\EventLoop\Internal\AbstractDriver->{closure:Revolt\EventLoop\Internal\AbstractDriver::createCallbackFiber():565}()
#24 /home/user/PhpstormProjects/CryptoTrading/vendor/revolt/event-loop/src/EventLoop/Internal/DriverSuspension.php(64): Fiber->resume()
#25 /home/user/PhpstormProjects/CryptoTrading/vendor/revolt/event-loop/src/EventLoop/Internal/AbstractDriver.php(430): Revolt\EventLoop\Internal\DriverSuspension::{closure:Revolt\EventLoop\Internal\DriverSuspension::resume():61}()
#26 /home/user/PhpstormProjects/CryptoTrading/vendor/revolt/event-loop/src/EventLoop/Internal/AbstractDriver.php(621): Revolt\EventLoop\Internal\AbstractDriver->invokeMicrotasks()
#27 [internal function]: Revolt\EventLoop\Internal\AbstractDriver->{closure:Revolt\EventLoop\Internal\AbstractDriver::createCallbackFiber():565}()
#28 /home/user/PhpstormProjects/CryptoTrading/vendor/revolt/event-loop/src/EventLoop/Internal/DriverSuspension.php(64): Fiber->resume()
#29 /home/user/PhpstormProjects/CryptoTrading/vendor/revolt/event-loop/src/EventLoop/Internal/AbstractDriver.php(430): Revolt\EventLoop\Internal\DriverSuspension::{closure:Revolt\EventLoop\Internal\DriverSuspension::resume():61}()
#30 /home/user/PhpstormProjects/CryptoTrading/vendor/revolt/event-loop/src/EventLoop/Internal/AbstractDriver.php(567): Revolt\EventLoop\Internal\AbstractDriver->invokeMicrotasks()
#31 [internal function]: Revolt\EventLoop\Internal\AbstractDriver->{closure:Revolt\EventLoop\Internal\AbstractDriver::createCallbackFiber():565}()
#32 /home/user/PhpstormProjects/CryptoTrading/vendor/revolt/event-loop/src/EventLoop/Internal/AbstractDriver.php(503): Fiber->start()
#33 /home/user/PhpstormProjects/CryptoTrading/vendor/revolt/event-loop/src/EventLoop/Internal/AbstractDriver.php(558): Revolt\EventLoop\Internal\AbstractDriver->invokeCallbacks()
#34 [internal function]: Revolt\EventLoop\Internal\AbstractDriver->{closure:Revolt\EventLoop\Internal\AbstractDriver::createLoopFiber():538}()
#35 /home/user/PhpstormProjects/CryptoTrading/vendor/revolt/event-loop/src/EventLoop/Internal/AbstractDriver.php(96): Fiber->resume()
#36 /home/user/PhpstormProjects/CryptoTrading/vendor/revolt/event-loop/src/EventLoop/Internal/DriverSuspension.php(117): Revolt\EventLoop\Internal\AbstractDriver->{closure:Revolt\EventLoop\Internal\AbstractDriver::__construct():90}()
#37 /home/user/PhpstormProjects/CryptoTrading/vendor/amphp/amp/src/Future.php(251): Revolt\EventLoop\Internal\DriverSuspension->suspend()
#38 /home/user/PhpstormProjects/CryptoTrading/vendor/danog/madelineproto/src/Ipc/AbstractServer.php(177): Amp\Future->await()
#39 /home/user/PhpstormProjects/CryptoTrading/vendor/danog/madelineproto/src/Ipc/Runner/entry.php(119): danog\MadelineProto\Ipc\AbstractServer::waitShutdown()
#40 /home/user/PhpstormProjects/CryptoTrading/vendor/danog/madelineproto/src/Ipc/Runner/entry.php(154): {closure:/home/user/PhpstormProjects/CryptoTrading/vendor/danog/madelineproto/src/Ipc/Runner/entry.php:35}()
#41 {main}
AbstractServer: 	Got error while trying to send result of waitQrLogin: Amp\Ipc\Sync\ChannelException: The channel was already closed! in /home/user/PhpstormProjects/CryptoTrading/vendor/danog/ipc/lib/Sync/ChannelledSocket.php:39
Stack trace:
#0 /home/user/PhpstormProjects/CryptoTrading/vendor/danog/madelineproto/src/Ipc/AbstractServer.php(275): Amp\Ipc\Sync\ChannelledSocket->send()
#1 /home/user/PhpstormProjects/CryptoTrading/vendor/revolt/event-loop/src/EventLoop/Internal/AbstractDriver.php(430): danog\MadelineProto\Ipc\AbstractServer->clientRequest()
#2 /home/user/PhpstormProjects/CryptoTrading/vendor/revolt/event-loop/src/EventLoop/Internal/AbstractDriver.php(621): Revolt\EventLoop\Internal\AbstractDriver->invokeMicrotasks()
#3 [internal function]: Revolt\EventLoop\Internal\AbstractDriver->{closure:Revolt\EventLoop\Internal\AbstractDriver::createCallbackFiber():565}()
#4 /home/user/PhpstormProjects/CryptoTrading/vendor/revolt/event-loop/src/EventLoop/Internal/DriverSuspension.php(171): Fiber->throw()
#5 /home/user/PhpstormProjects/CryptoTrading/vendor/revolt/event-loop/src/EventLoop/Internal/AbstractDriver.php(430): Revolt\EventLoop\Internal\DriverSuspension::{closure:Revolt\EventLoop\Internal\DriverSuspension::throw():168}()
#6 /home/user/PhpstormProjects/CryptoTrading/vendor/revolt/event-loop/src/EventLoop/Internal/AbstractDriver.php(621): Revolt\EventLoop\Internal\AbstractDriver->invokeMicrotasks()
#7 [internal function]: Revolt\EventLoop\Internal\AbstractDriver->{closure:Revolt\EventLoop\Internal\AbstractDriver::createCallbackFiber():565}()
#8 /home/user/PhpstormProjects/CryptoTrading/vendor/revolt/event-loop/src/EventLoop/Internal/DriverSuspension.php(171): Fiber->throw()
#9 /home/user/PhpstormProjects/CryptoTrading/vendor/revolt/event-loop/src/EventLoop/Internal/AbstractDriver.php(430): Revolt\EventLoop\Internal\DriverSuspension::{closure:Revolt\EventLoop\Internal\DriverSuspension::throw():168}()
#10 /home/user/PhpstormProjects/CryptoTrading/vendor/revolt/event-loop/src/EventLoop/Internal/AbstractDriver.php(621): Revolt\EventLoop\Internal\AbstractDriver->invokeMicrotasks()
#11 [internal function]: Revolt\EventLoop\Internal\AbstractDriver->{closure:Revolt\EventLoop\Internal\AbstractDriver::createCallbackFiber():565}()
#12 /home/user/PhpstormProjects/CryptoTrading/vendor/revolt/event-loop/src/EventLoop/Internal/DriverSuspension.php(171): Fiber->throw()
#13 /home/user/PhpstormProjects/CryptoTrading/vendor/revolt/event-loop/src/EventLoop/Internal/AbstractDriver.php(430): Revolt\EventLoop\Internal\DriverSuspension::{closure:Revolt\EventLoop\Internal\DriverSuspension::throw():168}()
#14 /home/user/PhpstormProjects/CryptoTrading/vendor/revolt/event-loop/src/EventLoop/Internal/AbstractDriver.php(567): Revolt\EventLoop\Internal\AbstractDriver->invokeMicrotasks()
#15 [internal function]: Revolt\EventLoop\Internal\AbstractDriver->{closure:Revolt\EventLoop\Internal\AbstractDriver::createCallbackFiber():565}()
#16 /home/user/PhpstormProjects/CryptoTrading/vendor/revolt/event-loop/src/EventLoop/Internal/DriverSuspension.php(64): Fiber->resume()
#17 /home/user/PhpstormProjects/CryptoTrading/vendor/revolt/event-loop/src/EventLoop/Internal/AbstractDriver.php(430): Revolt\EventLoop\Internal\DriverSuspension::{closure:Revolt\EventLoop\Internal\DriverSuspension::resume():61}()
#18 /home/user/PhpstormProjects/CryptoTrading/vendor/revolt/event-loop/src/EventLoop/Internal/AbstractDriver.php(567): Revolt\EventLoop\Internal\AbstractDriver->invokeMicrotasks()
#19 [internal function]: Revolt\EventLoop\Internal\AbstractDriver->{closure:Revolt\EventLoop\Internal\AbstractDriver::createCallbackFiber():565}()
#20 /home/user/PhpstormProjects/CryptoTrading/vendor/revolt/event-loop/src/EventLoop/Internal/DriverSuspension.php(64): Fiber->resume()
#21 /home/user/PhpstormProjects/CryptoTrading/vendor/revolt/event-loop/src/EventLoop/Internal/AbstractDriver.php(430): Revolt\EventLoop\Internal\DriverSuspension::{closure:Revolt\EventLoop\Internal\DriverSuspension::resume():61}()
#22 /home/user/PhpstormProjects/CryptoTrading/vendor/revolt/event-loop/src/EventLoop/Internal/AbstractDriver.php(567): Revolt\EventLoop\Internal\AbstractDriver->invokeMicrotasks()
#23 [internal function]: Revolt\EventLoop\Internal\AbstractDriver->{closure:Revolt\EventLoop\Internal\AbstractDriver::createCallbackFiber():565}()
#24 /home/user/PhpstormProjects/CryptoTrading/vendor/revolt/event-loop/src/EventLoop/Internal/DriverSuspension.php(64): Fiber->resume()
#25 /home/user/PhpstormProjects/CryptoTrading/vendor/revolt/event-loop/src/EventLoop/Internal/AbstractDriver.php(430): Revolt\EventLoop\Internal\DriverSuspension::{closure:Revolt\EventLoop\Internal\DriverSuspension::resume():61}()
#26 /home/user/PhpstormProjects/CryptoTrading/vendor/revolt/event-loop/src/EventLoop/Internal/AbstractDriver.php(567): Revolt\EventLoop\Internal\AbstractDriver->invokeMicrotasks()
#27 [internal function]: Revolt\EventLoop\Internal\AbstractDriver->{closure:Revolt\EventLoop\Internal\AbstractDriver::createCallbackFiber():565}()
#28 /home/user/PhpstormProjects/CryptoTrading/vendor/revolt/event-loop/src/EventLoop/Internal/DriverSuspension.php(64): Fiber->resume()
#29 /home/user/PhpstormProjects/CryptoTrading/vendor/revolt/event-loop/src/EventLoop/Internal/AbstractDriver.php(430): Revolt\EventLoop\Internal\DriverSuspension::{closure:Revolt\EventLoop\Internal\DriverSuspension::resume():61}()
#30 /home/user/PhpstormProjects/CryptoTrading/vendor/revolt/event-loop/src/EventLoop/Internal/AbstractDriver.php(621): Revolt\EventLoop\Internal\AbstractDriver->invokeMicrotasks()
#31 [internal function]: Revolt\EventLoop\Internal\AbstractDriver->{closure:Revolt\EventLoop\Internal\AbstractDriver::createCallbackFiber():565}()
#32 /home/user/PhpstormProjects/CryptoTrading/vendor/revolt/event-loop/src/EventLoop/Internal/DriverSuspension.php(64): Fiber->resume()
#33 /home/user/PhpstormProjects/CryptoTrading/vendor/revolt/event-loop/src/EventLoop/Internal/AbstractDriver.php(430): Revolt\EventLoop\Internal\DriverSuspension::{closure:Revolt\EventLoop\Internal\DriverSuspension::resume():61}()
#34 /home/user/PhpstormProjects/CryptoTrading/vendor/revolt/event-loop/src/EventLoop/Internal/AbstractDriver.php(567): Revolt\EventLoop\Internal\AbstractDriver->invokeMicrotasks()
#35 [internal function]: Revolt\EventLoop\Internal\AbstractDriver->{closure:Revolt\EventLoop\Internal\AbstractDriver::createCallbackFiber():565}()
#36 /home/user/PhpstormProjects/CryptoTrading/vendor/revolt/event-loop/src/EventLoop/Internal/AbstractDriver.php(503): Fiber->start()
#37 /home/user/PhpstormProjects/CryptoTrading/vendor/revolt/event-loop/src/EventLoop/Internal/AbstractDriver.php(558): Revolt\EventLoop\Internal\AbstractDriver->invokeCallbacks()
#38 [internal function]: Revolt\EventLoop\Internal\AbstractDriver->{closure:Revolt\EventLoop\Internal\AbstractDriver::createLoopFiber():538}()
#39 /home/user/PhpstormProjects/CryptoTrading/vendor/revolt/event-loop/src/EventLoop/Internal/AbstractDriver.php(96): Fiber->resume()
#40 /home/user/PhpstormProjects/CryptoTrading/vendor/revolt/event-loop/src/EventLoop/Internal/DriverSuspension.php(117): Revolt\EventLoop\Internal\AbstractDriver->{closure:Revolt\EventLoop\Internal\AbstractDriver::__construct():90}()
#41 /home/user/PhpstormProjects/CryptoTrading/vendor/amphp/amp/src/Future.php(251): Revolt\EventLoop\Internal\DriverSuspension->suspend()
#42 /home/user/PhpstormProjects/CryptoTrading/vendor/danog/madelineproto/src/Ipc/AbstractServer.php(177): Amp\Future->await()
#43 /home/user/PhpstormProjects/CryptoTrading/vendor/danog/madelineproto/src/Ipc/Runner/entry.php(119): danog\MadelineProto\Ipc\AbstractServer::waitShutdown()
#44 /home/user/PhpstormProjects/CryptoTrading/vendor/danog/madelineproto/src/Ipc/Runner/entry.php(154): {closure:/home/user/PhpstormProjects/CryptoTrading/vendor/danog/madelineproto/src/Ipc/Runner/entry.php:35}()
#45 {main}
AbstractServer: 	Got error while trying to send error of error of waitQrLogin: Amp\Ipc\Sync\ChannelException: The channel was already closed! in /home/user/PhpstormProjects/CryptoTrading/vendor/danog/ipc/lib/Sync/ChannelledSocket.php:39
Stack trace:
#0 /home/user/PhpstormProjects/CryptoTrading/vendor/danog/madelineproto/src/Ipc/AbstractServer.php(279): Amp\Ipc\Sync\ChannelledSocket->send()
#1 /home/user/PhpstormProjects/CryptoTrading/vendor/revolt/event-loop/src/EventLoop/Internal/AbstractDriver.php(430): danog\MadelineProto\Ipc\AbstractServer->clientRequest()
#2 /home/user/PhpstormProjects/CryptoTrading/vendor/revolt/event-loop/src/EventLoop/Internal/AbstractDriver.php(621): Revolt\EventLoop\Internal\AbstractDriver->invokeMicrotasks()
#3 [internal function]: Revolt\EventLoop\Internal\AbstractDriver->{closure:Revolt\EventLoop\Internal\AbstractDriver::createCallbackFiber():565}()
#4 /home/user/PhpstormProjects/CryptoTrading/vendor/revolt/event-loop/src/EventLoop/Internal/DriverSuspension.php(171): Fiber->throw()
#5 /home/user/PhpstormProjects/CryptoTrading/vendor/revolt/event-loop/src/EventLoop/Internal/AbstractDriver.php(430): Revolt\EventLoop\Internal\DriverSuspension::{closure:Revolt\EventLoop\Internal\DriverSuspension::throw():168}()
#6 /home/user/PhpstormProjects/CryptoTrading/vendor/revolt/event-loop/src/EventLoop/Internal/AbstractDriver.php(621): Revolt\EventLoop\Internal\AbstractDriver->invokeMicrotasks()
#7 [internal function]: Revolt\EventLoop\Internal\AbstractDriver->{closure:Revolt\EventLoop\Internal\AbstractDriver::createCallbackFiber():565}()
#8 /home/user/PhpstormProjects/CryptoTrading/vendor/revolt/event-loop/src/EventLoop/Internal/DriverSuspension.php(171): Fiber->throw()
#9 /home/user/PhpstormProjects/CryptoTrading/vendor/revolt/event-loop/src/EventLoop/Internal/AbstractDriver.php(430): Revolt\EventLoop\Internal\DriverSuspension::{closure:Revolt\EventLoop\Internal\DriverSuspension::throw():168}()
#10 /home/user/PhpstormProjects/CryptoTrading/vendor/revolt/event-loop/src/EventLoop/Internal/AbstractDriver.php(621): Revolt\EventLoop\Internal\AbstractDriver->invokeMicrotasks()
#11 [internal function]: Revolt\EventLoop\Internal\AbstractDriver->{closure:Revolt\EventLoop\Internal\AbstractDriver::createCallbackFiber():565}()
#12 /home/user/PhpstormProjects/CryptoTrading/vendor/revolt/event-loop/src/EventLoop/Internal/DriverSuspension.php(171): Fiber->throw()
#13 /home/user/PhpstormProjects/CryptoTrading/vendor/revolt/event-loop/src/EventLoop/Internal/AbstractDriver.php(430): Revolt\EventLoop\Internal\DriverSuspension::{closure:Revolt\EventLoop\Internal\DriverSuspension::throw():168}()
#14 /home/user/PhpstormProjects/CryptoTrading/vendor/revolt/event-loop/src/EventLoop/Internal/AbstractDriver.php(567): Revolt\EventLoop\Internal\AbstractDriver->invokeMicrotasks()
#15 [internal function]: Revolt\EventLoop\Internal\AbstractDriver->{closure:Revolt\EventLoop\Internal\AbstractDriver::createCallbackFiber():565}()
#16 /home/user/PhpstormProjects/CryptoTrading/vendor/revolt/event-loop/src/EventLoop/Internal/DriverSuspension.php(64): Fiber->resume()
#17 /home/user/PhpstormProjects/CryptoTrading/vendor/revolt/event-loop/src/EventLoop/Internal/AbstractDriver.php(430): Revolt\EventLoop\Internal\DriverSuspension::{closure:Revolt\EventLoop\Internal\DriverSuspension::resume():61}()
#18 /home/user/PhpstormProjects/CryptoTrading/vendor/revolt/event-loop/src/EventLoop/Internal/AbstractDriver.php(567): Revolt\EventLoop\Internal\AbstractDriver->invokeMicrotasks()
#19 [internal function]: Revolt\EventLoop\Internal\AbstractDriver->{closure:Revolt\EventLoop\Internal\AbstractDriver::createCallbackFiber():565}()
#20 /home/user/PhpstormProjects/CryptoTrading/vendor/revolt/event-loop/src/EventLoop/Internal/DriverSuspension.php(64): Fiber->resume()
#21 /home/user/PhpstormProjects/CryptoTrading/vendor/revolt/event-loop/src/EventLoop/Internal/AbstractDriver.php(430): Revolt\EventLoop\Internal\DriverSuspension::{closure:Revolt\EventLoop\Internal\DriverSuspension::resume():61}()
#22 /home/user/PhpstormProjects/CryptoTrading/vendor/revolt/event-loop/src/EventLoop/Internal/AbstractDriver.php(567): Revolt\EventLoop\Internal\AbstractDriver->invokeMicrotasks()
#23 [internal function]: Revolt\EventLoop\Internal\AbstractDriver->{closure:Revolt\EventLoop\Internal\AbstractDriver::createCallbackFiber():565}()
#24 /home/user/PhpstormProjects/CryptoTrading/vendor/revolt/event-loop/src/EventLoop/Internal/DriverSuspension.php(64): Fiber->resume()
#25 /home/user/PhpstormProjects/CryptoTrading/vendor/revolt/event-loop/src/EventLoop/Internal/AbstractDriver.php(430): Revolt\EventLoop\Internal\DriverSuspension::{closure:Revolt\EventLoop\Internal\DriverSuspension::resume():61}()
#26 /home/user/PhpstormProjects/CryptoTrading/vendor/revolt/event-loop/src/EventLoop/Internal/AbstractDriver.php(567): Revolt\EventLoop\Internal\AbstractDriver->invokeMicrotasks()
#27 [internal function]: Revolt\EventLoop\Internal\AbstractDriver->{closure:Revolt\EventLoop\Internal\AbstractDriver::createCallbackFiber():565}()
#28 /home/user/PhpstormProjects/CryptoTrading/vendor/revolt/event-loop/src/EventLoop/Internal/DriverSuspension.php(64): Fiber->resume()
#29 /home/user/PhpstormProjects/CryptoTrading/vendor/revolt/event-loop/src/EventLoop/Internal/AbstractDriver.php(430): Revolt\EventLoop\Internal\DriverSuspension::{closure:Revolt\EventLoop\Internal\DriverSuspension::resume():61}()
#30 /home/user/PhpstormProjects/CryptoTrading/vendor/revolt/event-loop/src/EventLoop/Internal/AbstractDriver.php(621): Revolt\EventLoop\Internal\AbstractDriver->invokeMicrotasks()
#31 [internal function]: Revolt\EventLoop\Internal\AbstractDriver->{closure:Revolt\EventLoop\Internal\AbstractDriver::createCallbackFiber():565}()
#32 /home/user/PhpstormProjects/CryptoTrading/vendor/revolt/event-loop/src/EventLoop/Internal/DriverSuspension.php(64): Fiber->resume()
#33 /home/user/PhpstormProjects/CryptoTrading/vendor/revolt/event-loop/src/EventLoop/Internal/AbstractDriver.php(430): Revolt\EventLoop\Internal\DriverSuspension::{closure:Revolt\EventLoop\Internal\DriverSuspension::resume():61}()
#34 /home/user/PhpstormProjects/CryptoTrading/vendor/revolt/event-loop/src/EventLoop/Internal/AbstractDriver.php(567): Revolt\EventLoop\Internal\AbstractDriver->invokeMicrotasks()
#35 [internal function]: Revolt\EventLoop\Internal\AbstractDriver->{closure:Revolt\EventLoop\Internal\AbstractDriver::createCallbackFiber():565}()
#36 /home/user/PhpstormProjects/CryptoTrading/vendor/revolt/event-loop/src/EventLoop/Internal/AbstractDriver.php(503): Fiber->start()
#37 /home/user/PhpstormProjects/CryptoTrading/vendor/revolt/event-loop/src/EventLoop/Internal/AbstractDriver.php(558): Revolt\EventLoop\Internal\AbstractDriver->invokeCallbacks()
#38 [internal function]: Revolt\EventLoop\Internal\AbstractDriver->{closure:Revolt\EventLoop\Internal\AbstractDriver::createLoopFiber():538}()
#39 /home/user/PhpstormProjects/CryptoTrading/vendor/revolt/event-loop/src/EventLoop/Internal/AbstractDriver.php(96): Fiber->resume()
#40 /home/user/PhpstormProjects/CryptoTrading/vendor/revolt/event-loop/src/EventLoop/Internal/DriverSuspension.php(117): Revolt\EventLoop\Internal\AbstractDriver->{closure:Revolt\EventLoop\Internal\AbstractDriver::__construct():90}()
#41 /home/user/PhpstormProjects/CryptoTrading/vendor/amphp/amp/src/Future.php(251): Revolt\EventLoop\Internal\DriverSuspension->suspend()
#42 /home/user/PhpstormProjects/CryptoTrading/vendor/danog/madelineproto/src/Ipc/AbstractServer.php(177): Amp\Future->await()
#43 /home/user/PhpstormProjects/CryptoTrading/vendor/danog/madelineproto/src/Ipc/Runner/entry.php(119): danog\MadelineProto\Ipc\AbstractServer::waitShutdown()
#44 /home/user/PhpstormProjects/CryptoTrading/vendor/danog/madelineproto/src/Ipc/Runner/entry.php(154): {closure:/home/user/PhpstormProjects/CryptoTrading/vendor/danog/madelineproto/src/Ipc/Runner/entry.php:35}()
#45 {main}
AbstractServer: 	Got error while trying to send result of waitQrLogin: Amp\Ipc\Sync\ChannelException: The channel was already closed! in /home/user/PhpstormProjects/CryptoTrading/vendor/danog/ipc/lib/Sync/ChannelledSocket.php:39
Stack trace:
#0 /home/user/PhpstormProjects/CryptoTrading/vendor/danog/madelineproto/src/Ipc/AbstractServer.php(275): Amp\Ipc\Sync\ChannelledSocket->send()
#1 /home/user/PhpstormProjects/CryptoTrading/vendor/revolt/event-loop/src/EventLoop/Internal/AbstractDriver.php(430): danog\MadelineProto\Ipc\AbstractServer->clientRequest()
#2 /home/user/PhpstormProjects/CryptoTrading/vendor/revolt/event-loop/src/EventLoop/Internal/AbstractDriver.php(621): Revolt\EventLoop\Internal\AbstractDriver->invokeMicrotasks()
#3 [internal function]: Revolt\EventLoop\Internal\AbstractDriver->{closure:Revolt\EventLoop\Internal\AbstractDriver::createCallbackFiber():565}()
#4 /home/user/PhpstormProjects/CryptoTrading/vendor/revolt/event-loop/src/EventLoop/Internal/DriverSuspension.php(171): Fiber->throw()
#5 /home/user/PhpstormProjects/CryptoTrading/vendor/revolt/event-loop/src/EventLoop/Internal/AbstractDriver.php(430): Revolt\EventLoop\Internal\DriverSuspension::{closure:Revolt\EventLoop\Internal\DriverSuspension::throw():168}()
#6 /home/user/PhpstormProjects/CryptoTrading/vendor/revolt/event-loop/src/EventLoop/Internal/AbstractDriver.php(621): Revolt\EventLoop\Internal\AbstractDriver->invokeMicrotasks()
#7 [internal function]: Revolt\EventLoop\Internal\AbstractDriver->{closure:Revolt\EventLoop\Internal\AbstractDriver::createCallbackFiber():565}()
#8 /home/user/PhpstormProjects/CryptoTrading/vendor/revolt/event-loop/src/EventLoop/Internal/DriverSuspension.php(171): Fiber->throw()
#9 /home/user/PhpstormProjects/CryptoTrading/vendor/revolt/event-loop/src/EventLoop/Internal/AbstractDriver.php(430): Revolt\EventLoop\Internal\DriverSuspension::{closure:Revolt\EventLoop\Internal\DriverSuspension::throw():168}()
#10 /home/user/PhpstormProjects/CryptoTrading/vendor/revolt/event-loop/src/EventLoop/Internal/AbstractDriver.php(621): Revolt\EventLoop\Internal\AbstractDriver->invokeMicrotasks()
#11 [internal function]: Revolt\EventLoop\Internal\AbstractDriver->{closure:Revolt\EventLoop\Internal\AbstractDriver::createCallbackFiber():565}()
#12 /home/user/PhpstormProjects/CryptoTrading/vendor/revolt/event-loop/src/EventLoop/Internal/DriverSuspension.php(171): Fiber->throw()
#13 /home/user/PhpstormProjects/CryptoTrading/vendor/revolt/event-loop/src/EventLoop/Internal/AbstractDriver.php(430): Revolt\EventLoop\Internal\DriverSuspension::{closure:Revolt\EventLoop\Internal\DriverSuspension::throw():168}()
#14 /home/user/PhpstormProjects/CryptoTrading/vendor/revolt/event-loop/src/EventLoop/Internal/AbstractDriver.php(621): Revolt\EventLoop\Internal\AbstractDriver->invokeMicrotasks()
#15 [internal function]: Revolt\EventLoop\Internal\AbstractDriver->{closure:Revolt\EventLoop\Internal\AbstractDriver::createCallbackFiber():565}()
#16 /home/user/PhpstormProjects/CryptoTrading/vendor/revolt/event-loop/src/EventLoop/Internal/DriverSuspension.php(171): Fiber->throw()
#17 /home/user/PhpstormProjects/CryptoTrading/vendor/revolt/event-loop/src/EventLoop/Internal/AbstractDriver.php(430): Revolt\EventLoop\Internal\DriverSuspension::{closure:Revolt\EventLoop\Internal\DriverSuspension::throw():168}()
#18 /home/user/PhpstormProjects/CryptoTrading/vendor/revolt/event-loop/src/EventLoop/Internal/AbstractDriver.php(567): Revolt\EventLoop\Internal\AbstractDriver->invokeMicrotasks()
#19 [internal function]: Revolt\EventLoop\Internal\AbstractDriver->{closure:Revolt\EventLoop\Internal\AbstractDriver::createCallbackFiber():565}()
#20 /home/user/PhpstormProjects/CryptoTrading/vendor/revolt/event-loop/src/EventLoop/Internal/DriverSuspension.php(64): Fiber->resume()
#21 /home/user/PhpstormProjects/CryptoTrading/vendor/revolt/event-loop/src/EventLoop/Internal/AbstractDriver.php(430): Revolt\EventLoop\Internal\DriverSuspension::{closure:Revolt\EventLoop\Internal\DriverSuspension::resume():61}()
#22 /home/user/PhpstormProjects/CryptoTrading/vendor/revolt/event-loop/src/EventLoop/Internal/AbstractDriver.php(567): Revolt\EventLoop\Internal\AbstractDriver->invokeMicrotasks()
#23 [internal function]: Revolt\EventLoop\Internal\AbstractDriver->{closure:Revolt\EventLoop\Internal\AbstractDriver::createCallbackFiber():565}()
#24 /home/user/PhpstormProjects/CryptoTrading/vendor/revolt/event-loop/src/EventLoop/Internal/DriverSuspension.php(64): Fiber->resume()
#25 /home/user/PhpstormProjects/CryptoTrading/vendor/revolt/event-loop/src/EventLoop/Internal/AbstractDriver.php(430): Revolt\EventLoop\Internal\DriverSuspension::{closure:Revolt\EventLoop\Internal\DriverSuspension::resume():61}()
#26 /home/user/PhpstormProjects/CryptoTrading/vendor/revolt/event-loop/src/EventLoop/Internal/AbstractDriver.php(567): Revolt\EventLoop\Internal\AbstractDriver->invokeMicrotasks()
#27 [internal function]: Revolt\EventLoop\Internal\AbstractDriver->{closure:Revolt\EventLoop\Internal\AbstractDriver::createCallbackFiber():565}()
#28 /home/user/PhpstormProjects/CryptoTrading/vendor/revolt/event-loop/src/EventLoop/Internal/DriverSuspension.php(64): Fiber->resume()
#29 /home/user/PhpstormProjects/CryptoTrading/vendor/revolt/event-loop/src/EventLoop/Internal/AbstractDriver.php(430): Revolt\EventLoop\Internal\DriverSuspension::{closure:Revolt\EventLoop\Internal\DriverSuspension::resume():61}()
#30 /home/user/PhpstormProjects/CryptoTrading/vendor/revolt/event-loop/src/EventLoop/Internal/AbstractDriver.php(567): Revolt\EventLoop\Internal\AbstractDriver->invokeMicrotasks()
#31 [internal function]: Revolt\EventLoop\Internal\AbstractDriver->{closure:Revolt\EventLoop\Internal\AbstractDriver::createCallbackFiber():565}()
#32 /home/user/PhpstormProjects/CryptoTrading/vendor/revolt/event-loop/src/EventLoop/Internal/DriverSuspension.php(64): Fiber->resume()
#33 /home/user/PhpstormProjects/CryptoTrading/vendor/revolt/event-loop/src/EventLoop/Internal/AbstractDriver.php(430): Revolt\EventLoop\Internal\DriverSuspension::{closure:Revolt\EventLoop\Internal\DriverSuspension::resume():61}()
#34 /home/user/PhpstormProjects/CryptoTrading/vendor/revolt/event-loop/src/EventLoop/Internal/AbstractDriver.php(621): Revolt\EventLoop\Internal\AbstractDriver->invokeMicrotasks()
#35 [internal function]: Revolt\EventLoop\Internal\AbstractDriver->{closure:Revolt\EventLoop\Internal\AbstractDriver::createCallbackFiber():565}()
#36 /home/user/PhpstormProjects/CryptoTrading/vendor/revolt/event-loop/src/EventLoop/Internal/DriverSuspension.php(64): Fiber->resume()
#37 /home/user/PhpstormProjects/CryptoTrading/vendor/revolt/event-loop/src/EventLoop/Internal/AbstractDriver.php(430): Revolt\EventLoop\Internal\DriverSuspension::{closure:Revolt\EventLoop\Internal\DriverSuspension::resume():61}()
#38 /home/user/PhpstormProjects/CryptoTrading/vendor/revolt/event-loop/src/EventLoop/Internal/AbstractDriver.php(567): Revolt\EventLoop\Internal\AbstractDriver->invokeMicrotasks()
#39 [internal function]: Revolt\EventLoop\Internal\AbstractDriver->{closure:Revolt\EventLoop\Internal\AbstractDriver::createCallbackFiber():565}()
#40 /home/user/PhpstormProjects/CryptoTrading/vendor/revolt/event-loop/src/EventLoop/Internal/AbstractDriver.php(503): Fiber->start()
#41 /home/user/PhpstormProjects/CryptoTrading/vendor/revolt/event-loop/src/EventLoop/Internal/AbstractDriver.php(558): Revolt\EventLoop\Internal\AbstractDriver->invokeCallbacks()
#42 [internal function]: Revolt\EventLoop\Internal\AbstractDriver->{closure:Revolt\EventLoop\Internal\AbstractDriver::createLoopFiber():538}()
#43 /home/user/PhpstormProjects/CryptoTrading/vendor/revolt/event-loop/src/EventLoop/Internal/AbstractDriver.php(96): Fiber->resume()
#44 /home/user/PhpstormProjects/CryptoTrading/vendor/revolt/event-loop/src/EventLoop/Internal/DriverSuspension.php(117): Revolt\EventLoop\Internal\AbstractDriver->{closure:Revolt\EventLoop\Internal\AbstractDriver::__construct():90}()
#45 /home/user/PhpstormProjects/CryptoTrading/vendor/amphp/amp/src/Future.php(251): Revolt\EventLoop\Internal\DriverSuspension->suspend()
#46 /home/user/PhpstormProjects/CryptoTrading/vendor/danog/madelineproto/src/Ipc/AbstractServer.php(177): Amp\Future->await()
#47 /home/user/PhpstormProjects/CryptoTrading/vendor/danog/madelineproto/src/Ipc/Runner/entry.php(119): danog\MadelineProto\Ipc\AbstractServer::waitShutdown()
#48 /home/user/PhpstormProjects/CryptoTrading/vendor/danog/madelineproto/src/Ipc/Runner/entry.php(154): {closure:/home/user/PhpstormProjects/CryptoTrading/vendor/danog/madelineproto/src/Ipc/Runner/entry.php:35}()
#49 {main}
AbstractServer: 	Got error while trying to send error of error of waitQrLogin: Amp\Ipc\Sync\ChannelException: The channel was already closed! in /home/user/PhpstormProjects/CryptoTrading/vendor/danog/ipc/lib/Sync/ChannelledSocket.php:39
Stack trace:
#0 /home/user/PhpstormProjects/CryptoTrading/vendor/danog/madelineproto/src/Ipc/AbstractServer.php(279): Amp\Ipc\Sync\ChannelledSocket->send()
#1 /home/user/PhpstormProjects/CryptoTrading/vendor/revolt/event-loop/src/EventLoop/Internal/AbstractDriver.php(430): danog\MadelineProto\Ipc\AbstractServer->clientRequest()
#2 /home/user/PhpstormProjects/CryptoTrading/vendor/revolt/event-loop/src/EventLoop/Internal/AbstractDriver.php(621): Revolt\EventLoop\Internal\AbstractDriver->invokeMicrotasks()
#3 [internal function]: Revolt\EventLoop\Internal\AbstractDriver->{closure:Revolt\EventLoop\Internal\AbstractDriver::createCallbackFiber():565}()
#4 /home/user/PhpstormProjects/CryptoTrading/vendor/revolt/event-loop/src/EventLoop/Internal/DriverSuspension.php(171): Fiber->throw()
#5 /home/user/PhpstormProjects/CryptoTrading/vendor/revolt/event-loop/src/EventLoop/Internal/AbstractDriver.php(430): Revolt\EventLoop\Internal\DriverSuspension::{closure:Revolt\EventLoop\Internal\DriverSuspension::throw():168}()
#6 /home/user/PhpstormProjects/CryptoTrading/vendor/revolt/event-loop/src/EventLoop/Internal/AbstractDriver.php(621): Revolt\EventLoop\Internal\AbstractDriver->invokeMicrotasks()
#7 [internal function]: Revolt\EventLoop\Internal\AbstractDriver->{closure:Revolt\EventLoop\Internal\AbstractDriver::createCallbackFiber():565}()
#8 /home/user/PhpstormProjects/CryptoTrading/vendor/revolt/event-loop/src/EventLoop/Internal/DriverSuspension.php(171): Fiber->throw()
#9 /home/user/PhpstormProjects/CryptoTrading/vendor/revolt/event-loop/src/EventLoop/Internal/AbstractDriver.php(430): Revolt\EventLoop\Internal\DriverSuspension::{closure:Revolt\EventLoop\Internal\DriverSuspension::throw():168}()
#10 /home/user/PhpstormProjects/CryptoTrading/vendor/revolt/event-loop/src/EventLoop/Internal/AbstractDriver.php(621): Revolt\EventLoop\Internal\AbstractDriver->invokeMicrotasks()
#11 [internal function]: Revolt\EventLoop\Internal\AbstractDriver->{closure:Revolt\EventLoop\Internal\AbstractDriver::createCallbackFiber():565}()
#12 /home/user/PhpstormProjects/CryptoTrading/vendor/revolt/event-loop/src/EventLoop/Internal/DriverSuspension.php(171): Fiber->throw()
#13 /home/user/PhpstormProjects/CryptoTrading/vendor/revolt/event-loop/src/EventLoop/Internal/AbstractDriver.php(430): Revolt\EventLoop\Internal\DriverSuspension::{closure:Revolt\EventLoop\Internal\DriverSuspension::throw():168}()
#14 /home/user/PhpstormProjects/CryptoTrading/vendor/revolt/event-loop/src/EventLoop/Internal/AbstractDriver.php(621): Revolt\EventLoop\Internal\AbstractDriver->invokeMicrotasks()
#15 [internal function]: Revolt\EventLoop\Internal\AbstractDriver->{closure:Revolt\EventLoop\Internal\AbstractDriver::createCallbackFiber():565}()
#16 /home/user/PhpstormProjects/CryptoTrading/vendor/revolt/event-loop/src/EventLoop/Internal/DriverSuspension.php(171): Fiber->throw()
#17 /home/user/PhpstormProjects/CryptoTrading/vendor/revolt/event-loop/src/EventLoop/Internal/AbstractDriver.php(430): Revolt\EventLoop\Internal\DriverSuspension::{closure:Revolt\EventLoop\Internal\DriverSuspension::throw():168}()
#18 /home/user/PhpstormProjects/CryptoTrading/vendor/revolt/event-loop/src/EventLoop/Internal/AbstractDriver.php(567): Revolt\EventLoop\Internal\AbstractDriver->invokeMicrotasks()
#19 [internal function]: Revolt\EventLoop\Internal\AbstractDriver->{closure:Revolt\EventLoop\Internal\AbstractDriver::createCallbackFiber():565}()
#20 /home/user/PhpstormProjects/CryptoTrading/vendor/revolt/event-loop/src/EventLoop/Internal/DriverSuspension.php(64): Fiber->resume()
#21 /home/user/PhpstormProjects/CryptoTrading/vendor/revolt/event-loop/src/EventLoop/Internal/AbstractDriver.php(430): Revolt\EventLoop\Internal\DriverSuspension::{closure:Revolt\EventLoop\Internal\DriverSuspension::resume():61}()
#22 /home/user/PhpstormProjects/CryptoTrading/vendor/revolt/event-loop/src/EventLoop/Internal/AbstractDriver.php(567): Revolt\EventLoop\Internal\AbstractDriver->invokeMicrotasks()
#23 [internal function]: Revolt\EventLoop\Internal\AbstractDriver->{closure:Revolt\EventLoop\Internal\AbstractDriver::createCallbackFiber():565}()
#24 /home/user/PhpstormProjects/CryptoTrading/vendor/revolt/event-loop/src/EventLoop/Internal/DriverSuspension.php(64): Fiber->resume()
#25 /home/user/PhpstormProjects/CryptoTrading/vendor/revolt/event-loop/src/EventLoop/Internal/AbstractDriver.php(430): Revolt\EventLoop\Internal\DriverSuspension::{closure:Revolt\EventLoop\Internal\DriverSuspension::resume():61}()
#26 /home/user/PhpstormProjects/CryptoTrading/vendor/revolt/event-loop/src/EventLoop/Internal/AbstractDriver.php(567): Revolt\EventLoop\Internal\AbstractDriver->invokeMicrotasks()
#27 [internal function]: Revolt\EventLoop\Internal\AbstractDriver->{closure:Revolt\EventLoop\Internal\AbstractDriver::createCallbackFiber():565}()
#28 /home/user/PhpstormProjects/CryptoTrading/vendor/revolt/event-loop/src/EventLoop/Internal/DriverSuspension.php(64): Fiber->resume()
#29 /home/user/PhpstormProjects/CryptoTrading/vendor/revolt/event-loop/src/EventLoop/Internal/AbstractDriver.php(430): Revolt\EventLoop\Internal\DriverSuspension::{closure:Revolt\EventLoop\Internal\DriverSuspension::resume():61}()
#30 /home/user/PhpstormProjects/CryptoTrading/vendor/revolt/event-loop/src/EventLoop/Internal/AbstractDriver.php(567): Revolt\EventLoop\Internal\AbstractDriver->invokeMicrotasks()
#31 [internal function]: Revolt\EventLoop\Internal\AbstractDriver->{closure:Revolt\EventLoop\Internal\AbstractDriver::createCallbackFiber():565}()
#32 /home/user/PhpstormProjects/CryptoTrading/vendor/revolt/event-loop/src/EventLoop/Internal/DriverSuspension.php(64): Fiber->resume()
#33 /home/user/PhpstormProjects/CryptoTrading/vendor/revolt/event-loop/src/EventLoop/Internal/AbstractDriver.php(430): Revolt\EventLoop\Internal\DriverSuspension::{closure:Revolt\EventLoop\Internal\DriverSuspension::resume():61}()
#34 /home/user/PhpstormProjects/CryptoTrading/vendor/revolt/event-loop/src/EventLoop/Internal/AbstractDriver.php(621): Revolt\EventLoop\Internal\AbstractDriver->invokeMicrotasks()
#35 [internal function]: Revolt\EventLoop\Internal\AbstractDriver->{closure:Revolt\EventLoop\Internal\AbstractDriver::createCallbackFiber():565}()
#36 /home/user/PhpstormProjects/CryptoTrading/vendor/revolt/event-loop/src/EventLoop/Internal/DriverSuspension.php(64): Fiber->resume()
#37 /home/user/PhpstormProjects/CryptoTrading/vendor/revolt/event-loop/src/EventLoop/Internal/AbstractDriver.php(430): Revolt\EventLoop\Internal\DriverSuspension::{closure:Revolt\EventLoop\Internal\DriverSuspension::resume():61}()
#38 /home/user/PhpstormProjects/CryptoTrading/vendor/revolt/event-loop/src/EventLoop/Internal/AbstractDriver.php(567): Revolt\EventLoop\Internal\AbstractDriver->invokeMicrotasks()
#39 [internal function]: Revolt\EventLoop\Internal\AbstractDriver->{closure:Revolt\EventLoop\Internal\AbstractDriver::createCallbackFiber():565}()
#40 /home/user/PhpstormProjects/CryptoTrading/vendor/revolt/event-loop/src/EventLoop/Internal/AbstractDriver.php(503): Fiber->start()
#41 /home/user/PhpstormProjects/CryptoTrading/vendor/revolt/event-loop/src/EventLoop/Internal/AbstractDriver.php(558): Revolt\EventLoop\Internal\AbstractDriver->invokeCallbacks()
#42 [internal function]: Revolt\EventLoop\Internal\AbstractDriver->{closure:Revolt\EventLoop\Internal\AbstractDriver::createLoopFiber():538}()
#43 /home/user/PhpstormProjects/CryptoTrading/vendor/revolt/event-loop/src/EventLoop/Internal/AbstractDriver.php(96): Fiber->resume()
#44 /home/user/PhpstormProjects/CryptoTrading/vendor/revolt/event-loop/src/EventLoop/Internal/DriverSuspension.php(117): Revolt\EventLoop\Internal\AbstractDriver->{closure:Revolt\EventLoop\Internal\AbstractDriver::__construct():90}()
#45 /home/user/PhpstormProjects/CryptoTrading/vendor/amphp/amp/src/Future.php(251): Revolt\EventLoop\Internal\DriverSuspension->suspend()
#46 /home/user/PhpstormProjects/CryptoTrading/vendor/danog/madelineproto/src/Ipc/AbstractServer.php(177): Amp\Future->await()
#47 /home/user/PhpstormProjects/CryptoTrading/vendor/danog/madelineproto/src/Ipc/Runner/entry.php(119): danog\MadelineProto\Ipc\AbstractServer::waitShutdown()
#48 /home/user/PhpstormProjects/CryptoTrading/vendor/danog/madelineproto/src/Ipc/Runner/entry.php(154): {closure:/home/user/PhpstormProjects/CryptoTrading/vendor/danog/madelineproto/src/Ipc/Runner/entry.php:35}()
#49 {main}
AbstractServer: 	Got error while trying to send result of waitQrLogin: Amp\Ipc\Sync\ChannelException: The channel was already closed! in /home/user/PhpstormProjects/CryptoTrading/vendor/danog/ipc/lib/Sync/ChannelledSocket.php:39
Stack trace:
#0 /home/user/PhpstormProjects/CryptoTrading/vendor/danog/madelineproto/src/Ipc/AbstractServer.php(275): Amp\Ipc\Sync\ChannelledSocket->send()
#1 /home/user/PhpstormProjects/CryptoTrading/vendor/revolt/event-loop/src/EventLoop/Internal/AbstractDriver.php(430): danog\MadelineProto\Ipc\AbstractServer->clientRequest()
#2 /home/user/PhpstormProjects/CryptoTrading/vendor/revolt/event-loop/src/EventLoop/Internal/AbstractDriver.php(621): Revolt\EventLoop\Internal\AbstractDriver->invokeMicrotasks()
#3 [internal function]: Revolt\EventLoop\Internal\AbstractDriver->{closure:Revolt\EventLoop\Internal\AbstractDriver::createCallbackFiber():565}()
#4 /home/user/PhpstormProjects/CryptoTrading/vendor/revolt/event-loop/src/EventLoop/Internal/DriverSuspension.php(171): Fiber->throw()
#5 /home/user/PhpstormProjects/CryptoTrading/vendor/revolt/event-loop/src/EventLoop/Internal/AbstractDriver.php(430): Revolt\EventLoop\Internal\DriverSuspension::{closure:Revolt\EventLoop\Internal\DriverSuspension::throw():168}()
#6 /home/user/PhpstormProjects/CryptoTrading/vendor/revolt/event-loop/src/EventLoop/Internal/AbstractDriver.php(621): Revolt\EventLoop\Internal\AbstractDriver->invokeMicrotasks()
#7 [internal function]: Revolt\EventLoop\Internal\AbstractDriver->{closure:Revolt\EventLoop\Internal\AbstractDriver::createCallbackFiber():565}()
#8 /home/user/PhpstormProjects/CryptoTrading/vendor/revolt/event-loop/src/EventLoop/Internal/DriverSuspension.php(171): Fiber->throw()
#9 /home/user/PhpstormProjects/CryptoTrading/vendor/revolt/event-loop/src/EventLoop/Internal/AbstractDriver.php(430): Revolt\EventLoop\Internal\DriverSuspension::{closure:Revolt\EventLoop\Internal\DriverSuspension::throw():168}()
#10 /home/user/PhpstormProjects/CryptoTrading/vendor/revolt/event-loop/src/EventLoop/Internal/AbstractDriver.php(621): Revolt\EventLoop\Internal\AbstractDriver->invokeMicrotasks()
#11 [internal function]: Revolt\EventLoop\Internal\AbstractDriver->{closure:Revolt\EventLoop\Internal\AbstractDriver::createCallbackFiber():565}()
#12 /home/user/PhpstormProjects/CryptoTrading/vendor/revolt/event-loop/src/EventLoop/Internal/DriverSuspension.php(171): Fiber->throw()
#13 /home/user/PhpstormProjects/CryptoTrading/vendor/revolt/event-loop/src/EventLoop/Internal/AbstractDriver.php(430): Revolt\EventLoop\Internal\DriverSuspension::{closure:Revolt\EventLoop\Internal\DriverSuspension::throw():168}()
#14 /home/user/PhpstormProjects/CryptoTrading/vendor/revolt/event-loop/src/EventLoop/Internal/AbstractDriver.php(621): Revolt\EventLoop\Internal\AbstractDriver->invokeMicrotasks()
#15 [internal function]: Revolt\EventLoop\Internal\AbstractDriver->{closure:Revolt\EventLoop\Internal\AbstractDriver::createCallbackFiber():565}()
#16 /home/user/PhpstormProjects/CryptoTrading/vendor/revolt/event-loop/src/EventLoop/Internal/DriverSuspension.php(171): Fiber->throw()
#17 /home/user/PhpstormProjects/CryptoTrading/vendor/revolt/event-loop/src/EventLoop/Internal/AbstractDriver.php(430): Revolt\EventLoop\Internal\DriverSuspension::{closure:Revolt\EventLoop\Internal\DriverSuspension::throw():168}()
#18 /home/user/PhpstormProjects/CryptoTrading/vendor/revolt/event-loop/src/EventLoop/Internal/AbstractDriver.php(621): Revolt\EventLoop\Internal\AbstractDriver->invokeMicrotasks()
#19 [internal function]: Revolt\EventLoop\Internal\AbstractDriver->{closure:Revolt\EventLoop\Internal\AbstractDriver::createCallbackFiber():565}()
#20 /home/user/PhpstormProjects/CryptoTrading/vendor/revolt/event-loop/src/EventLoop/Internal/DriverSuspension.php(171): Fiber->throw()
#21 /home/user/PhpstormProjects/CryptoTrading/vendor/revolt/event-loop/src/EventLoop/Internal/AbstractDriver.php(430): Revolt\EventLoop\Internal\DriverSuspension::{closure:Revolt\EventLoop\Internal\DriverSuspension::throw():168}()
#22 /home/user/PhpstormProjects/CryptoTrading/vendor/revolt/event-loop/src/EventLoop/Internal/AbstractDriver.php(567): Revolt\EventLoop\Internal\AbstractDriver->invokeMicrotasks()
#23 [internal function]: Revolt\EventLoop\Internal\AbstractDriver->{closure:Revolt\EventLoop\Internal\AbstractDriver::createCallbackFiber():565}()
#24 /home/user/PhpstormProjects/CryptoTrading/vendor/revolt/event-loop/src/EventLoop/Internal/DriverSuspension.php(64): Fiber->resume()
#25 /home/user/PhpstormProjects/CryptoTrading/vendor/revolt/event-loop/src/EventLoop/Internal/AbstractDriver.php(430): Revolt\EventLoop\Internal\DriverSuspension::{closure:Revolt\EventLoop\Internal\DriverSuspension::resume():61}()
#26 /home/user/PhpstormProjects/CryptoTrading/vendor/revolt/event-loop/src/EventLoop/Internal/AbstractDriver.php(567): Revolt\EventLoop\Internal\AbstractDriver->invokeMicrotasks()
#27 [internal function]: Revolt\EventLoop\Internal\AbstractDriver->{closure:Revolt\EventLoop\Internal\AbstractDriver::createCallbackFiber():565}()
#28 /home/user/PhpstormProjects/CryptoTrading/vendor/revolt/event-loop/src/EventLoop/Internal/DriverSuspension.php(64): Fiber->resume()
#29 /home/user/PhpstormProjects/CryptoTrading/vendor/revolt/event-loop/src/EventLoop/Internal/AbstractDriver.php(430): Revolt\EventLoop\Internal\DriverSuspension::{closure:Revolt\EventLoop\Internal\DriverSuspension::resume():61}()
#30 /home/user/PhpstormProjects/CryptoTrading/vendor/revolt/event-loop/src/EventLoop/Internal/AbstractDriver.php(567): Revolt\EventLoop\Internal\AbstractDriver->invokeMicrotasks()
#31 [internal function]: Revolt\EventLoop\Internal\AbstractDriver->{closure:Revolt\EventLoop\Internal\AbstractDriver::createCallbackFiber():565}()
#32 /home/user/PhpstormProjects/CryptoTrading/vendor/revolt/event-loop/src/EventLoop/Internal/DriverSuspension.php(64): Fiber->resume()
#33 /home/user/PhpstormProjects/CryptoTrading/vendor/revolt/event-loop/src/EventLoop/Internal/AbstractDriver.php(430): Revolt\EventLoop\Internal\DriverSuspension::{closure:Revolt\EventLoop\Internal\DriverSuspension::resume():61}()
#34 /home/user/PhpstormProjects/CryptoTrading/vendor/revolt/event-loop/src/EventLoop/Internal/AbstractDriver.php(567): Revolt\EventLoop\Internal\AbstractDriver->invokeMicrotasks()
#35 [internal function]: Revolt\EventLoop\Internal\AbstractDriver->{closure:Revolt\EventLoop\Internal\AbstractDriver::createCallbackFiber():565}()
#36 /home/user/PhpstormProjects/CryptoTrading/vendor/revolt/event-loop/src/EventLoop/Internal/DriverSuspension.php(64): Fiber->resume()
#37 /home/user/PhpstormProjects/CryptoTrading/vendor/revolt/event-loop/src/EventLoop/Internal/AbstractDriver.php(430): Revolt\EventLoop\Internal\DriverSuspension::{closure:Revolt\EventLoop\Internal\DriverSuspension::resume():61}()
#38 /home/user/PhpstormProjects/CryptoTrading/vendor/revolt/event-loop/src/EventLoop/Internal/AbstractDriver.php(621): Revolt\EventLoop\Internal\AbstractDriver->invokeMicrotasks()
#39 [internal function]: Revolt\EventLoop\Internal\AbstractDriver->{closure:Revolt\EventLoop\Internal\AbstractDriver::createCallbackFiber():565}()
#40 /home/user/PhpstormProjects/CryptoTrading/vendor/revolt/event-loop/src/EventLoop/Internal/DriverSuspension.php(64): Fiber->resume()
#41 /home/user/PhpstormProjects/CryptoTrading/vendor/revolt/event-loop/src/EventLoop/Internal/AbstractDriver.php(430): Revolt\EventLoop\Internal\DriverSuspension::{closure:Revolt\EventLoop\Internal\DriverSuspension::resume():61}()
#42 /home/user/PhpstormProjects/CryptoTrading/vendor/revolt/event-loop/src/EventLoop/Internal/AbstractDriver.php(567): Revolt\EventLoop\Internal\AbstractDriver->invokeMicrotasks()
#43 [internal function]: Revolt\EventLoop\Internal\AbstractDriver->{closure:Revolt\EventLoop\Internal\AbstractDriver::createCallbackFiber():565}()
#44 /home/user/PhpstormProjects/CryptoTrading/vendor/revolt/event-loop/src/EventLoop/Internal/AbstractDriver.php(503): Fiber->start()
#45 /home/user/PhpstormProjects/CryptoTrading/vendor/revolt/event-loop/src/EventLoop/Internal/AbstractDriver.php(558): Revolt\EventLoop\Internal\AbstractDriver->invokeCallbacks()
#46 [internal function]: Revolt\EventLoop\Internal\AbstractDriver->{closure:Revolt\EventLoop\Internal\AbstractDriver::createLoopFiber():538}()
#47 /home/user/PhpstormProjects/CryptoTrading/vendor/revolt/event-loop/src/EventLoop/Internal/AbstractDriver.php(96): Fiber->resume()
#48 /home/user/PhpstormProjects/CryptoTrading/vendor/revolt/event-loop/src/EventLoop/Internal/DriverSuspension.php(117): Revolt\EventLoop\Internal\AbstractDriver->{closure:Revolt\EventLoop\Internal\AbstractDriver::__construct():90}()
#49 /home/user/PhpstormProjects/CryptoTrading/vendor/amphp/amp/src/Future.php(251): Revolt\EventLoop\Internal\DriverSuspension->suspend()
#50 /home/user/PhpstormProjects/CryptoTrading/vendor/danog/madelineproto/src/Ipc/AbstractServer.php(177): Amp\Future->await()
#51 /home/user/PhpstormProjects/CryptoTrading/vendor/danog/madelineproto/src/Ipc/Runner/entry.php(119): danog\MadelineProto\Ipc\AbstractServer::waitShutdown()
#52 /home/user/PhpstormProjects/CryptoTrading/vendor/danog/madelineproto/src/Ipc/Runner/entry.php(154): {closure:/home/user/PhpstormProjects/CryptoTrading/vendor/danog/madelineproto/src/Ipc/Runner/entry.php:35}()
#53 {main}
AbstractServer: 	Got error while trying to send error of error of waitQrLogin: Amp\Ipc\Sync\ChannelException: The channel was already closed! in /home/user/PhpstormProjects/CryptoTrading/vendor/danog/ipc/lib/Sync/ChannelledSocket.php:39
Stack trace:
#0 /home/user/PhpstormProjects/CryptoTrading/vendor/danog/madelineproto/src/Ipc/AbstractServer.php(279): Amp\Ipc\Sync\ChannelledSocket->send()
#1 /home/user/PhpstormProjects/CryptoTrading/vendor/revolt/event-loop/src/EventLoop/Internal/AbstractDriver.php(430): danog\MadelineProto\Ipc\AbstractServer->clientRequest()
#2 /home/user/PhpstormProjects/CryptoTrading/vendor/revolt/event-loop/src/EventLoop/Internal/AbstractDriver.php(621): Revolt\EventLoop\Internal\AbstractDriver->invokeMicrotasks()
#3 [internal function]: Revolt\EventLoop\Internal\AbstractDriver->{closure:Revolt\EventLoop\Internal\AbstractDriver::createCallbackFiber():565}()
#4 /home/user/PhpstormProjects/CryptoTrading/vendor/revolt/event-loop/src/EventLoop/Internal/DriverSuspension.php(171): Fiber->throw()
#5 /home/user/PhpstormProjects/CryptoTrading/vendor/revolt/event-loop/src/EventLoop/Internal/AbstractDriver.php(430): Revolt\EventLoop\Internal\DriverSuspension::{closure:Revolt\EventLoop\Internal\DriverSuspension::throw():168}()
#6 /home/user/PhpstormProjects/CryptoTrading/vendor/revolt/event-loop/src/EventLoop/Internal/AbstractDriver.php(621): Revolt\EventLoop\Internal\AbstractDriver->invokeMicrotasks()
#7 [internal function]: Revolt\EventLoop\Internal\AbstractDriver->{closure:Revolt\EventLoop\Internal\AbstractDriver::createCallbackFiber():565}()
#8 /home/user/PhpstormProjects/CryptoTrading/vendor/revolt/event-loop/src/EventLoop/Internal/DriverSuspension.php(171): Fiber->throw()
#9 /home/user/PhpstormProjects/CryptoTrading/vendor/revolt/event-loop/src/EventLoop/Internal/AbstractDriver.php(430): Revolt\EventLoop\Internal\DriverSuspension::{closure:Revolt\EventLoop\Internal\DriverSuspension::throw():168}()
#10 /home/user/PhpstormProjects/CryptoTrading/vendor/revolt/event-loop/src/EventLoop/Internal/AbstractDriver.php(621): Revolt\EventLoop\Internal\AbstractDriver->invokeMicrotasks()
#11 [internal function]: Revolt\EventLoop\Internal\AbstractDriver->{closure:Revolt\EventLoop\Internal\AbstractDriver::createCallbackFiber():565}()
#12 /home/user/PhpstormProjects/CryptoTrading/vendor/revolt/event-loop/src/EventLoop/Internal/DriverSuspension.php(171): Fiber->throw()
#13 /home/user/PhpstormProjects/CryptoTrading/vendor/revolt/event-loop/src/EventLoop/Internal/AbstractDriver.php(430): Revolt\EventLoop\Internal\DriverSuspension::{closure:Revolt\EventLoop\Internal\DriverSuspension::throw():168}()
#14 /home/user/PhpstormProjects/CryptoTrading/vendor/revolt/event-loop/src/EventLoop/Internal/AbstractDriver.php(621): Revolt\EventLoop\Internal\AbstractDriver->invokeMicrotasks()
#15 [internal function]: Revolt\EventLoop\Internal\AbstractDriver->{closure:Revolt\EventLoop\Internal\AbstractDriver::createCallbackFiber():565}()
#16 /home/user/PhpstormProjects/CryptoTrading/vendor/revolt/event-loop/src/EventLoop/Internal/DriverSuspension.php(171): Fiber->throw()
#17 /home/user/PhpstormProjects/CryptoTrading/vendor/revolt/event-loop/src/EventLoop/Internal/AbstractDriver.php(430): Revolt\EventLoop\Internal\DriverSuspension::{closure:Revolt\EventLoop\Internal\DriverSuspension::throw():168}()
#18 /home/user/PhpstormProjects/CryptoTrading/vendor/revolt/event-loop/src/EventLoop/Internal/AbstractDriver.php(621): Revolt\EventLoop\Internal\AbstractDriver->invokeMicrotasks()
#19 [internal function]: Revolt\EventLoop\Internal\AbstractDriver->{closure:Revolt\EventLoop\Internal\AbstractDriver::createCallbackFiber():565}()
#20 /home/user/PhpstormProjects/CryptoTrading/vendor/revolt/event-loop/src/EventLoop/Internal/DriverSuspension.php(171): Fiber->throw()
#21 /home/user/PhpstormProjects/CryptoTrading/vendor/revolt/event-loop/src/EventLoop/Internal/AbstractDriver.php(430): Revolt\EventLoop\Internal\DriverSuspension::{closure:Revolt\EventLoop\Internal\DriverSuspension::throw():168}()
#22 /home/user/PhpstormProjects/CryptoTrading/vendor/revolt/event-loop/src/EventLoop/Internal/AbstractDriver.php(567): Revolt\EventLoop\Internal\AbstractDriver->invokeMicrotasks()
#23 [internal function]: Revolt\EventLoop\Internal\AbstractDriver->{closure:Revolt\EventLoop\Internal\AbstractDriver::createCallbackFiber():565}()
#24 /home/user/PhpstormProjects/CryptoTrading/vendor/revolt/event-loop/src/EventLoop/Internal/DriverSuspension.php(64): Fiber->resume()
#25 /home/user/PhpstormProjects/CryptoTrading/vendor/revolt/event-loop/src/EventLoop/Internal/AbstractDriver.php(430): Revolt\EventLoop\Internal\DriverSuspension::{closure:Revolt\EventLoop\Internal\DriverSuspension::resume():61}()
#26 /home/user/PhpstormProjects/CryptoTrading/vendor/revolt/event-loop/src/EventLoop/Internal/AbstractDriver.php(567): Revolt\EventLoop\Internal\AbstractDriver->invokeMicrotasks()
#27 [internal function]: Revolt\EventLoop\Internal\AbstractDriver->{closure:Revolt\EventLoop\Internal\AbstractDriver::createCallbackFiber():565}()
#28 /home/user/PhpstormProjects/CryptoTrading/vendor/revolt/event-loop/src/EventLoop/Internal/DriverSuspension.php(64): Fiber->resume()
#29 /home/user/PhpstormProjects/CryptoTrading/vendor/revolt/event-loop/src/EventLoop/Internal/AbstractDriver.php(430): Revolt\EventLoop\Internal\DriverSuspension::{closure:Revolt\EventLoop\Internal\DriverSuspension::resume():61}()
#30 /home/user/PhpstormProjects/CryptoTrading/vendor/revolt/event-loop/src/EventLoop/Internal/AbstractDriver.php(567): Revolt\EventLoop\Internal\AbstractDriver->invokeMicrotasks()
#31 [internal function]: Revolt\EventLoop\Internal\AbstractDriver->{closure:Revolt\EventLoop\Internal\AbstractDriver::createCallbackFiber():565}()
#32 /home/user/PhpstormProjects/CryptoTrading/vendor/revolt/event-loop/src/EventLoop/Internal/DriverSuspension.php(64): Fiber->resume()
#33 /home/user/PhpstormProjects/CryptoTrading/vendor/revolt/event-loop/src/EventLoop/Internal/AbstractDriver.php(430): Revolt\EventLoop\Internal\DriverSuspension::{closure:Revolt\EventLoop\Internal\DriverSuspension::resume():61}()
#34 /home/user/PhpstormProjects/CryptoTrading/vendor/revolt/event-loop/src/EventLoop/Internal/AbstractDriver.php(567): Revolt\EventLoop\Internal\AbstractDriver->invokeMicrotasks()
#35 [internal function]: Revolt\EventLoop\Internal\AbstractDriver->{closure:Revolt\EventLoop\Internal\AbstractDriver::createCallbackFiber():565}()
#36 /home/user/PhpstormProjects/CryptoTrading/vendor/revolt/event-loop/src/EventLoop/Internal/DriverSuspension.php(64): Fiber->resume()
#37 /home/user/PhpstormProjects/CryptoTrading/vendor/revolt/event-loop/src/EventLoop/Internal/AbstractDriver.php(430): Revolt\EventLoop\Internal\DriverSuspension::{closure:Revolt\EventLoop\Internal\DriverSuspension::resume():61}()
#38 /home/user/PhpstormProjects/CryptoTrading/vendor/revolt/event-loop/src/EventLoop/Internal/AbstractDriver.php(621): Revolt\EventLoop\Internal\AbstractDriver->invokeMicrotasks()
#39 [internal function]: Revolt\EventLoop\Internal\AbstractDriver->{closure:Revolt\EventLoop\Internal\AbstractDriver::createCallbackFiber():565}()
#40 /home/user/PhpstormProjects/CryptoTrading/vendor/revolt/event-loop/src/EventLoop/Internal/DriverSuspension.php(64): Fiber->resume()
#41 /home/user/PhpstormProjects/CryptoTrading/vendor/revolt/event-loop/src/EventLoop/Internal/AbstractDriver.php(430): Revolt\EventLoop\Internal\DriverSuspension::{closure:Revolt\EventLoop\Internal\DriverSuspension::resume():61}()
#42 /home/user/PhpstormProjects/CryptoTrading/vendor/revolt/event-loop/src/EventLoop/Internal/AbstractDriver.php(567): Revolt\EventLoop\Internal\AbstractDriver->invokeMicrotasks()
#43 [internal function]: Revolt\EventLoop\Internal\AbstractDriver->{closure:Revolt\EventLoop\Internal\AbstractDriver::createCallbackFiber():565}()
#44 /home/user/PhpstormProjects/CryptoTrading/vendor/revolt/event-loop/src/EventLoop/Internal/AbstractDriver.php(503): Fiber->start()
#45 /home/user/PhpstormProjects/CryptoTrading/vendor/revolt/event-loop/src/EventLoop/Internal/AbstractDriver.php(558): Revolt\EventLoop\Internal\AbstractDriver->invokeCallbacks()
#46 [internal function]: Revolt\EventLoop\Internal\AbstractDriver->{closure:Revolt\EventLoop\Internal\AbstractDriver::createLoopFiber():538}()
#47 /home/user/PhpstormProjects/CryptoTrading/vendor/revolt/event-loop/src/EventLoop/Internal/AbstractDriver.php(96): Fiber->resume()
#48 /home/user/PhpstormProjects/CryptoTrading/vendor/revolt/event-loop/src/EventLoop/Internal/DriverSuspension.php(117): Revolt\EventLoop\Internal\AbstractDriver->{closure:Revolt\EventLoop\Internal\AbstractDriver::__construct():90}()
#49 /home/user/PhpstormProjects/CryptoTrading/vendor/amphp/amp/src/Future.php(251): Revolt\EventLoop\Internal\DriverSuspension->suspend()
#50 /home/user/PhpstormProjects/CryptoTrading/vendor/danog/madelineproto/src/Ipc/AbstractServer.php(177): Amp\Future->await()
#51 /home/user/PhpstormProjects/CryptoTrading/vendor/danog/madelineproto/src/Ipc/Runner/entry.php(119): danog\MadelineProto\Ipc\AbstractServer::waitShutdown()
#52 /home/user/PhpstormProjects/CryptoTrading/vendor/danog/madelineproto/src/Ipc/Runner/entry.php(154): {closure:/home/user/PhpstormProjects/CryptoTrading/vendor/danog/madelineproto/src/Ipc/Runner/entry.php:35}()
#53 {main}
AbstractServer: 	Got error while trying to send result of waitQrLogin: Amp\Ipc\Sync\ChannelException: The channel was already closed! in /home/user/PhpstormProjects/CryptoTrading/vendor/danog/ipc/lib/Sync/ChannelledSocket.php:39
Stack trace:
#0 /home/user/PhpstormProjects/CryptoTrading/vendor/danog/madelineproto/src/Ipc/AbstractServer.php(275): Amp\Ipc\Sync\ChannelledSocket->send()
#1 /home/user/PhpstormProjects/CryptoTrading/vendor/revolt/event-loop/src/EventLoop/Internal/AbstractDriver.php(430): danog\MadelineProto\Ipc\AbstractServer->clientRequest()
#2 /home/user/PhpstormProjects/CryptoTrading/vendor/revolt/event-loop/src/EventLoop/Internal/AbstractDriver.php(621): Revolt\EventLoop\Internal\AbstractDriver->invokeMicrotasks()
#3 [internal function]: Revolt\EventLoop\Internal\AbstractDriver->{closure:Revolt\EventLoop\Internal\AbstractDriver::createCallbackFiber():565}()
#4 /home/user/PhpstormProjects/CryptoTrading/vendor/revolt/event-loop/src/EventLoop/Internal/DriverSuspension.php(171): Fiber->throw()
#5 /home/user/PhpstormProjects/CryptoTrading/vendor/revolt/event-loop/src/EventLoop/Internal/AbstractDriver.php(430): Revolt\EventLoop\Internal\DriverSuspension::{closure:Revolt\EventLoop\Internal\DriverSuspension::throw():168}()
#6 /home/user/PhpstormProjects/CryptoTrading/vendor/revolt/event-loop/src/EventLoop/Internal/AbstractDriver.php(621): Revolt\EventLoop\Internal\AbstractDriver->invokeMicrotasks()
#7 [internal function]: Revolt\EventLoop\Internal\AbstractDriver->{closure:Revolt\EventLoop\Internal\AbstractDriver::createCallbackFiber():565}()
#8 /home/user/PhpstormProjects/CryptoTrading/vendor/revolt/event-loop/src/EventLoop/Internal/DriverSuspension.php(171): Fiber->throw()
#9 /home/user/PhpstormProjects/CryptoTrading/vendor/revolt/event-loop/src/EventLoop/Internal/AbstractDriver.php(430): Revolt\EventLoop\Internal\DriverSuspension::{closure:Revolt\EventLoop\Internal\DriverSuspension::throw():168}()
#10 /home/user/PhpstormProjects/CryptoTrading/vendor/revolt/event-loop/src/EventLoop/Internal/AbstractDriver.php(621): Revolt\EventLoop\Internal\AbstractDriver->invokeMicrotasks()
#11 [internal function]: Revolt\EventLoop\Internal\AbstractDriver->{closure:Revolt\EventLoop\Internal\AbstractDriver::createCallbackFiber():565}()
#12 /home/user/PhpstormProjects/CryptoTrading/vendor/revolt/event-loop/src/EventLoop/Internal/DriverSuspension.php(171): Fiber->throw()
#13 /home/user/PhpstormProjects/CryptoTrading/vendor/revolt/event-loop/src/EventLoop/Internal/AbstractDriver.php(430): Revolt\EventLoop\Internal\DriverSuspension::{closure:Revolt\EventLoop\Internal\DriverSuspension::throw():168}()
#14 /home/user/PhpstormProjects/CryptoTrading/vendor/revolt/event-loop/src/EventLoop/Internal/AbstractDriver.php(621): Revolt\EventLoop\Internal\AbstractDriver->invokeMicrotasks()
#15 [internal function]: Revolt\EventLoop\Internal\AbstractDriver->{closure:Revolt\EventLoop\Internal\AbstractDriver::createCallbackFiber():565}()
#16 /home/user/PhpstormProjects/CryptoTrading/vendor/revolt/event-loop/src/EventLoop/Internal/DriverSuspension.php(171): Fiber->throw()
#17 /home/user/PhpstormProjects/CryptoTrading/vendor/revolt/event-loop/src/EventLoop/Internal/AbstractDriver.php(430): Revolt\EventLoop\Internal\DriverSuspension::{closure:Revolt\EventLoop\Internal\DriverSuspension::throw():168}()
#18 /home/user/PhpstormProjects/CryptoTrading/vendor/revolt/event-loop/src/EventLoop/Internal/AbstractDriver.php(621): Revolt\EventLoop\Internal\AbstractDriver->invokeMicrotasks()
#19 [internal function]: Revolt\EventLoop\Internal\AbstractDriver->{closure:Revolt\EventLoop\Internal\AbstractDriver::createCallbackFiber():565}()
#20 /home/user/PhpstormProjects/CryptoTrading/vendor/revolt/event-loop/src/EventLoop/Internal/DriverSuspension.php(171): Fiber->throw()
#21 /home/user/PhpstormProjects/CryptoTrading/vendor/revolt/event-loop/src/EventLoop/Internal/AbstractDriver.php(430): Revolt\EventLoop\Internal\DriverSuspension::{closure:Revolt\EventLoop\Internal\DriverSuspension::throw():168}()
#22 /home/user/PhpstormProjects/CryptoTrading/vendor/revolt/event-loop/src/EventLoop/Internal/AbstractDriver.php(621): Revolt\EventLoop\Internal\AbstractDriver->invokeMicrotasks()
#23 [internal function]: Revolt\EventLoop\Internal\AbstractDriver->{closure:Revolt\EventLoop\Internal\AbstractDriver::createCallbackFiber():565}()
#24 /home/user/PhpstormProjects/CryptoTrading/vendor/revolt/event-loop/src/EventLoop/Internal/DriverSuspension.php(171): Fiber->throw()
#25 /home/user/PhpstormProjects/CryptoTrading/vendor/revolt/event-loop/src/EventLoop/Internal/AbstractDriver.php(430): Revolt\EventLoop\Internal\DriverSuspension::{closure:Revolt\EventLoop\Internal\DriverSuspension::throw():168}()
#26 /home/user/PhpstormProjects/CryptoTrading/vendor/revolt/event-loop/src/EventLoop/Internal/AbstractDriver.php(567): Revolt\EventLoop\Internal\AbstractDriver->invokeMicrotasks()
#27 [internal function]: Revolt\EventLoop\Internal\AbstractDriver->{closure:Revolt\EventLoop\Internal\AbstractDriver::createCallbackFiber():565}()
#28 /home/user/PhpstormProjects/CryptoTrading/vendor/revolt/event-loop/src/EventLoop/Internal/DriverSuspension.php(64): Fiber->resume()
#29 /home/user/PhpstormProjects/CryptoTrading/vendor/revolt/event-loop/src/EventLoop/Internal/AbstractDriver.php(430): Revolt\EventLoop\Internal\DriverSuspension::{closure:Revolt\EventLoop\Internal\DriverSuspension::resume():61}()
#30 /home/user/PhpstormProjects/CryptoTrading/vendor/revolt/event-loop/src/EventLoop/Internal/AbstractDriver.php(567): Revolt\EventLoop\Internal\AbstractDriver->invokeMicrotasks()
#31 [internal function]: Revolt\EventLoop\Internal\AbstractDriver->{closure:Revolt\EventLoop\Internal\AbstractDriver::createCallbackFiber():565}()
#32 /home/user/PhpstormProjects/CryptoTrading/vendor/revolt/event-loop/src/EventLoop/Internal/DriverSuspension.php(64): Fiber->resume()
#33 /home/user/PhpstormProjects/CryptoTrading/vendor/revolt/event-loop/src/EventLoop/Internal/AbstractDriver.php(430): Revolt\EventLoop\Internal\DriverSuspension::{closure:Revolt\EventLoop\Internal\DriverSuspension::resume():61}()
#34 /home/user/PhpstormProjects/CryptoTrading/vendor/revolt/event-loop/src/EventLoop/Internal/AbstractDriver.php(567): Revolt\EventLoop\Internal\AbstractDriver->invokeMicrotasks()
#35 [internal function]: Revolt\EventLoop\Internal\AbstractDriver->{closure:Revolt\EventLoop\Internal\AbstractDriver::createCallbackFiber():565}()
#36 /home/user/PhpstormProjects/CryptoTrading/vendor/revolt/event-loop/src/EventLoop/Internal/DriverSuspension.php(64): Fiber->resume()
#37 /home/user/PhpstormProjects/CryptoTrading/vendor/revolt/event-loop/src/EventLoop/Internal/AbstractDriver.php(430): Revolt\EventLoop\Internal\DriverSuspension::{closure:Revolt\EventLoop\Internal\DriverSuspension::resume():61}()
#38 /home/user/PhpstormProjects/CryptoTrading/vendor/revolt/event-loop/src/EventLoop/Internal/AbstractDriver.php(567): Revolt\EventLoop\Internal\AbstractDriver->invokeMicrotasks()
#39 [internal function]: Revolt\EventLoop\Internal\AbstractDriver->{closure:Revolt\EventLoop\Internal\AbstractDriver::createCallbackFiber():565}()
#40 /home/user/PhpstormProjects/CryptoTrading/vendor/revolt/event-loop/src/EventLoop/Internal/DriverSuspension.php(64): Fiber->resume()
#41 /home/user/PhpstormProjects/CryptoTrading/vendor/revolt/event-loop/src/EventLoop/Internal/AbstractDriver.php(430): Revolt\EventLoop\Internal\DriverSuspension::{closure:Revolt\EventLoop\Internal\DriverSuspension::resume():61}()
#42 /home/user/PhpstormProjects/CryptoTrading/vendor/revolt/event-loop/src/EventLoop/Internal/AbstractDriver.php(621): Revolt\EventLoop\Internal\AbstractDriver->invokeMicrotasks()
#43 [internal function]: Revolt\EventLoop\Internal\AbstractDriver->{closure:Revolt\EventLoop\Internal\AbstractDriver::createCallbackFiber():565}()
#44 /home/user/PhpstormProjects/CryptoTrading/vendor/revolt/event-loop/src/EventLoop/Internal/DriverSuspension.php(64): Fiber->resume()
#45 /home/user/PhpstormProjects/CryptoTrading/vendor/revolt/event-loop/src/EventLoop/Internal/AbstractDriver.php(430): Revolt\EventLoop\Internal\DriverSuspension::{closure:Revolt\EventLoop\Internal\DriverSuspension::resume():61}()
#46 /home/user/PhpstormProjects/CryptoTrading/vendor/revolt/event-loop/src/EventLoop/Internal/AbstractDriver.php(567): Revolt\EventLoop\Internal\AbstractDriver->invokeMicrotasks()
#47 [internal function]: Revolt\EventLoop\Internal\AbstractDriver->{closure:Revolt\EventLoop\Internal\AbstractDriver::createCallbackFiber():565}()
#48 /home/user/PhpstormProjects/CryptoTrading/vendor/revolt/event-loop/src/EventLoop/Internal/AbstractDriver.php(503): Fiber->start()
#49 /home/user/PhpstormProjects/CryptoTrading/vendor/revolt/event-loop/src/EventLoop/Internal/AbstractDriver.php(558): Revolt\EventLoop\Internal\AbstractDriver->invokeCallbacks()
#50 [internal function]: Revolt\EventLoop\Internal\AbstractDriver->{closure:Revolt\EventLoop\Internal\AbstractDriver::createLoopFiber():538}()
#51 /home/user/PhpstormProjects/CryptoTrading/vendor/revolt/event-loop/src/EventLoop/Internal/AbstractDriver.php(96): Fiber->resume()
#52 /home/user/PhpstormProjects/CryptoTrading/vendor/revolt/event-loop/src/EventLoop/Internal/DriverSuspension.php(117): Revolt\EventLoop\Internal\AbstractDriver->{closure:Revolt\EventLoop\Internal\AbstractDriver::__construct():90}()
#53 /home/user/PhpstormProjects/CryptoTrading/vendor/amphp/amp/src/Future.php(251): Revolt\EventLoop\Internal\DriverSuspension->suspend()
#54 /home/user/PhpstormProjects/CryptoTrading/vendor/danog/madelineproto/src/Ipc/AbstractServer.php(177): Amp\Future->await()
#55 /home/user/PhpstormProjects/CryptoTrading/vendor/danog/madelineproto/src/Ipc/Runner/entry.php(119): danog\MadelineProto\Ipc\AbstractServer::waitShutdown()
#56 /home/user/PhpstormProjects/CryptoTrading/vendor/danog/madelineproto/src/Ipc/Runner/entry.php(154): {closure:/home/user/PhpstormProjects/CryptoTrading/vendor/danog/madelineproto/src/Ipc/Runner/entry.php:35}()
#57 {main}
AbstractServer: 	Got error while trying to send error of error of waitQrLogin: Amp\Ipc\Sync\ChannelException: The channel was already closed! in /home/user/PhpstormProjects/CryptoTrading/vendor/danog/ipc/lib/Sync/ChannelledSocket.php:39
Stack trace:
#0 /home/user/PhpstormProjects/CryptoTrading/vendor/danog/madelineproto/src/Ipc/AbstractServer.php(279): Amp\Ipc\Sync\ChannelledSocket->send()
#1 /home/user/PhpstormProjects/CryptoTrading/vendor/revolt/event-loop/src/EventLoop/Internal/AbstractDriver.php(430): danog\MadelineProto\Ipc\AbstractServer->clientRequest()
#2 /home/user/PhpstormProjects/CryptoTrading/vendor/revolt/event-loop/src/EventLoop/Internal/AbstractDriver.php(621): Revolt\EventLoop\Internal\AbstractDriver->invokeMicrotasks()
#3 [internal function]: Revolt\EventLoop\Internal\AbstractDriver->{closure:Revolt\EventLoop\Internal\AbstractDriver::createCallbackFiber():565}()
#4 /home/user/PhpstormProjects/CryptoTrading/vendor/revolt/event-loop/src/EventLoop/Internal/DriverSuspension.php(171): Fiber->throw()
#5 /home/user/PhpstormProjects/CryptoTrading/vendor/revolt/event-loop/src/EventLoop/Internal/AbstractDriver.php(430): Revolt\EventLoop\Internal\DriverSuspension::{closure:Revolt\EventLoop\Internal\DriverSuspension::throw():168}()
#6 /home/user/PhpstormProjects/CryptoTrading/vendor/revolt/event-loop/src/EventLoop/Internal/AbstractDriver.php(621): Revolt\EventLoop\Internal\AbstractDriver->invokeMicrotasks()
#7 [internal function]: Revolt\EventLoop\Internal\AbstractDriver->{closure:Revolt\EventLoop\Internal\AbstractDriver::createCallbackFiber():565}()
#8 /home/user/PhpstormProjects/CryptoTrading/vendor/revolt/event-loop/src/EventLoop/Internal/DriverSuspension.php(171): Fiber->throw()
#9 /home/user/PhpstormProjects/CryptoTrading/vendor/revolt/event-loop/src/EventLoop/Internal/AbstractDriver.php(430): Revolt\EventLoop\Internal\DriverSuspension::{closure:Revolt\EventLoop\Internal\DriverSuspension::throw():168}()
#10 /home/user/PhpstormProjects/CryptoTrading/vendor/revolt/event-loop/src/EventLoop/Internal/AbstractDriver.php(621): Revolt\EventLoop\Internal\AbstractDriver->invokeMicrotasks()
#11 [internal function]: Revolt\EventLoop\Internal\AbstractDriver->{closure:Revolt\EventLoop\Internal\AbstractDriver::createCallbackFiber():565}()
#12 /home/user/PhpstormProjects/CryptoTrading/vendor/revolt/event-loop/src/EventLoop/Internal/DriverSuspension.php(171): Fiber->throw()
#13 /home/user/PhpstormProjects/CryptoTrading/vendor/revolt/event-loop/src/EventLoop/Internal/AbstractDriver.php(430): Revolt\EventLoop\Internal\DriverSuspension::{closure:Revolt\EventLoop\Internal\DriverSuspension::throw():168}()
#14 /home/user/PhpstormProjects/CryptoTrading/vendor/revolt/event-loop/src/EventLoop/Internal/AbstractDriver.php(621): Revolt\EventLoop\Internal\AbstractDriver->invokeMicrotasks()
#15 [internal function]: Revolt\EventLoop\Internal\AbstractDriver->{closure:Revolt\EventLoop\Internal\AbstractDriver::createCallbackFiber():565}()
#16 /home/user/PhpstormProjects/CryptoTrading/vendor/revolt/event-loop/src/EventLoop/Internal/DriverSuspension.php(171): Fiber->throw()
#17 /home/user/PhpstormProjects/CryptoTrading/vendor/revolt/event-loop/src/EventLoop/Internal/AbstractDriver.php(430): Revolt\EventLoop\Internal\DriverSuspension::{closure:Revolt\EventLoop\Internal\DriverSuspension::throw():168}()
#18 /home/user/PhpstormProjects/CryptoTrading/vendor/revolt/event-loop/src/EventLoop/Internal/AbstractDriver.php(621): Revolt\EventLoop\Internal\AbstractDriver->invokeMicrotasks()
#19 [internal function]: Revolt\EventLoop\Internal\AbstractDriver->{closure:Revolt\EventLoop\Internal\AbstractDriver::createCallbackFiber():565}()
#20 /home/user/PhpstormProjects/CryptoTrading/vendor/revolt/event-loop/src/EventLoop/Internal/DriverSuspension.php(171): Fiber->throw()
#21 /home/user/PhpstormProjects/CryptoTrading/vendor/revolt/event-loop/src/EventLoop/Internal/AbstractDriver.php(430): Revolt\EventLoop\Internal\DriverSuspension::{closure:Revolt\EventLoop\Internal\DriverSuspension::throw():168}()
#22 /home/user/PhpstormProjects/CryptoTrading/vendor/revolt/event-loop/src/EventLoop/Internal/AbstractDriver.php(621): Revolt\EventLoop\Internal\AbstractDriver->invokeMicrotasks()
#23 [internal function]: Revolt\EventLoop\Internal\AbstractDriver->{closure:Revolt\EventLoop\Internal\AbstractDriver::createCallbackFiber():565}()
#24 /home/user/PhpstormProjects/CryptoTrading/vendor/revolt/event-loop/src/EventLoop/Internal/DriverSuspension.php(171): Fiber->throw()
#25 /home/user/PhpstormProjects/CryptoTrading/vendor/revolt/event-loop/src/EventLoop/Internal/AbstractDriver.php(430): Revolt\EventLoop\Internal\DriverSuspension::{closure:Revolt\EventLoop\Internal\DriverSuspension::throw():168}()
#26 /home/user/PhpstormProjects/CryptoTrading/vendor/revolt/event-loop/src/EventLoop/Internal/AbstractDriver.php(567): Revolt\EventLoop\Internal\AbstractDriver->invokeMicrotasks()
#27 [internal function]: Revolt\EventLoop\Internal\AbstractDriver->{closure:Revolt\EventLoop\Internal\AbstractDriver::createCallbackFiber():565}()
#28 /home/user/PhpstormProjects/CryptoTrading/vendor/revolt/event-loop/src/EventLoop/Internal/DriverSuspension.php(64): Fiber->resume()
#29 /home/user/PhpstormProjects/CryptoTrading/vendor/revolt/event-loop/src/EventLoop/Internal/AbstractDriver.php(430): Revolt\EventLoop\Internal\DriverSuspension::{closure:Revolt\EventLoop\Internal\DriverSuspension::resume():61}()
#30 /home/user/PhpstormProjects/CryptoTrading/vendor/revolt/event-loop/src/EventLoop/Internal/AbstractDriver.php(567): Revolt\EventLoop\Internal\AbstractDriver->invokeMicrotasks()
#31 [internal function]: Revolt\EventLoop\Internal\AbstractDriver->{closure:Revolt\EventLoop\Internal\AbstractDriver::createCallbackFiber():565}()
#32 /home/user/PhpstormProjects/CryptoTrading/vendor/revolt/event-loop/src/EventLoop/Internal/DriverSuspension.php(64): Fiber->resume()
#33 /home/user/PhpstormProjects/CryptoTrading/vendor/revolt/event-loop/src/EventLoop/Internal/AbstractDriver.php(430): Revolt\EventLoop\Internal\DriverSuspension::{closure:Revolt\EventLoop\Internal\DriverSuspension::resume():61}()
#34 /home/user/PhpstormProjects/CryptoTrading/vendor/revolt/event-loop/src/EventLoop/Internal/AbstractDriver.php(567): Revolt\EventLoop\Internal\AbstractDriver->invokeMicrotasks()
#35 [internal function]: Revolt\EventLoop\Internal\AbstractDriver->{closure:Revolt\EventLoop\Internal\AbstractDriver::createCallbackFiber():565}()
#36 /home/user/PhpstormProjects/CryptoTrading/vendor/revolt/event-loop/src/EventLoop/Internal/DriverSuspension.php(64): Fiber->resume()
#37 /home/user/PhpstormProjects/CryptoTrading/vendor/revolt/event-loop/src/EventLoop/Internal/AbstractDriver.php(430): Revolt\EventLoop\Internal\DriverSuspension::{closure:Revolt\EventLoop\Internal\DriverSuspension::resume():61}()
#38 /home/user/PhpstormProjects/CryptoTrading/vendor/revolt/event-loop/src/EventLoop/Internal/AbstractDriver.php(567): Revolt\EventLoop\Internal\AbstractDriver->invokeMicrotasks()
#39 [internal function]: Revolt\EventLoop\Internal\AbstractDriver->{closure:Revolt\EventLoop\Internal\AbstractDriver::createCallbackFiber():565}()
#40 /home/user/PhpstormProjects/CryptoTrading/vendor/revolt/event-loop/src/EventLoop/Internal/DriverSuspension.php(64): Fiber->resume()
#41 /home/user/PhpstormProjects/CryptoTrading/vendor/revolt/event-loop/src/EventLoop/Internal/AbstractDriver.php(430): Revolt\EventLoop\Internal\DriverSuspension::{closure:Revolt\EventLoop\Internal\DriverSuspension::resume():61}()
#42 /home/user/PhpstormProjects/CryptoTrading/vendor/revolt/event-loop/src/EventLoop/Internal/AbstractDriver.php(621): Revolt\EventLoop\Internal\AbstractDriver->invokeMicrotasks()
#43 [internal function]: Revolt\EventLoop\Internal\AbstractDriver->{closure:Revolt\EventLoop\Internal\AbstractDriver::createCallbackFiber():565}()
#44 /home/user/PhpstormProjects/CryptoTrading/vendor/revolt/event-loop/src/EventLoop/Internal/DriverSuspension.php(64): Fiber->resume()
#45 /home/user/PhpstormProjects/CryptoTrading/vendor/revolt/event-loop/src/EventLoop/Internal/AbstractDriver.php(430): Revolt\EventLoop\Internal\DriverSuspension::{closure:Revolt\EventLoop\Internal\DriverSuspension::resume():61}()
#46 /home/user/PhpstormProjects/CryptoTrading/vendor/revolt/event-loop/src/EventLoop/Internal/AbstractDriver.php(567): Revolt\EventLoop\Internal\AbstractDriver->invokeMicrotasks()
#47 [internal function]: Revolt\EventLoop\Internal\AbstractDriver->{closure:Revolt\EventLoop\Internal\AbstractDriver::createCallbackFiber():565}()
#48 /home/user/PhpstormProjects/CryptoTrading/vendor/revolt/event-loop/src/EventLoop/Internal/AbstractDriver.php(503): Fiber->start()
#49 /home/user/PhpstormProjects/CryptoTrading/vendor/revolt/event-loop/src/EventLoop/Internal/AbstractDriver.php(558): Revolt\EventLoop\Internal\AbstractDriver->invokeCallbacks()
#50 [internal function]: Revolt\EventLoop\Internal\AbstractDriver->{closure:Revolt\EventLoop\Internal\AbstractDriver::createLoopFiber():538}()
#51 /home/user/PhpstormProjects/CryptoTrading/vendor/revolt/event-loop/src/EventLoop/Internal/AbstractDriver.php(96): Fiber->resume()
#52 /home/user/PhpstormProjects/CryptoTrading/vendor/revolt/event-loop/src/EventLoop/Internal/DriverSuspension.php(117): Revolt\EventLoop\Internal\AbstractDriver->{closure:Revolt\EventLoop\Internal\AbstractDriver::__construct():90}()
#53 /home/user/PhpstormProjects/CryptoTrading/vendor/amphp/amp/src/Future.php(251): Revolt\EventLoop\Internal\DriverSuspension->suspend()
#54 /home/user/PhpstormProjects/CryptoTrading/vendor/danog/madelineproto/src/Ipc/AbstractServer.php(177): Amp\Future->await()
#55 /home/user/PhpstormProjects/CryptoTrading/vendor/danog/madelineproto/src/Ipc/Runner/entry.php(119): danog\MadelineProto\Ipc\AbstractServer::waitShutdown()
#56 /home/user/PhpstormProjects/CryptoTrading/vendor/danog/madelineproto/src/Ipc/Runner/entry.php(154): {closure:/home/user/PhpstormProjects/CryptoTrading/vendor/danog/madelineproto/src/Ipc/Runner/entry.php:35}()
#57 {main}
AbstractServer: 	Got error while trying to send result of waitQrLogin: Amp\Ipc\Sync\ChannelException: The channel was already closed! in /home/user/PhpstormProjects/CryptoTrading/vendor/danog/ipc/lib/Sync/ChannelledSocket.php:39
Stack trace:
#0 /home/user/PhpstormProjects/CryptoTrading/vendor/danog/madelineproto/src/Ipc/AbstractServer.php(275): Amp\Ipc\Sync\ChannelledSocket->send()
#1 /home/user/PhpstormProjects/CryptoTrading/vendor/revolt/event-loop/src/EventLoop/Internal/AbstractDriver.php(430): danog\MadelineProto\Ipc\AbstractServer->clientRequest()
#2 /home/user/PhpstormProjects/CryptoTrading/vendor/revolt/event-loop/src/EventLoop/Internal/AbstractDriver.php(621): Revolt\EventLoop\Internal\AbstractDriver->invokeMicrotasks()
#3 [internal function]: Revolt\EventLoop\Internal\AbstractDriver->{closure:Revolt\EventLoop\Internal\AbstractDriver::createCallbackFiber():565}()
#4 /home/user/PhpstormProjects/CryptoTrading/vendor/revolt/event-loop/src/EventLoop/Internal/DriverSuspension.php(171): Fiber->throw()
#5 /home/user/PhpstormProjects/CryptoTrading/vendor/revolt/event-loop/src/EventLoop/Internal/AbstractDriver.php(430): Revolt\EventLoop\Internal\DriverSuspension::{closure:Revolt\EventLoop\Internal\DriverSuspension::throw():168}()
#6 /home/user/PhpstormProjects/CryptoTrading/vendor/revolt/event-loop/src/EventLoop/Internal/AbstractDriver.php(621): Revolt\EventLoop\Internal\AbstractDriver->invokeMicrotasks()
#7 [internal function]: Revolt\EventLoop\Internal\AbstractDriver->{closure:Revolt\EventLoop\Internal\AbstractDriver::createCallbackFiber():565}()
#8 /home/user/PhpstormProjects/CryptoTrading/vendor/revolt/event-loop/src/EventLoop/Internal/DriverSuspension.php(171): Fiber->throw()
#9 /home/user/PhpstormProjects/CryptoTrading/vendor/revolt/event-loop/src/EventLoop/Internal/AbstractDriver.php(430): Revolt\EventLoop\Internal\DriverSuspension::{closure:Revolt\EventLoop\Internal\DriverSuspension::throw():168}()
#10 /home/user/PhpstormProjects/CryptoTrading/vendor/revolt/event-loop/src/EventLoop/Internal/AbstractDriver.php(621): Revolt\EventLoop\Internal\AbstractDriver->invokeMicrotasks()
#11 [internal function]: Revolt\EventLoop\Internal\AbstractDriver->{closure:Revolt\EventLoop\Internal\AbstractDriver::createCallbackFiber():565}()
#12 /home/user/PhpstormProjects/CryptoTrading/vendor/revolt/event-loop/src/EventLoop/Internal/DriverSuspension.php(171): Fiber->throw()
#13 /home/user/PhpstormProjects/CryptoTrading/vendor/revolt/event-loop/src/EventLoop/Internal/AbstractDriver.php(430): Revolt\EventLoop\Internal\DriverSuspension::{closure:Revolt\EventLoop\Internal\DriverSuspension::throw():168}()
#14 /home/user/PhpstormProjects/CryptoTrading/vendor/revolt/event-loop/src/EventLoop/Internal/AbstractDriver.php(621): Revolt\EventLoop\Internal\AbstractDriver->invokeMicrotasks()
#15 [internal function]: Revolt\EventLoop\Internal\AbstractDriver->{closure:Revolt\EventLoop\Internal\AbstractDriver::createCallbackFiber():565}()
#16 /home/user/PhpstormProjects/CryptoTrading/vendor/revolt/event-loop/src/EventLoop/Internal/DriverSuspension.php(171): Fiber->throw()
#17 /home/user/PhpstormProjects/CryptoTrading/vendor/revolt/event-loop/src/EventLoop/Internal/AbstractDriver.php(430): Revolt\EventLoop\Internal\DriverSuspension::{closure:Revolt\EventLoop\Internal\DriverSuspension::throw():168}()
#18 /home/user/PhpstormProjects/CryptoTrading/vendor/revolt/event-loop/src/EventLoop/Internal/AbstractDriver.php(621): Revolt\EventLoop\Internal\AbstractDriver->invokeMicrotasks()
#19 [internal function]: Revolt\EventLoop\Internal\AbstractDriver->{closure:Revolt\EventLoop\Internal\AbstractDriver::createCallbackFiber():565}()
#20 /home/user/PhpstormProjects/CryptoTrading/vendor/revolt/event-loop/src/EventLoop/Internal/DriverSuspension.php(171): Fiber->throw()
#21 /home/user/PhpstormProjects/CryptoTrading/vendor/revolt/event-loop/src/EventLoop/Internal/AbstractDriver.php(430): Revolt\EventLoop\Internal\DriverSuspension::{closure:Revolt\EventLoop\Internal\DriverSuspension::throw():168}()
#22 /home/user/PhpstormProjects/CryptoTrading/vendor/revolt/event-loop/src/EventLoop/Internal/AbstractDriver.php(621): Revolt\EventLoop\Internal\AbstractDriver->invokeMicrotasks()
#23 [internal function]: Revolt\EventLoop\Internal\AbstractDriver->{closure:Revolt\EventLoop\Internal\AbstractDriver::createCallbackFiber():565}()
#24 /home/user/PhpstormProjects/CryptoTrading/vendor/revolt/event-loop/src/EventLoop/Internal/DriverSuspension.php(171): Fiber->throw()
#25 /home/user/PhpstormProjects/CryptoTrading/vendor/revolt/event-loop/src/EventLoop/Internal/AbstractDriver.php(430): Revolt\EventLoop\Internal\DriverSuspension::{closure:Revolt\EventLoop\Internal\DriverSuspension::throw():168}()
#26 /home/user/PhpstormProjects/CryptoTrading/vendor/revolt/event-loop/src/EventLoop/Internal/AbstractDriver.php(621): Revolt\EventLoop\Internal\AbstractDriver->invokeMicrotasks()
#27 [internal function]: Revolt\EventLoop\Internal\AbstractDriver->{closure:Revolt\EventLoop\Internal\AbstractDriver::createCallbackFiber():565}()
#28 /home/user/PhpstormProjects/CryptoTrading/vendor/revolt/event-loop/src/EventLoop/Internal/DriverSuspension.php(171): Fiber->throw()
#29 /home/user/PhpstormProjects/CryptoTrading/vendor/revolt/event-loop/src/EventLoop/Internal/AbstractDriver.php(430): Revolt\EventLoop\Internal\DriverSuspension::{closure:Revolt\EventLoop\Internal\DriverSuspension::throw():168}()
#30 /home/user/PhpstormProjects/CryptoTrading/vendor/revolt/event-loop/src/EventLoop/Internal/AbstractDriver.php(567): Revolt\EventLoop\Internal\AbstractDriver->invokeMicrotasks()
#31 [internal function]: Revolt\EventLoop\Internal\AbstractDriver->{closure:Revolt\EventLoop\Internal\AbstractDriver::createCallbackFiber():565}()
#32 /home/user/PhpstormProjects/CryptoTrading/vendor/revolt/event-loop/src/EventLoop/Internal/DriverSuspension.php(64): Fiber->resume()
#33 /home/user/PhpstormProjects/CryptoTrading/vendor/revolt/event-loop/src/EventLoop/Internal/AbstractDriver.php(430): Revolt\EventLoop\Internal\DriverSuspension::{closure:Revolt\EventLoop\Internal\DriverSuspension::resume():61}()
#34 /home/user/PhpstormProjects/CryptoTrading/vendor/revolt/event-loop/src/EventLoop/Internal/AbstractDriver.php(567): Revolt\EventLoop\Internal\AbstractDriver->invokeMicrotasks()
#35 [internal function]: Revolt\EventLoop\Internal\AbstractDriver->{closure:Revolt\EventLoop\Internal\AbstractDriver::createCallbackFiber():565}()
#36 /home/user/PhpstormProjects/CryptoTrading/vendor/revolt/event-loop/src/EventLoop/Internal/DriverSuspension.php(64): Fiber->resume()
#37 /home/user/PhpstormProjects/CryptoTrading/vendor/revolt/event-loop/src/EventLoop/Internal/AbstractDriver.php(430): Revolt\EventLoop\Internal\DriverSuspension::{closure:Revolt\EventLoop\Internal\DriverSuspension::resume():61}()
#38 /home/user/PhpstormProjects/CryptoTrading/vendor/revolt/event-loop/src/EventLoop/Internal/AbstractDriver.php(567): Revolt\EventLoop\Internal\AbstractDriver->invokeMicrotasks()
#39 [internal function]: Revolt\EventLoop\Internal\AbstractDriver->{closure:Revolt\EventLoop\Internal\AbstractDriver::createCallbackFiber():565}()
#40 /home/user/PhpstormProjects/CryptoTrading/vendor/revolt/event-loop/src/EventLoop/Internal/DriverSuspension.php(64): Fiber->resume()
#41 /home/user/PhpstormProjects/CryptoTrading/vendor/revolt/event-loop/src/EventLoop/Internal/AbstractDriver.php(430): Revolt\EventLoop\Internal\DriverSuspension::{closure:Revolt\EventLoop\Internal\DriverSuspension::resume():61}()
#42 /home/user/PhpstormProjects/CryptoTrading/vendor/revolt/event-loop/src/EventLoop/Internal/AbstractDriver.php(567): Revolt\EventLoop\Internal\AbstractDriver->invokeMicrotasks()
#43 [internal function]: Revolt\EventLoop\Internal\AbstractDriver->{closure:Revolt\EventLoop\Internal\AbstractDriver::createCallbackFiber():565}()
#44 /home/user/PhpstormProjects/CryptoTrading/vendor/revolt/event-loop/src/EventLoop/Internal/DriverSuspension.php(64): Fiber->resume()
#45 /home/user/PhpstormProjects/CryptoTrading/vendor/revolt/event-loop/src/EventLoop/Internal/AbstractDriver.php(430): Revolt\EventLoop\Internal\DriverSuspension::{closure:Revolt\EventLoop\Internal\DriverSuspension::resume():61}()
#46 /home/user/PhpstormProjects/CryptoTrading/vendor/revolt/event-loop/src/EventLoop/Internal/AbstractDriver.php(621): Revolt\EventLoop\Internal\AbstractDriver->invokeMicrotasks()
#47 [internal function]: Revolt\EventLoop\Internal\AbstractDriver->{closure:Revolt\EventLoop\Internal\AbstractDriver::createCallbackFiber():565}()
#48 /home/user/PhpstormProjects/CryptoTrading/vendor/revolt/event-loop/src/EventLoop/Internal/DriverSuspension.php(64): Fiber->resume()
#49 /home/user/PhpstormProjects/CryptoTrading/vendor/revolt/event-loop/src/EventLoop/Internal/AbstractDriver.php(430): Revolt\EventLoop\Internal\DriverSuspension::{closure:Revolt\EventLoop\Internal\DriverSuspension::resume():61}()
#50 /home/user/PhpstormProjects/CryptoTrading/vendor/revolt/event-loop/src/EventLoop/Internal/AbstractDriver.php(567): Revolt\EventLoop\Internal\AbstractDriver->invokeMicrotasks()
#51 [internal function]: Revolt\EventLoop\Internal\AbstractDriver->{closure:Revolt\EventLoop\Internal\AbstractDriver::createCallbackFiber():565}()
#52 /home/user/PhpstormProjects/CryptoTrading/vendor/revolt/event-loop/src/EventLoop/Internal/AbstractDriver.php(503): Fiber->start()
#53 /home/user/PhpstormProjects/CryptoTrading/vendor/revolt/event-loop/src/EventLoop/Internal/AbstractDriver.php(558): Revolt\EventLoop\Internal\AbstractDriver->invokeCallbacks()
#54 [internal function]: Revolt\EventLoop\Internal\AbstractDriver->{closure:Revolt\EventLoop\Internal\AbstractDriver::createLoopFiber():538}()
#55 /home/user/PhpstormProjects/CryptoTrading/vendor/revolt/event-loop/src/EventLoop/Internal/AbstractDriver.php(96): Fiber->resume()
#56 /home/user/PhpstormProjects/CryptoTrading/vendor/revolt/event-loop/src/EventLoop/Internal/DriverSuspension.php(117): Revolt\EventLoop\Internal\AbstractDriver->{closure:Revolt\EventLoop\Internal\AbstractDriver::__construct():90}()
#57 /home/user/PhpstormProjects/CryptoTrading/vendor/amphp/amp/src/Future.php(251): Revolt\EventLoop\Internal\DriverSuspension->suspend()
#58 /home/user/PhpstormProjects/CryptoTrading/vendor/danog/madelineproto/src/Ipc/AbstractServer.php(177): Amp\Future->await()
#59 /home/user/PhpstormProjects/CryptoTrading/vendor/danog/madelineproto/src/Ipc/Runner/entry.php(119): danog\MadelineProto\Ipc\AbstractServer::waitShutdown()
#60 /home/user/PhpstormProjects/CryptoTrading/vendor/danog/madelineproto/src/Ipc/Runner/entry.php(154): {closure:/home/user/PhpstormProjects/CryptoTrading/vendor/danog/madelineproto/src/Ipc/Runner/entry.php:35}()
#61 {main}
AbstractServer: 	Got error while trying to send error of error of waitQrLogin: Amp\Ipc\Sync\ChannelException: The channel was already closed! in /home/user/PhpstormProjects/CryptoTrading/vendor/danog/ipc/lib/Sync/ChannelledSocket.php:39
Stack trace:
#0 /home/user/PhpstormProjects/CryptoTrading/vendor/danog/madelineproto/src/Ipc/AbstractServer.php(279): Amp\Ipc\Sync\ChannelledSocket->send()
#1 /home/user/PhpstormProjects/CryptoTrading/vendor/revolt/event-loop/src/EventLoop/Internal/AbstractDriver.php(430): danog\MadelineProto\Ipc\AbstractServer->clientRequest()
#2 /home/user/PhpstormProjects/CryptoTrading/vendor/revolt/event-loop/src/EventLoop/Internal/AbstractDriver.php(621): Revolt\EventLoop\Internal\AbstractDriver->invokeMicrotasks()
#3 [internal function]: Revolt\EventLoop\Internal\AbstractDriver->{closure:Revolt\EventLoop\Internal\AbstractDriver::createCallbackFiber():565}()
#4 /home/user/PhpstormProjects/CryptoTrading/vendor/revolt/event-loop/src/EventLoop/Internal/DriverSuspension.php(171): Fiber->throw()
#5 /home/user/PhpstormProjects/CryptoTrading/vendor/revolt/event-loop/src/EventLoop/Internal/AbstractDriver.php(430): Revolt\EventLoop\Internal\DriverSuspension::{closure:Revolt\EventLoop\Internal\DriverSuspension::throw():168}()
#6 /home/user/PhpstormProjects/CryptoTrading/vendor/revolt/event-loop/src/EventLoop/Internal/AbstractDriver.php(621): Revolt\EventLoop\Internal\AbstractDriver->invokeMicrotasks()
#7 [internal function]: Revolt\EventLoop\Internal\AbstractDriver->{closure:Revolt\EventLoop\Internal\AbstractDriver::createCallbackFiber():565}()
#8 /home/user/PhpstormProjects/CryptoTrading/vendor/revolt/event-loop/src/EventLoop/Internal/DriverSuspension.php(171): Fiber->throw()
#9 /home/user/PhpstormProjects/CryptoTrading/vendor/revolt/event-loop/src/EventLoop/Internal/AbstractDriver.php(430): Revolt\EventLoop\Internal\DriverSuspension::{closure:Revolt\EventLoop\Internal\DriverSuspension::throw():168}()
#10 /home/user/PhpstormProjects/CryptoTrading/vendor/revolt/event-loop/src/EventLoop/Internal/AbstractDriver.php(621): Revolt\EventLoop\Internal\AbstractDriver->invokeMicrotasks()
#11 [internal function]: Revolt\EventLoop\Internal\AbstractDriver->{closure:Revolt\EventLoop\Internal\AbstractDriver::createCallbackFiber():565}()
#12 /home/user/PhpstormProjects/CryptoTrading/vendor/revolt/event-loop/src/EventLoop/Internal/DriverSuspension.php(171): Fiber->throw()
#13 /home/user/PhpstormProjects/CryptoTrading/vendor/revolt/event-loop/src/EventLoop/Internal/AbstractDriver.php(430): Revolt\EventLoop\Internal\DriverSuspension::{closure:Revolt\EventLoop\Internal\DriverSuspension::throw():168}()
#14 /home/user/PhpstormProjects/CryptoTrading/vendor/revolt/event-loop/src/EventLoop/Internal/AbstractDriver.php(621): Revolt\EventLoop\Internal\AbstractDriver->invokeMicrotasks()
#15 [internal function]: Revolt\EventLoop\Internal\AbstractDriver->{closure:Revolt\EventLoop\Internal\AbstractDriver::createCallbackFiber():565}()
#16 /home/user/PhpstormProjects/CryptoTrading/vendor/revolt/event-loop/src/EventLoop/Internal/DriverSuspension.php(171): Fiber->throw()
#17 /home/user/PhpstormProjects/CryptoTrading/vendor/revolt/event-loop/src/EventLoop/Internal/AbstractDriver.php(430): Revolt\EventLoop\Internal\DriverSuspension::{closure:Revolt\EventLoop\Internal\DriverSuspension::throw():168}()
#18 /home/user/PhpstormProjects/CryptoTrading/vendor/revolt/event-loop/src/EventLoop/Internal/AbstractDriver.php(621): Revolt\EventLoop\Internal\AbstractDriver->invokeMicrotasks()
#19 [internal function]: Revolt\EventLoop\Internal\AbstractDriver->{closure:Revolt\EventLoop\Internal\AbstractDriver::createCallbackFiber():565}()
#20 /home/user/PhpstormProjects/CryptoTrading/vendor/revolt/event-loop/src/EventLoop/Internal/DriverSuspension.php(171): Fiber->throw()
#21 /home/user/PhpstormProjects/CryptoTrading/vendor/revolt/event-loop/src/EventLoop/Internal/AbstractDriver.php(430): Revolt\EventLoop\Internal\DriverSuspension::{closure:Revolt\EventLoop\Internal\DriverSuspension::throw():168}()
#22 /home/user/PhpstormProjects/CryptoTrading/vendor/revolt/event-loop/src/EventLoop/Internal/AbstractDriver.php(621): Revolt\EventLoop\Internal\AbstractDriver->invokeMicrotasks()
#23 [internal function]: Revolt\EventLoop\Internal\AbstractDriver->{closure:Revolt\EventLoop\Internal\AbstractDriver::createCallbackFiber():565}()
#24 /home/user/PhpstormProjects/CryptoTrading/vendor/revolt/event-loop/src/EventLoop/Internal/DriverSuspension.php(171): Fiber->throw()
#25 /home/user/PhpstormProjects/CryptoTrading/vendor/revolt/event-loop/src/EventLoop/Internal/AbstractDriver.php(430): Revolt\EventLoop\Internal\DriverSuspension::{closure:Revolt\EventLoop\Internal\DriverSuspension::throw():168}()
#26 /home/user/PhpstormProjects/CryptoTrading/vendor/revolt/event-loop/src/EventLoop/Internal/AbstractDriver.php(621): Revolt\EventLoop\Internal\AbstractDriver->invokeMicrotasks()
#27 [internal function]: Revolt\EventLoop\Internal\AbstractDriver->{closure:Revolt\EventLoop\Internal\AbstractDriver::createCallbackFiber():565}()
#28 /home/user/PhpstormProjects/CryptoTrading/vendor/revolt/event-loop/src/EventLoop/Internal/DriverSuspension.php(171): Fiber->throw()
#29 /home/user/PhpstormProjects/CryptoTrading/vendor/revolt/event-loop/src/EventLoop/Internal/AbstractDriver.php(430): Revolt\EventLoop\Internal\DriverSuspension::{closure:Revolt\EventLoop\Internal\DriverSuspension::throw():168}()
#30 /home/user/PhpstormProjects/CryptoTrading/vendor/revolt/event-loop/src/EventLoop/Internal/AbstractDriver.php(567): Revolt\EventLoop\Internal\AbstractDriver->invokeMicrotasks()
#31 [internal function]: Revolt\EventLoop\Internal\AbstractDriver->{closure:Revolt\EventLoop\Internal\AbstractDriver::createCallbackFiber():565}()
#32 /home/user/PhpstormProjects/CryptoTrading/vendor/revolt/event-loop/src/EventLoop/Internal/DriverSuspension.php(64): Fiber->resume()
#33 /home/user/PhpstormProjects/CryptoTrading/vendor/revolt/event-loop/src/EventLoop/Internal/AbstractDriver.php(430): Revolt\EventLoop\Internal\DriverSuspension::{closure:Revolt\EventLoop\Internal\DriverSuspension::resume():61}()
#34 /home/user/PhpstormProjects/CryptoTrading/vendor/revolt/event-loop/src/EventLoop/Internal/AbstractDriver.php(567): Revolt\EventLoop\Internal\AbstractDriver->invokeMicrotasks()
#35 [internal function]: Revolt\EventLoop\Internal\AbstractDriver->{closure:Revolt\EventLoop\Internal\AbstractDriver::createCallbackFiber():565}()
#36 /home/user/PhpstormProjects/CryptoTrading/vendor/revolt/event-loop/src/EventLoop/Internal/DriverSuspension.php(64): Fiber->resume()
#37 /home/user/PhpstormProjects/CryptoTrading/vendor/revolt/event-loop/src/EventLoop/Internal/AbstractDriver.php(430): Revolt\EventLoop\Internal\DriverSuspension::{closure:Revolt\EventLoop\Internal\DriverSuspension::resume():61}()
#38 /home/user/PhpstormProjects/CryptoTrading/vendor/revolt/event-loop/src/EventLoop/Internal/AbstractDriver.php(567): Revolt\EventLoop\Internal\AbstractDriver->invokeMicrotasks()
#39 [internal function]: Revolt\EventLoop\Internal\AbstractDriver->{closure:Revolt\EventLoop\Internal\AbstractDriver::createCallbackFiber():565}()
#40 /home/user/PhpstormProjects/CryptoTrading/vendor/revolt/event-loop/src/EventLoop/Internal/DriverSuspension.php(64): Fiber->resume()
#41 /home/user/PhpstormProjects/CryptoTrading/vendor/revolt/event-loop/src/EventLoop/Internal/AbstractDriver.php(430): Revolt\EventLoop\Internal\DriverSuspension::{closure:Revolt\EventLoop\Internal\DriverSuspension::resume():61}()
#42 /home/user/PhpstormProjects/CryptoTrading/vendor/revolt/event-loop/src/EventLoop/Internal/AbstractDriver.php(567): Revolt\EventLoop\Internal\AbstractDriver->invokeMicrotasks()
#43 [internal function]: Revolt\EventLoop\Internal\AbstractDriver->{closure:Revolt\EventLoop\Internal\AbstractDriver::createCallbackFiber():565}()
#44 /home/user/PhpstormProjects/CryptoTrading/vendor/revolt/event-loop/src/EventLoop/Internal/DriverSuspension.php(64): Fiber->resume()
#45 /home/user/PhpstormProjects/CryptoTrading/vendor/revolt/event-loop/src/EventLoop/Internal/AbstractDriver.php(430): Revolt\EventLoop\Internal\DriverSuspension::{closure:Revolt\EventLoop\Internal\DriverSuspension::resume():61}()
#46 /home/user/PhpstormProjects/CryptoTrading/vendor/revolt/event-loop/src/EventLoop/Internal/AbstractDriver.php(621): Revolt\EventLoop\Internal\AbstractDriver->invokeMicrotasks()
#47 [internal function]: Revolt\EventLoop\Internal\AbstractDriver->{closure:Revolt\EventLoop\Internal\AbstractDriver::createCallbackFiber():565}()
#48 /home/user/PhpstormProjects/CryptoTrading/vendor/revolt/event-loop/src/EventLoop/Internal/DriverSuspension.php(64): Fiber->resume()
#49 /home/user/PhpstormProjects/CryptoTrading/vendor/revolt/event-loop/src/EventLoop/Internal/AbstractDriver.php(430): Revolt\EventLoop\Internal\DriverSuspension::{closure:Revolt\EventLoop\Internal\DriverSuspension::resume():61}()
#50 /home/user/PhpstormProjects/CryptoTrading/vendor/revolt/event-loop/src/EventLoop/Internal/AbstractDriver.php(567): Revolt\EventLoop\Internal\AbstractDriver->invokeMicrotasks()
#51 [internal function]: Revolt\EventLoop\Internal\AbstractDriver->{closure:Revolt\EventLoop\Internal\AbstractDriver::createCallbackFiber():565}()
#52 /home/user/PhpstormProjects/CryptoTrading/vendor/revolt/event-loop/src/EventLoop/Internal/AbstractDriver.php(503): Fiber->start()
#53 /home/user/PhpstormProjects/CryptoTrading/vendor/revolt/event-loop/src/EventLoop/Internal/AbstractDriver.php(558): Revolt\EventLoop\Internal\AbstractDriver->invokeCallbacks()
#54 [internal function]: Revolt\EventLoop\Internal\AbstractDriver->{closure:Revolt\EventLoop\Internal\AbstractDriver::createLoopFiber():538}()
#55 /home/user/PhpstormProjects/CryptoTrading/vendor/revolt/event-loop/src/EventLoop/Internal/AbstractDriver.php(96): Fiber->resume()
#56 /home/user/PhpstormProjects/CryptoTrading/vendor/revolt/event-loop/src/EventLoop/Internal/DriverSuspension.php(117): Revolt\EventLoop\Internal\AbstractDriver->{closure:Revolt\EventLoop\Internal\AbstractDriver::__construct():90}()
#57 /home/user/PhpstormProjects/CryptoTrading/vendor/amphp/amp/src/Future.php(251): Revolt\EventLoop\Internal\DriverSuspension->suspend()
#58 /home/user/PhpstormProjects/CryptoTrading/vendor/danog/madelineproto/src/Ipc/AbstractServer.php(177): Amp\Future->await()
#59 /home/user/PhpstormProjects/CryptoTrading/vendor/danog/madelineproto/src/Ipc/Runner/entry.php(119): danog\MadelineProto\Ipc\AbstractServer::waitShutdown()
#60 /home/user/PhpstormProjects/CryptoTrading/vendor/danog/madelineproto/src/Ipc/Runner/entry.php(154): {closure:/home/user/PhpstormProjects/CryptoTrading/vendor/danog/madelineproto/src/Ipc/Runner/entry.php:35}()
#61 {main}
AbstractServer: 	Got error while trying to send result of waitQrLogin: Amp\Ipc\Sync\ChannelException: The channel was already closed! in /home/user/PhpstormProjects/CryptoTrading/vendor/danog/ipc/lib/Sync/ChannelledSocket.php:39
Stack trace:
#0 /home/user/PhpstormProjects/CryptoTrading/vendor/danog/madelineproto/src/Ipc/AbstractServer.php(275): Amp\Ipc\Sync\ChannelledSocket->send()
#1 /home/user/PhpstormProjects/CryptoTrading/vendor/revolt/event-loop/src/EventLoop/Internal/AbstractDriver.php(430): danog\MadelineProto\Ipc\AbstractServer->clientRequest()
#2 /home/user/PhpstormProjects/CryptoTrading/vendor/revolt/event-loop/src/EventLoop/Internal/AbstractDriver.php(621): Revolt\EventLoop\Internal\AbstractDriver->invokeMicrotasks()
#3 [internal function]: Revolt\EventLoop\Internal\AbstractDriver->{closure:Revolt\EventLoop\Internal\AbstractDriver::createCallbackFiber():565}()
#4 /home/user/PhpstormProjects/CryptoTrading/vendor/revolt/event-loop/src/EventLoop/Internal/DriverSuspension.php(171): Fiber->throw()
#5 /home/user/PhpstormProjects/CryptoTrading/vendor/revolt/event-loop/src/EventLoop/Internal/AbstractDriver.php(430): Revolt\EventLoop\Internal\DriverSuspension::{closure:Revolt\EventLoop\Internal\DriverSuspension::throw():168}()
#6 /home/user/PhpstormProjects/CryptoTrading/vendor/revolt/event-loop/src/EventLoop/Internal/AbstractDriver.php(621): Revolt\EventLoop\Internal\AbstractDriver->invokeMicrotasks()
#7 [internal function]: Revolt\EventLoop\Internal\AbstractDriver->{closure:Revolt\EventLoop\Internal\AbstractDriver::createCallbackFiber():565}()
#8 /home/user/PhpstormProjects/CryptoTrading/vendor/revolt/event-loop/src/EventLoop/Internal/DriverSuspension.php(171): Fiber->throw()
#9 /home/user/PhpstormProjects/CryptoTrading/vendor/revolt/event-loop/src/EventLoop/Internal/AbstractDriver.php(430): Revolt\EventLoop\Internal\DriverSuspension::{closure:Revolt\EventLoop\Internal\DriverSuspension::throw():168}()
#10 /home/user/PhpstormProjects/CryptoTrading/vendor/revolt/event-loop/src/EventLoop/Internal/AbstractDriver.php(621): Revolt\EventLoop\Internal\AbstractDriver->invokeMicrotasks()
#11 [internal function]: Revolt\EventLoop\Internal\AbstractDriver->{closure:Revolt\EventLoop\Internal\AbstractDriver::createCallbackFiber():565}()
#12 /home/user/PhpstormProjects/CryptoTrading/vendor/revolt/event-loop/src/EventLoop/Internal/DriverSuspension.php(171): Fiber->throw()
#13 /home/user/PhpstormProjects/CryptoTrading/vendor/revolt/event-loop/src/EventLoop/Internal/AbstractDriver.php(430): Revolt\EventLoop\Internal\DriverSuspension::{closure:Revolt\EventLoop\Internal\DriverSuspension::throw():168}()
#14 /home/user/PhpstormProjects/CryptoTrading/vendor/revolt/event-loop/src/EventLoop/Internal/AbstractDriver.php(621): Revolt\EventLoop\Internal\AbstractDriver->invokeMicrotasks()
#15 [internal function]: Revolt\EventLoop\Internal\AbstractDriver->{closure:Revolt\EventLoop\Internal\AbstractDriver::createCallbackFiber():565}()
#16 /home/user/PhpstormProjects/CryptoTrading/vendor/revolt/event-loop/src/EventLoop/Internal/DriverSuspension.php(171): Fiber->throw()
#17 /home/user/PhpstormProjects/CryptoTrading/vendor/revolt/event-loop/src/EventLoop/Internal/AbstractDriver.php(430): Revolt\EventLoop\Internal\DriverSuspension::{closure:Revolt\EventLoop\Internal\DriverSuspension::throw():168}()
#18 /home/user/PhpstormProjects/CryptoTrading/vendor/revolt/event-loop/src/EventLoop/Internal/AbstractDriver.php(621): Revolt\EventLoop\Internal\AbstractDriver->invokeMicrotasks()
#19 [internal function]: Revolt\EventLoop\Internal\AbstractDriver->{closure:Revolt\EventLoop\Internal\AbstractDriver::createCallbackFiber():565}()
#20 /home/user/PhpstormProjects/CryptoTrading/vendor/revolt/event-loop/src/EventLoop/Internal/DriverSuspension.php(171): Fiber->throw()
#21 /home/user/PhpstormProjects/CryptoTrading/vendor/revolt/event-loop/src/EventLoop/Internal/AbstractDriver.php(430): Revolt\EventLoop\Internal\DriverSuspension::{closure:Revolt\EventLoop\Internal\DriverSuspension::throw():168}()
#22 /home/user/PhpstormProjects/CryptoTrading/vendor/revolt/event-loop/src/EventLoop/Internal/AbstractDriver.php(621): Revolt\EventLoop\Internal\AbstractDriver->invokeMicrotasks()
#23 [internal function]: Revolt\EventLoop\Internal\AbstractDriver->{closure:Revolt\EventLoop\Internal\AbstractDriver::createCallbackFiber():565}()
#24 /home/user/PhpstormProjects/CryptoTrading/vendor/revolt/event-loop/src/EventLoop/Internal/DriverSuspension.php(171): Fiber->throw()
#25 /home/user/PhpstormProjects/CryptoTrading/vendor/revolt/event-loop/src/EventLoop/Internal/AbstractDriver.php(430): Revolt\EventLoop\Internal\DriverSuspension::{closure:Revolt\EventLoop\Internal\DriverSuspension::throw():168}()
#26 /home/user/PhpstormProjects/CryptoTrading/vendor/revolt/event-loop/src/EventLoop/Internal/AbstractDriver.php(621): Revolt\EventLoop\Internal\AbstractDriver->invokeMicrotasks()
#27 [internal function]: Revolt\EventLoop\Internal\AbstractDriver->{closure:Revolt\EventLoop\Internal\AbstractDriver::createCallbackFiber():565}()
#28 /home/user/PhpstormProjects/CryptoTrading/vendor/revolt/event-loop/src/EventLoop/Internal/DriverSuspension.php(171): Fiber->throw()
#29 /home/user/PhpstormProjects/CryptoTrading/vendor/revolt/event-loop/src/EventLoop/Internal/AbstractDriver.php(430): Revolt\EventLoop\Internal\DriverSuspension::{closure:Revolt\EventLoop\Internal\DriverSuspension::throw():168}()
#30 /home/user/PhpstormProjects/CryptoTrading/vendor/revolt/event-loop/src/EventLoop/Internal/AbstractDriver.php(621): Revolt\EventLoop\Internal\AbstractDriver->invokeMicrotasks()
#31 [internal function]: Revolt\EventLoop\Internal\AbstractDriver->{closure:Revolt\EventLoop\Internal\AbstractDriver::createCallbackFiber():565}()
#32 /home/user/PhpstormProjects/CryptoTrading/vendor/revolt/event-loop/src/EventLoop/Internal/DriverSuspension.php(171): Fiber->throw()
#33 /home/user/PhpstormProjects/CryptoTrading/vendor/revolt/event-loop/src/EventLoop/Internal/AbstractDriver.php(430): Revolt\EventLoop\Internal\DriverSuspension::{closure:Revolt\EventLoop\Internal\DriverSuspension::throw():168}()
#34 /home/user/PhpstormProjects/CryptoTrading/vendor/revolt/event-loop/src/EventLoop/Internal/AbstractDriver.php(567): Revolt\EventLoop\Internal\AbstractDriver->invokeMicrotasks()
#35 [internal function]: Revolt\EventLoop\Internal\AbstractDriver->{closure:Revolt\EventLoop\Internal\AbstractDriver::createCallbackFiber():565}()
#36 /home/user/PhpstormProjects/CryptoTrading/vendor/revolt/event-loop/src/EventLoop/Internal/DriverSuspension.php(64): Fiber->resume()
#37 /home/user/PhpstormProjects/CryptoTrading/vendor/revolt/event-loop/src/EventLoop/Internal/AbstractDriver.php(430): Revolt\EventLoop\Internal\DriverSuspension::{closure:Revolt\EventLoop\Internal\DriverSuspension::resume():61}()
#38 /home/user/PhpstormProjects/CryptoTrading/vendor/revolt/event-loop/src/EventLoop/Internal/AbstractDriver.php(567): Revolt\EventLoop\Internal\AbstractDriver->invokeMicrotasks()
#39 [internal function]: Revolt\EventLoop\Internal\AbstractDriver->{closure:Revolt\EventLoop\Internal\AbstractDriver::createCallbackFiber():565}()
#40 /home/user/PhpstormProjects/CryptoTrading/vendor/revolt/event-loop/src/EventLoop/Internal/DriverSuspension.php(64): Fiber->resume()
#41 /home/user/PhpstormProjects/CryptoTrading/vendor/revolt/event-loop/src/EventLoop/Internal/AbstractDriver.php(430): Revolt\EventLoop\Internal\DriverSuspension::{closure:Revolt\EventLoop\Internal\DriverSuspension::resume():61}()
#42 /home/user/PhpstormProjects/CryptoTrading/vendor/revolt/event-loop/src/EventLoop/Internal/AbstractDriver.php(567): Revolt\EventLoop\Internal\AbstractDriver->invokeMicrotasks()
#43 [internal function]: Revolt\EventLoop\Internal\AbstractDriver->{closure:Revolt\EventLoop\Internal\AbstractDriver::createCallbackFiber():565}()
#44 /home/user/PhpstormProjects/CryptoTrading/vendor/revolt/event-loop/src/EventLoop/Internal/DriverSuspension.php(64): Fiber->resume()
#45 /home/user/PhpstormProjects/CryptoTrading/vendor/revolt/event-loop/src/EventLoop/Internal/AbstractDriver.php(430): Revolt\EventLoop\Internal\DriverSuspension::{closure:Revolt\EventLoop\Internal\DriverSuspension::resume():61}()
#46 /home/user/PhpstormProjects/CryptoTrading/vendor/revolt/event-loop/src/EventLoop/Internal/AbstractDriver.php(567): Revolt\EventLoop\Internal\AbstractDriver->invokeMicrotasks()
#47 [internal function]: Revolt\EventLoop\Internal\AbstractDriver->{closure:Revolt\EventLoop\Internal\AbstractDriver::createCallbackFiber():565}()
#48 /home/user/PhpstormProjects/CryptoTrading/vendor/revolt/event-loop/src/EventLoop/Internal/DriverSuspension.php(64): Fiber->resume()
#49 /home/user/PhpstormProjects/CryptoTrading/vendor/revolt/event-loop/src/EventLoop/Internal/AbstractDriver.php(430): Revolt\EventLoop\Internal\DriverSuspension::{closure:Revolt\EventLoop\Internal\DriverSuspension::resume():61}()
#50 /home/user/PhpstormProjects/CryptoTrading/vendor/revolt/event-loop/src/EventLoop/Internal/AbstractDriver.php(621): Revolt\EventLoop\Internal\AbstractDriver->invokeMicrotasks()
#51 [internal function]: Revolt\EventLoop\Internal\AbstractDriver->{closure:Revolt\EventLoop\Internal\AbstractDriver::createCallbackFiber():565}()
#52 /home/user/PhpstormProjects/CryptoTrading/vendor/revolt/event-loop/src/EventLoop/Internal/DriverSuspension.php(64): Fiber->resume()
#53 /home/user/PhpstormProjects/CryptoTrading/vendor/revolt/event-loop/src/EventLoop/Internal/AbstractDriver.php(430): Revolt\EventLoop\Internal\DriverSuspension::{closure:Revolt\EventLoop\Internal\DriverSuspension::resume():61}()
#54 /home/user/PhpstormProjects/CryptoTrading/vendor/revolt/event-loop/src/EventLoop/Internal/AbstractDriver.php(567): Revolt\EventLoop\Internal\AbstractDriver->invokeMicrotasks()
#55 [internal function]: Revolt\EventLoop\Internal\AbstractDriver->{closure:Revolt\EventLoop\Internal\AbstractDriver::createCallbackFiber():565}()
#56 /home/user/PhpstormProjects/CryptoTrading/vendor/revolt/event-loop/src/EventLoop/Internal/AbstractDriver.php(503): Fiber->start()
#57 /home/user/PhpstormProjects/CryptoTrading/vendor/revolt/event-loop/src/EventLoop/Internal/AbstractDriver.php(558): Revolt\EventLoop\Internal\AbstractDriver->invokeCallbacks()
#58 [internal function]: Revolt\EventLoop\Internal\AbstractDriver->{closure:Revolt\EventLoop\Internal\AbstractDriver::createLoopFiber():538}()
#59 /home/user/PhpstormProjects/CryptoTrading/vendor/revolt/event-loop/src/EventLoop/Internal/AbstractDriver.php(96): Fiber->resume()
#60 /home/user/PhpstormProjects/CryptoTrading/vendor/revolt/event-loop/src/EventLoop/Internal/DriverSuspension.php(117): Revolt\EventLoop\Internal\AbstractDriver->{closure:Revolt\EventLoop\Internal\AbstractDriver::__construct():90}()
#61 /home/user/PhpstormProjects/CryptoTrading/vendor/amphp/amp/src/Future.php(251): Revolt\EventLoop\Internal\DriverSuspension->suspend()
#62 /home/user/PhpstormProjects/CryptoTrading/vendor/danog/madelineproto/src/Ipc/AbstractServer.php(177): Amp\Future->await()
#63 /home/user/PhpstormProjects/CryptoTrading/vendor/danog/madelineproto/src/Ipc/Runner/entry.php(119): danog\MadelineProto\Ipc\AbstractServer::waitShutdown()
#64 /home/user/PhpstormProjects/CryptoTrading/vendor/danog/madelineproto/src/Ipc/Runner/entry.php(154): {closure:/home/user/PhpstormProjects/CryptoTrading/vendor/danog/madelineproto/src/Ipc/Runner/entry.php:35}()
#65 {main}
AbstractServer: 	Got error while trying to send error of error of waitQrLogin: Amp\Ipc\Sync\ChannelException: The channel was already closed! in /home/user/PhpstormProjects/CryptoTrading/vendor/danog/ipc/lib/Sync/ChannelledSocket.php:39
Stack trace:
#0 /home/user/PhpstormProjects/CryptoTrading/vendor/danog/madelineproto/src/Ipc/AbstractServer.php(279): Amp\Ipc\Sync\ChannelledSocket->send()
#1 /home/user/PhpstormProjects/CryptoTrading/vendor/revolt/event-loop/src/EventLoop/Internal/AbstractDriver.php(430): danog\MadelineProto\Ipc\AbstractServer->clientRequest()
#2 /home/user/PhpstormProjects/CryptoTrading/vendor/revolt/event-loop/src/EventLoop/Internal/AbstractDriver.php(621): Revolt\EventLoop\Internal\AbstractDriver->invokeMicrotasks()
#3 [internal function]: Revolt\EventLoop\Internal\AbstractDriver->{closure:Revolt\EventLoop\Internal\AbstractDriver::createCallbackFiber():565}()
#4 /home/user/PhpstormProjects/CryptoTrading/vendor/revolt/event-loop/src/EventLoop/Internal/DriverSuspension.php(171): Fiber->throw()
#5 /home/user/PhpstormProjects/CryptoTrading/vendor/revolt/event-loop/src/EventLoop/Internal/AbstractDriver.php(430): Revolt\EventLoop\Internal\DriverSuspension::{closure:Revolt\EventLoop\Internal\DriverSuspension::throw():168}()
#6 /home/user/PhpstormProjects/CryptoTrading/vendor/revolt/event-loop/src/EventLoop/Internal/AbstractDriver.php(621): Revolt\EventLoop\Internal\AbstractDriver->invokeMicrotasks()
#7 [internal function]: Revolt\EventLoop\Internal\AbstractDriver->{closure:Revolt\EventLoop\Internal\AbstractDriver::createCallbackFiber():565}()
#8 /home/user/PhpstormProjects/CryptoTrading/vendor/revolt/event-loop/src/EventLoop/Internal/DriverSuspension.php(171): Fiber->throw()
#9 /home/user/PhpstormProjects/CryptoTrading/vendor/revolt/event-loop/src/EventLoop/Internal/AbstractDriver.php(430): Revolt\EventLoop\Internal\DriverSuspension::{closure:Revolt\EventLoop\Internal\DriverSuspension::throw():168}()
#10 /home/user/PhpstormProjects/CryptoTrading/vendor/revolt/event-loop/src/EventLoop/Internal/AbstractDriver.php(621): Revolt\EventLoop\Internal\AbstractDriver->invokeMicrotasks()
#11 [internal function]: Revolt\EventLoop\Internal\AbstractDriver->{closure:Revolt\EventLoop\Internal\AbstractDriver::createCallbackFiber():565}()
#12 /home/user/PhpstormProjects/CryptoTrading/vendor/revolt/event-loop/src/EventLoop/Internal/DriverSuspension.php(171): Fiber->throw()
#13 /home/user/PhpstormProjects/CryptoTrading/vendor/revolt/event-loop/src/EventLoop/Internal/AbstractDriver.php(430): Revolt\EventLoop\Internal\DriverSuspension::{closure:Revolt\EventLoop\Internal\DriverSuspension::throw():168}()
#14 /home/user/PhpstormProjects/CryptoTrading/vendor/revolt/event-loop/src/EventLoop/Internal/AbstractDriver.php(621): Revolt\EventLoop\Internal\AbstractDriver->invokeMicrotasks()
#15 [internal function]: Revolt\EventLoop\Internal\AbstractDriver->{closure:Revolt\EventLoop\Internal\AbstractDriver::createCallbackFiber():565}()
#16 /home/user/PhpstormProjects/CryptoTrading/vendor/revolt/event-loop/src/EventLoop/Internal/DriverSuspension.php(171): Fiber->throw()
#17 /home/user/PhpstormProjects/CryptoTrading/vendor/revolt/event-loop/src/EventLoop/Internal/AbstractDriver.php(430): Revolt\EventLoop\Internal\DriverSuspension::{closure:Revolt\EventLoop\Internal\DriverSuspension::throw():168}()
#18 /home/user/PhpstormProjects/CryptoTrading/vendor/revolt/event-loop/src/EventLoop/Internal/AbstractDriver.php(621): Revolt\EventLoop\Internal\AbstractDriver->invokeMicrotasks()
#19 [internal function]: Revolt\EventLoop\Internal\AbstractDriver->{closure:Revolt\EventLoop\Internal\AbstractDriver::createCallbackFiber():565}()
#20 /home/user/PhpstormProjects/CryptoTrading/vendor/revolt/event-loop/src/EventLoop/Internal/DriverSuspension.php(171): Fiber->throw()
#21 /home/user/PhpstormProjects/CryptoTrading/vendor/revolt/event-loop/src/EventLoop/Internal/AbstractDriver.php(430): Revolt\EventLoop\Internal\DriverSuspension::{closure:Revolt\EventLoop\Internal\DriverSuspension::throw():168}()
#22 /home/user/PhpstormProjects/CryptoTrading/vendor/revolt/event-loop/src/EventLoop/Internal/AbstractDriver.php(621): Revolt\EventLoop\Internal\AbstractDriver->invokeMicrotasks()
#23 [internal function]: Revolt\EventLoop\Internal\AbstractDriver->{closure:Revolt\EventLoop\Internal\AbstractDriver::createCallbackFiber():565}()
#24 /home/user/PhpstormProjects/CryptoTrading/vendor/revolt/event-loop/src/EventLoop/Internal/DriverSuspension.php(171): Fiber->throw()
#25 /home/user/PhpstormProjects/CryptoTrading/vendor/revolt/event-loop/src/EventLoop/Internal/AbstractDriver.php(430): Revolt\EventLoop\Internal\DriverSuspension::{closure:Revolt\EventLoop\Internal\DriverSuspension::throw():168}()
#26 /home/user/PhpstormProjects/CryptoTrading/vendor/revolt/event-loop/src/EventLoop/Internal/AbstractDriver.php(621): Revolt\EventLoop\Internal\AbstractDriver->invokeMicrotasks()
#27 [internal function]: Revolt\EventLoop\Internal\AbstractDriver->{closure:Revolt\EventLoop\Internal\AbstractDriver::createCallbackFiber():565}()
#28 /home/user/PhpstormProjects/CryptoTrading/vendor/revolt/event-loop/src/EventLoop/Internal/DriverSuspension.php(171): Fiber->throw()
#29 /home/user/PhpstormProjects/CryptoTrading/vendor/revolt/event-loop/src/EventLoop/Internal/AbstractDriver.php(430): Revolt\EventLoop\Internal\DriverSuspension::{closure:Revolt\EventLoop\Internal\DriverSuspension::throw():168}()
#30 /home/user/PhpstormProjects/CryptoTrading/vendor/revolt/event-loop/src/EventLoop/Internal/AbstractDriver.php(621): Revolt\EventLoop\Internal\AbstractDriver->invokeMicrotasks()
#31 [internal function]: Revolt\EventLoop\Internal\AbstractDriver->{closure:Revolt\EventLoop\Internal\AbstractDriver::createCallbackFiber():565}()
#32 /home/user/PhpstormProjects/CryptoTrading/vendor/revolt/event-loop/src/EventLoop/Internal/DriverSuspension.php(171): Fiber->throw()
#33 /home/user/PhpstormProjects/CryptoTrading/vendor/revolt/event-loop/src/EventLoop/Internal/AbstractDriver.php(430): Revolt\EventLoop\Internal\DriverSuspension::{closure:Revolt\EventLoop\Internal\DriverSuspension::throw():168}()
#34 /home/user/PhpstormProjects/CryptoTrading/vendor/revolt/event-loop/src/EventLoop/Internal/AbstractDriver.php(567): Revolt\EventLoop\Internal\AbstractDriver->invokeMicrotasks()
#35 [internal function]: Revolt\EventLoop\Internal\AbstractDriver->{closure:Revolt\EventLoop\Internal\AbstractDriver::createCallbackFiber():565}()
#36 /home/user/PhpstormProjects/CryptoTrading/vendor/revolt/event-loop/src/EventLoop/Internal/DriverSuspension.php(64): Fiber->resume()
#37 /home/user/PhpstormProjects/CryptoTrading/vendor/revolt/event-loop/src/EventLoop/Internal/AbstractDriver.php(430): Revolt\EventLoop\Internal\DriverSuspension::{closure:Revolt\EventLoop\Internal\DriverSuspension::resume():61}()
#38 /home/user/PhpstormProjects/CryptoTrading/vendor/revolt/event-loop/src/EventLoop/Internal/AbstractDriver.php(567): Revolt\EventLoop\Internal\AbstractDriver->invokeMicrotasks()
#39 [internal function]: Revolt\EventLoop\Internal\AbstractDriver->{closure:Revolt\EventLoop\Internal\AbstractDriver::createCallbackFiber():565}()
#40 /home/user/PhpstormProjects/CryptoTrading/vendor/revolt/event-loop/src/EventLoop/Internal/DriverSuspension.php(64): Fiber->resume()
#41 /home/user/PhpstormProjects/CryptoTrading/vendor/revolt/event-loop/src/EventLoop/Internal/AbstractDriver.php(430): Revolt\EventLoop\Internal\DriverSuspension::{closure:Revolt\EventLoop\Internal\DriverSuspension::resume():61}()
#42 /home/user/PhpstormProjects/CryptoTrading/vendor/revolt/event-loop/src/EventLoop/Internal/AbstractDriver.php(567): Revolt\EventLoop\Internal\AbstractDriver->invokeMicrotasks()
#43 [internal function]: Revolt\EventLoop\Internal\AbstractDriver->{closure:Revolt\EventLoop\Internal\AbstractDriver::createCallbackFiber():565}()
#44 /home/user/PhpstormProjects/CryptoTrading/vendor/revolt/event-loop/src/EventLoop/Internal/DriverSuspension.php(64): Fiber->resume()
#45 /home/user/PhpstormProjects/CryptoTrading/vendor/revolt/event-loop/src/EventLoop/Internal/AbstractDriver.php(430): Revolt\EventLoop\Internal\DriverSuspension::{closure:Revolt\EventLoop\Internal\DriverSuspension::resume():61}()
#46 /home/user/PhpstormProjects/CryptoTrading/vendor/revolt/event-loop/src/EventLoop/Internal/AbstractDriver.php(567): Revolt\EventLoop\Internal\AbstractDriver->invokeMicrotasks()
#47 [internal function]: Revolt\EventLoop\Internal\AbstractDriver->{closure:Revolt\EventLoop\Internal\AbstractDriver::createCallbackFiber():565}()
#48 /home/user/PhpstormProjects/CryptoTrading/vendor/revolt/event-loop/src/EventLoop/Internal/DriverSuspension.php(64): Fiber->resume()
#49 /home/user/PhpstormProjects/CryptoTrading/vendor/revolt/event-loop/src/EventLoop/Internal/AbstractDriver.php(430): Revolt\EventLoop\Internal\DriverSuspension::{closure:Revolt\EventLoop\Internal\DriverSuspension::resume():61}()
#50 /home/user/PhpstormProjects/CryptoTrading/vendor/revolt/event-loop/src/EventLoop/Internal/AbstractDriver.php(621): Revolt\EventLoop\Internal\AbstractDriver->invokeMicrotasks()
#51 [internal function]: Revolt\EventLoop\Internal\AbstractDriver->{closure:Revolt\EventLoop\Internal\AbstractDriver::createCallbackFiber():565}()
#52 /home/user/PhpstormProjects/CryptoTrading/vendor/revolt/event-loop/src/EventLoop/Internal/DriverSuspension.php(64): Fiber->resume()
#53 /home/user/PhpstormProjects/CryptoTrading/vendor/revolt/event-loop/src/EventLoop/Internal/AbstractDriver.php(430): Revolt\EventLoop\Internal\DriverSuspension::{closure:Revolt\EventLoop\Internal\DriverSuspension::resume():61}()
#54 /home/user/PhpstormProjects/CryptoTrading/vendor/revolt/event-loop/src/EventLoop/Internal/AbstractDriver.php(567): Revolt\EventLoop\Internal\AbstractDriver->invokeMicrotasks()
#55 [internal function]: Revolt\EventLoop\Internal\AbstractDriver->{closure:Revolt\EventLoop\Internal\AbstractDriver::createCallbackFiber():565}()
#56 /home/user/PhpstormProjects/CryptoTrading/vendor/revolt/event-loop/src/EventLoop/Internal/AbstractDriver.php(503): Fiber->start()
#57 /home/user/PhpstormProjects/CryptoTrading/vendor/revolt/event-loop/src/EventLoop/Internal/AbstractDriver.php(558): Revolt\EventLoop\Internal\AbstractDriver->invokeCallbacks()
#58 [internal function]: Revolt\EventLoop\Internal\AbstractDriver->{closure:Revolt\EventLoop\Internal\AbstractDriver::createLoopFiber():538}()
#59 /home/user/PhpstormProjects/CryptoTrading/vendor/revolt/event-loop/src/EventLoop/Internal/AbstractDriver.php(96): Fiber->resume()
#60 /home/user/PhpstormProjects/CryptoTrading/vendor/revolt/event-loop/src/EventLoop/Internal/DriverSuspension.php(117): Revolt\EventLoop\Internal\AbstractDriver->{closure:Revolt\EventLoop\Internal\AbstractDriver::__construct():90}()
#61 /home/user/PhpstormProjects/CryptoTrading/vendor/amphp/amp/src/Future.php(251): Revolt\EventLoop\Internal\DriverSuspension->suspend()
#62 /home/user/PhpstormProjects/CryptoTrading/vendor/danog/madelineproto/src/Ipc/AbstractServer.php(177): Amp\Future->await()
#63 /home/user/PhpstormProjects/CryptoTrading/vendor/danog/madelineproto/src/Ipc/Runner/entry.php(119): danog\MadelineProto\Ipc\AbstractServer::waitShutdown()
#64 /home/user/PhpstormProjects/CryptoTrading/vendor/danog/madelineproto/src/Ipc/Runner/entry.php(154): {closure:/home/user/PhpstormProjects/CryptoTrading/vendor/danog/madelineproto/src/Ipc/Runner/entry.php:35}()
#65 {main}
AbstractServer: 	Got error while trying to send result of waitQrLogin: Amp\Ipc\Sync\ChannelException: The channel was already closed! in /home/user/PhpstormProjects/CryptoTrading/vendor/danog/ipc/lib/Sync/ChannelledSocket.php:39
Stack trace:
#0 /home/user/PhpstormProjects/CryptoTrading/vendor/danog/madelineproto/src/Ipc/AbstractServer.php(275): Amp\Ipc\Sync\ChannelledSocket->send()
#1 /home/user/PhpstormProjects/CryptoTrading/vendor/revolt/event-loop/src/EventLoop/Internal/AbstractDriver.php(430): danog\MadelineProto\Ipc\AbstractServer->clientRequest()
#2 /home/user/PhpstormProjects/CryptoTrading/vendor/revolt/event-loop/src/EventLoop/Internal/AbstractDriver.php(621): Revolt\EventLoop\Internal\AbstractDriver->invokeMicrotasks()
#3 [internal function]: Revolt\EventLoop\Internal\AbstractDriver->{closure:Revolt\EventLoop\Internal\AbstractDriver::createCallbackFiber():565}()
#4 /home/user/PhpstormProjects/CryptoTrading/vendor/revolt/event-loop/src/EventLoop/Internal/DriverSuspension.php(171): Fiber->throw()
#5 /home/user/PhpstormProjects/CryptoTrading/vendor/revolt/event-loop/src/EventLoop/Internal/AbstractDriver.php(430): Revolt\EventLoop\Internal\DriverSuspension::{closure:Revolt\EventLoop\Internal\DriverSuspension::throw():168}()
#6 /home/user/PhpstormProjects/CryptoTrading/vendor/revolt/event-loop/src/EventLoop/Internal/AbstractDriver.php(621): Revolt\EventLoop\Internal\AbstractDriver->invokeMicrotasks()
#7 [internal function]: Revolt\EventLoop\Internal\AbstractDriver->{closure:Revolt\EventLoop\Internal\AbstractDriver::createCallbackFiber():565}()
#8 /home/user/PhpstormProjects/CryptoTrading/vendor/revolt/event-loop/src/EventLoop/Internal/DriverSuspension.php(171): Fiber->throw()
#9 /home/user/PhpstormProjects/CryptoTrading/vendor/revolt/event-loop/src/EventLoop/Internal/AbstractDriver.php(430): Revolt\EventLoop\Internal\DriverSuspension::{closure:Revolt\EventLoop\Internal\DriverSuspension::throw():168}()
#10 /home/user/PhpstormProjects/CryptoTrading/vendor/revolt/event-loop/src/EventLoop/Internal/AbstractDriver.php(621): Revolt\EventLoop\Internal\AbstractDriver->invokeMicrotasks()
#11 [internal function]: Revolt\EventLoop\Internal\AbstractDriver->{closure:Revolt\EventLoop\Internal\AbstractDriver::createCallbackFiber():565}()
#12 /home/user/PhpstormProjects/CryptoTrading/vendor/revolt/event-loop/src/EventLoop/Internal/DriverSuspension.php(171): Fiber->throw()
#13 /home/user/PhpstormProjects/CryptoTrading/vendor/revolt/event-loop/src/EventLoop/Internal/AbstractDriver.php(430): Revolt\EventLoop\Internal\DriverSuspension::{closure:Revolt\EventLoop\Internal\DriverSuspension::throw():168}()
#14 /home/user/PhpstormProjects/CryptoTrading/vendor/revolt/event-loop/src/EventLoop/Internal/AbstractDriver.php(621): Revolt\EventLoop\Internal\AbstractDriver->invokeMicrotasks()
#15 [internal function]: Revolt\EventLoop\Internal\AbstractDriver->{closure:Revolt\EventLoop\Internal\AbstractDriver::createCallbackFiber():565}()
#16 /home/user/PhpstormProjects/CryptoTrading/vendor/revolt/event-loop/src/EventLoop/Internal/DriverSuspension.php(171): Fiber->throw()
#17 /home/user/PhpstormProjects/CryptoTrading/vendor/revolt/event-loop/src/EventLoop/Internal/AbstractDriver.php(430): Revolt\EventLoop\Internal\DriverSuspension::{closure:Revolt\EventLoop\Internal\DriverSuspension::throw():168}()
#18 /home/user/PhpstormProjects/CryptoTrading/vendor/revolt/event-loop/src/EventLoop/Internal/AbstractDriver.php(621): Revolt\EventLoop\Internal\AbstractDriver->invokeMicrotasks()
#19 [internal function]: Revolt\EventLoop\Internal\AbstractDriver->{closure:Revolt\EventLoop\Internal\AbstractDriver::createCallbackFiber():565}()
#20 /home/user/PhpstormProjects/CryptoTrading/vendor/revolt/event-loop/src/EventLoop/Internal/DriverSuspension.php(171): Fiber->throw()
#21 /home/user/PhpstormProjects/CryptoTrading/vendor/revolt/event-loop/src/EventLoop/Internal/AbstractDriver.php(430): Revolt\EventLoop\Internal\DriverSuspension::{closure:Revolt\EventLoop\Internal\DriverSuspension::throw():168}()
#22 /home/user/PhpstormProjects/CryptoTrading/vendor/revolt/event-loop/src/EventLoop/Internal/AbstractDriver.php(621): Revolt\EventLoop\Internal\AbstractDriver->invokeMicrotasks()
#23 [internal function]: Revolt\EventLoop\Internal\AbstractDriver->{closure:Revolt\EventLoop\Internal\AbstractDriver::createCallbackFiber():565}()
#24 /home/user/PhpstormProjects/CryptoTrading/vendor/revolt/event-loop/src/EventLoop/Internal/DriverSuspension.php(171): Fiber->throw()
#25 /home/user/PhpstormProjects/CryptoTrading/vendor/revolt/event-loop/src/EventLoop/Internal/AbstractDriver.php(430): Revolt\EventLoop\Internal\DriverSuspension::{closure:Revolt\EventLoop\Internal\DriverSuspension::throw():168}()
#26 /home/user/PhpstormProjects/CryptoTrading/vendor/revolt/event-loop/src/EventLoop/Internal/AbstractDriver.php(621): Revolt\EventLoop\Internal\AbstractDriver->invokeMicrotasks()
#27 [internal function]: Revolt\EventLoop\Internal\AbstractDriver->{closure:Revolt\EventLoop\Internal\AbstractDriver::createCallbackFiber():565}()
#28 /home/user/PhpstormProjects/CryptoTrading/vendor/revolt/event-loop/src/EventLoop/Internal/DriverSuspension.php(171): Fiber->throw()
#29 /home/user/PhpstormProjects/CryptoTrading/vendor/revolt/event-loop/src/EventLoop/Internal/AbstractDriver.php(430): Revolt\EventLoop\Internal\DriverSuspension::{closure:Revolt\EventLoop\Internal\DriverSuspension::throw():168}()
#30 /home/user/PhpstormProjects/CryptoTrading/vendor/revolt/event-loop/src/EventLoop/Internal/AbstractDriver.php(621): Revolt\EventLoop\Internal\AbstractDriver->invokeMicrotasks()
#31 [internal function]: Revolt\EventLoop\Internal\AbstractDriver->{closure:Revolt\EventLoop\Internal\AbstractDriver::createCallbackFiber():565}()
#32 /home/user/PhpstormProjects/CryptoTrading/vendor/revolt/event-loop/src/EventLoop/Internal/DriverSuspension.php(171): Fiber->throw()
#33 /home/user/PhpstormProjects/CryptoTrading/vendor/revolt/event-loop/src/EventLoop/Internal/AbstractDriver.php(430): Revolt\EventLoop\Internal\DriverSuspension::{closure:Revolt\EventLoop\Internal\DriverSuspension::throw():168}()
#34 /home/user/PhpstormProjects/CryptoTrading/vendor/revolt/event-loop/src/EventLoop/Internal/AbstractDriver.php(621): Revolt\EventLoop\Internal\AbstractDriver->invokeMicrotasks()
#35 [internal function]: Revolt\EventLoop\Internal\AbstractDriver->{closure:Revolt\EventLoop\Internal\AbstractDriver::createCallbackFiber():565}()
#36 /home/user/PhpstormProjects/CryptoTrading/vendor/revolt/event-loop/src/EventLoop/Internal/DriverSuspension.php(171): Fiber->throw()
#37 /home/user/PhpstormProjects/CryptoTrading/vendor/revolt/event-loop/src/EventLoop/Internal/AbstractDriver.php(430): Revolt\EventLoop\Internal\DriverSuspension::{closure:Revolt\EventLoop\Internal\DriverSuspension::throw():168}()
#38 /home/user/PhpstormProjects/CryptoTrading/vendor/revolt/event-loop/src/EventLoop/Internal/AbstractDriver.php(567): Revolt\EventLoop\Internal\AbstractDriver->invokeMicrotasks()
#39 [internal function]: Revolt\EventLoop\Internal\AbstractDriver->{closure:Revolt\EventLoop\Internal\AbstractDriver::createCallbackFiber():565}()
#40 /home/user/PhpstormProjects/CryptoTrading/vendor/revolt/event-loop/src/EventLoop/Internal/DriverSuspension.php(64): Fiber->resume()
#41 /home/user/PhpstormProjects/CryptoTrading/vendor/revolt/event-loop/src/EventLoop/Internal/AbstractDriver.php(430): Revolt\EventLoop\Internal\DriverSuspension::{closure:Revolt\EventLoop\Internal\DriverSuspension::resume():61}()
#42 /home/user/PhpstormProjects/CryptoTrading/vendor/revolt/event-loop/src/EventLoop/Internal/AbstractDriver.php(567): Revolt\EventLoop\Internal\AbstractDriver->invokeMicrotasks()
#43 [internal function]: Revolt\EventLoop\Internal\AbstractDriver->{closure:Revolt\EventLoop\Internal\AbstractDriver::createCallbackFiber():565}()
#44 /home/user/PhpstormProjects/CryptoTrading/vendor/revolt/event-loop/src/EventLoop/Internal/DriverSuspension.php(64): Fiber->resume()
#45 /home/user/PhpstormProjects/CryptoTrading/vendor/revolt/event-loop/src/EventLoop/Internal/AbstractDriver.php(430): Revolt\EventLoop\Internal\DriverSuspension::{closure:Revolt\EventLoop\Internal\DriverSuspension::resume():61}()
#46 /home/user/PhpstormProjects/CryptoTrading/vendor/revolt/event-loop/src/EventLoop/Internal/AbstractDriver.php(567): Revolt\EventLoop\Internal\AbstractDriver->invokeMicrotasks()
#47 [internal function]: Revolt\EventLoop\Internal\AbstractDriver->{closure:Revolt\EventLoop\Internal\AbstractDriver::createCallbackFiber():565}()
#48 /home/user/PhpstormProjects/CryptoTrading/vendor/revolt/event-loop/src/EventLoop/Internal/DriverSuspension.php(64): Fiber->resume()
#49 /home/user/PhpstormProjects/CryptoTrading/vendor/revolt/event-loop/src/EventLoop/Internal/AbstractDriver.php(430): Revolt\EventLoop\Internal\DriverSuspension::{closure:Revolt\EventLoop\Internal\DriverSuspension::resume():61}()
#50 /home/user/PhpstormProjects/CryptoTrading/vendor/revolt/event-loop/src/EventLoop/Internal/AbstractDriver.php(567): Revolt\EventLoop\Internal\AbstractDriver->invokeMicrotasks()
#51 [internal function]: Revolt\EventLoop\Internal\AbstractDriver->{closure:Revolt\EventLoop\Internal\AbstractDriver::createCallbackFiber():565}()
#52 /home/user/PhpstormProjects/CryptoTrading/vendor/revolt/event-loop/src/EventLoop/Internal/DriverSuspension.php(64): Fiber->resume()
#53 /home/user/PhpstormProjects/CryptoTrading/vendor/revolt/event-loop/src/EventLoop/Internal/AbstractDriver.php(430): Revolt\EventLoop\Internal\DriverSuspension::{closure:Revolt\EventLoop\Internal\DriverSuspension::resume():61}()
#54 /home/user/PhpstormProjects/CryptoTrading/vendor/revolt/event-loop/src/EventLoop/Internal/AbstractDriver.php(621): Revolt\EventLoop\Internal\AbstractDriver->invokeMicrotasks()
#55 [internal function]: Revolt\EventLoop\Internal\AbstractDriver->{closure:Revolt\EventLoop\Internal\AbstractDriver::createCallbackFiber():565}()
#56 /home/user/PhpstormProjects/CryptoTrading/vendor/revolt/event-loop/src/EventLoop/Internal/DriverSuspension.php(64): Fiber->resume()
#57 /home/user/PhpstormProjects/CryptoTrading/vendor/revolt/event-loop/src/EventLoop/Internal/AbstractDriver.php(430): Revolt\EventLoop\Internal\DriverSuspension::{closure:Revolt\EventLoop\Internal\DriverSuspension::resume():61}()
#58 /home/user/PhpstormProjects/CryptoTrading/vendor/revolt/event-loop/src/EventLoop/Internal/AbstractDriver.php(567): Revolt\EventLoop\Internal\AbstractDriver->invokeMicrotasks()
#59 [internal function]: Revolt\EventLoop\Internal\AbstractDriver->{closure:Revolt\EventLoop\Internal\AbstractDriver::createCallbackFiber():565}()
#60 /home/user/PhpstormProjects/CryptoTrading/vendor/revolt/event-loop/src/EventLoop/Internal/AbstractDriver.php(503): Fiber->start()
#61 /home/user/PhpstormProjects/CryptoTrading/vendor/revolt/event-loop/src/EventLoop/Internal/AbstractDriver.php(558): Revolt\EventLoop\Internal\AbstractDriver->invokeCallbacks()
#62 [internal function]: Revolt\EventLoop\Internal\AbstractDriver->{closure:Revolt\EventLoop\Internal\AbstractDriver::createLoopFiber():538}()
#63 /home/user/PhpstormProjects/CryptoTrading/vendor/revolt/event-loop/src/EventLoop/Internal/AbstractDriver.php(96): Fiber->resume()
#64 /home/user/PhpstormProjects/CryptoTrading/vendor/revolt/event-loop/src/EventLoop/Internal/DriverSuspension.php(117): Revolt\EventLoop\Internal\AbstractDriver->{closure:Revolt\EventLoop\Internal\AbstractDriver::__construct():90}()
#65 /home/user/PhpstormProjects/CryptoTrading/vendor/amphp/amp/src/Future.php(251): Revolt\EventLoop\Internal\DriverSuspension->suspend()
#66 /home/user/PhpstormProjects/CryptoTrading/vendor/danog/madelineproto/src/Ipc/AbstractServer.php(177): Amp\Future->await()
#67 /home/user/PhpstormProjects/CryptoTrading/vendor/danog/madelineproto/src/Ipc/Runner/entry.php(119): danog\MadelineProto\Ipc\AbstractServer::waitShutdown()
#68 /home/user/PhpstormProjects/CryptoTrading/vendor/danog/madelineproto/src/Ipc/Runner/entry.php(154): {closure:/home/user/PhpstormProjects/CryptoTrading/vendor/danog/madelineproto/src/Ipc/Runner/entry.php:35}()
#69 {main}
AbstractServer: 	Got error while trying to send error of error of waitQrLogin: Amp\Ipc\Sync\ChannelException: The channel was already closed! in /home/user/PhpstormProjects/CryptoTrading/vendor/danog/ipc/lib/Sync/ChannelledSocket.php:39
Stack trace:
#0 /home/user/PhpstormProjects/CryptoTrading/vendor/danog/madelineproto/src/Ipc/AbstractServer.php(279): Amp\Ipc\Sync\ChannelledSocket->send()
#1 /home/user/PhpstormProjects/CryptoTrading/vendor/revolt/event-loop/src/EventLoop/Internal/AbstractDriver.php(430): danog\MadelineProto\Ipc\AbstractServer->clientRequest()
#2 /home/user/PhpstormProjects/CryptoTrading/vendor/revolt/event-loop/src/EventLoop/Internal/AbstractDriver.php(621): Revolt\EventLoop\Internal\AbstractDriver->invokeMicrotasks()
#3 [internal function]: Revolt\EventLoop\Internal\AbstractDriver->{closure:Revolt\EventLoop\Internal\AbstractDriver::createCallbackFiber():565}()
#4 /home/user/PhpstormProjects/CryptoTrading/vendor/revolt/event-loop/src/EventLoop/Internal/DriverSuspension.php(171): Fiber->throw()
#5 /home/user/PhpstormProjects/CryptoTrading/vendor/revolt/event-loop/src/EventLoop/Internal/AbstractDriver.php(430): Revolt\EventLoop\Internal\DriverSuspension::{closure:Revolt\EventLoop\Internal\DriverSuspension::throw():168}()
#6 /home/user/PhpstormProjects/CryptoTrading/vendor/revolt/event-loop/src/EventLoop/Internal/AbstractDriver.php(621): Revolt\EventLoop\Internal\AbstractDriver->invokeMicrotasks()
#7 [internal function]: Revolt\EventLoop\Internal\AbstractDriver->{closure:Revolt\EventLoop\Internal\AbstractDriver::createCallbackFiber():565}()
#8 /home/user/PhpstormProjects/CryptoTrading/vendor/revolt/event-loop/src/EventLoop/Internal/DriverSuspension.php(171): Fiber->throw()
#9 /home/user/PhpstormProjects/CryptoTrading/vendor/revolt/event-loop/src/EventLoop/Internal/AbstractDriver.php(430): Revolt\EventLoop\Internal\DriverSuspension::{closure:Revolt\EventLoop\Internal\DriverSuspension::throw():168}()
#10 /home/user/PhpstormProjects/CryptoTrading/vendor/revolt/event-loop/src/EventLoop/Internal/AbstractDriver.php(621): Revolt\EventLoop\Internal\AbstractDriver->invokeMicrotasks()
#11 [internal function]: Revolt\EventLoop\Internal\AbstractDriver->{closure:Revolt\EventLoop\Internal\AbstractDriver::createCallbackFiber():565}()
#12 /home/user/PhpstormProjects/CryptoTrading/vendor/revolt/event-loop/src/EventLoop/Internal/DriverSuspension.php(171): Fiber->throw()
#13 /home/user/PhpstormProjects/CryptoTrading/vendor/revolt/event-loop/src/EventLoop/Internal/AbstractDriver.php(430): Revolt\EventLoop\Internal\DriverSuspension::{closure:Revolt\EventLoop\Internal\DriverSuspension::throw():168}()
#14 /home/user/PhpstormProjects/CryptoTrading/vendor/revolt/event-loop/src/EventLoop/Internal/AbstractDriver.php(621): Revolt\EventLoop\Internal\AbstractDriver->invokeMicrotasks()
#15 [internal function]: Revolt\EventLoop\Internal\AbstractDriver->{closure:Revolt\EventLoop\Internal\AbstractDriver::createCallbackFiber():565}()
#16 /home/user/PhpstormProjects/CryptoTrading/vendor/revolt/event-loop/src/EventLoop/Internal/DriverSuspension.php(171): Fiber->throw()
#17 /home/user/PhpstormProjects/CryptoTrading/vendor/revolt/event-loop/src/EventLoop/Internal/AbstractDriver.php(430): Revolt\EventLoop\Internal\DriverSuspension::{closure:Revolt\EventLoop\Internal\DriverSuspension::throw():168}()
#18 /home/user/PhpstormProjects/CryptoTrading/vendor/revolt/event-loop/src/EventLoop/Internal/AbstractDriver.php(621): Revolt\EventLoop\Internal\AbstractDriver->invokeMicrotasks()
#19 [internal function]: Revolt\EventLoop\Internal\AbstractDriver->{closure:Revolt\EventLoop\Internal\AbstractDriver::createCallbackFiber():565}()
#20 /home/user/PhpstormProjects/CryptoTrading/vendor/revolt/event-loop/src/EventLoop/Internal/DriverSuspension.php(171): Fiber->throw()
#21 /home/user/PhpstormProjects/CryptoTrading/vendor/revolt/event-loop/src/EventLoop/Internal/AbstractDriver.php(430): Revolt\EventLoop\Internal\DriverSuspension::{closure:Revolt\EventLoop\Internal\DriverSuspension::throw():168}()
#22 /home/user/PhpstormProjects/CryptoTrading/vendor/revolt/event-loop/src/EventLoop/Internal/AbstractDriver.php(621): Revolt\EventLoop\Internal\AbstractDriver->invokeMicrotasks()
#23 [internal function]: Revolt\EventLoop\Internal\AbstractDriver->{closure:Revolt\EventLoop\Internal\AbstractDriver::createCallbackFiber():565}()
#24 /home/user/PhpstormProjects/CryptoTrading/vendor/revolt/event-loop/src/EventLoop/Internal/DriverSuspension.php(171): Fiber->throw()
#25 /home/user/PhpstormProjects/CryptoTrading/vendor/revolt/event-loop/src/EventLoop/Internal/AbstractDriver.php(430): Revolt\EventLoop\Internal\DriverSuspension::{closure:Revolt\EventLoop\Internal\DriverSuspension::throw():168}()
#26 /home/user/PhpstormProjects/CryptoTrading/vendor/revolt/event-loop/src/EventLoop/Internal/AbstractDriver.php(621): Revolt\EventLoop\Internal\AbstractDriver->invokeMicrotasks()
#27 [internal function]: Revolt\EventLoop\Internal\AbstractDriver->{closure:Revolt\EventLoop\Internal\AbstractDriver::createCallbackFiber():565}()
#28 /home/user/PhpstormProjects/CryptoTrading/vendor/revolt/event-loop/src/EventLoop/Internal/DriverSuspension.php(171): Fiber->throw()
#29 /home/user/PhpstormProjects/CryptoTrading/vendor/revolt/event-loop/src/EventLoop/Internal/AbstractDriver.php(430): Revolt\EventLoop\Internal\DriverSuspension::{closure:Revolt\EventLoop\Internal\DriverSuspension::throw():168}()
#30 /home/user/PhpstormProjects/CryptoTrading/vendor/revolt/event-loop/src/EventLoop/Internal/AbstractDriver.php(621): Revolt\EventLoop\Internal\AbstractDriver->invokeMicrotasks()
#31 [internal function]: Revolt\EventLoop\Internal\AbstractDriver->{closure:Revolt\EventLoop\Internal\AbstractDriver::createCallbackFiber():565}()
#32 /home/user/PhpstormProjects/CryptoTrading/vendor/revolt/event-loop/src/EventLoop/Internal/DriverSuspension.php(171): Fiber->throw()
#33 /home/user/PhpstormProjects/CryptoTrading/vendor/revolt/event-loop/src/EventLoop/Internal/AbstractDriver.php(430): Revolt\EventLoop\Internal\DriverSuspension::{closure:Revolt\EventLoop\Internal\DriverSuspension::throw():168}()
#34 /home/user/PhpstormProjects/CryptoTrading/vendor/revolt/event-loop/src/EventLoop/Internal/AbstractDriver.php(621): Revolt\EventLoop\Internal\AbstractDriver->invokeMicrotasks()
#35 [internal function]: Revolt\EventLoop\Internal\AbstractDriver->{closure:Revolt\EventLoop\Internal\AbstractDriver::createCallbackFiber():565}()
#36 /home/user/PhpstormProjects/CryptoTrading/vendor/revolt/event-loop/src/EventLoop/Internal/DriverSuspension.php(171): Fiber->throw()
#37 /home/user/PhpstormProjects/CryptoTrading/vendor/revolt/event-loop/src/EventLoop/Internal/AbstractDriver.php(430): Revolt\EventLoop\Internal\DriverSuspension::{closure:Revolt\EventLoop\Internal\DriverSuspension::throw():168}()
#38 /home/user/PhpstormProjects/CryptoTrading/vendor/revolt/event-loop/src/EventLoop/Internal/AbstractDriver.php(567): Revolt\EventLoop\Internal\AbstractDriver->invokeMicrotasks()
#39 [internal function]: Revolt\EventLoop\Internal\AbstractDriver->{closure:Revolt\EventLoop\Internal\AbstractDriver::createCallbackFiber():565}()
#40 /home/user/PhpstormProjects/CryptoTrading/vendor/revolt/event-loop/src/EventLoop/Internal/DriverSuspension.php(64): Fiber->resume()
#41 /home/user/PhpstormProjects/CryptoTrading/vendor/revolt/event-loop/src/EventLoop/Internal/AbstractDriver.php(430): Revolt\EventLoop\Internal\DriverSuspension::{closure:Revolt\EventLoop\Internal\DriverSuspension::resume():61}()
#42 /home/user/PhpstormProjects/CryptoTrading/vendor/revolt/event-loop/src/EventLoop/Internal/AbstractDriver.php(567): Revolt\EventLoop\Internal\AbstractDriver->invokeMicrotasks()
#43 [internal function]: Revolt\EventLoop\Internal\AbstractDriver->{closure:Revolt\EventLoop\Internal\AbstractDriver::createCallbackFiber():565}()
#44 /home/user/PhpstormProjects/CryptoTrading/vendor/revolt/event-loop/src/EventLoop/Internal/DriverSuspension.php(64): Fiber->resume()
#45 /home/user/PhpstormProjects/CryptoTrading/vendor/revolt/event-loop/src/EventLoop/Internal/AbstractDriver.php(430): Revolt\EventLoop\Internal\DriverSuspension::{closure:Revolt\EventLoop\Internal\DriverSuspension::resume():61}()
#46 /home/user/PhpstormProjects/CryptoTrading/vendor/revolt/event-loop/src/EventLoop/Internal/AbstractDriver.php(567): Revolt\EventLoop\Internal\AbstractDriver->invokeMicrotasks()
#47 [internal function]: Revolt\EventLoop\Internal\AbstractDriver->{closure:Revolt\EventLoop\Internal\AbstractDriver::createCallbackFiber():565}()
#48 /home/user/PhpstormProjects/CryptoTrading/vendor/revolt/event-loop/src/EventLoop/Internal/DriverSuspension.php(64): Fiber->resume()
#49 /home/user/PhpstormProjects/CryptoTrading/vendor/revolt/event-loop/src/EventLoop/Internal/AbstractDriver.php(430): Revolt\EventLoop\Internal\DriverSuspension::{closure:Revolt\EventLoop\Internal\DriverSuspension::resume():61}()
#50 /home/user/PhpstormProjects/CryptoTrading/vendor/revolt/event-loop/src/EventLoop/Internal/AbstractDriver.php(567): Revolt\EventLoop\Internal\AbstractDriver->invokeMicrotasks()
#51 [internal function]: Revolt\EventLoop\Internal\AbstractDriver->{closure:Revolt\EventLoop\Internal\AbstractDriver::createCallbackFiber():565}()
#52 /home/user/PhpstormProjects/CryptoTrading/vendor/revolt/event-loop/src/EventLoop/Internal/DriverSuspension.php(64): Fiber->resume()
#53 /home/user/PhpstormProjects/CryptoTrading/vendor/revolt/event-loop/src/EventLoop/Internal/AbstractDriver.php(430): Revolt\EventLoop\Internal\DriverSuspension::{closure:Revolt\EventLoop\Internal\DriverSuspension::resume():61}()
#54 /home/user/PhpstormProjects/CryptoTrading/vendor/revolt/event-loop/src/EventLoop/Internal/AbstractDriver.php(621): Revolt\EventLoop\Internal\AbstractDriver->invokeMicrotasks()
#55 [internal function]: Revolt\EventLoop\Internal\AbstractDriver->{closure:Revolt\EventLoop\Internal\AbstractDriver::createCallbackFiber():565}()
#56 /home/user/PhpstormProjects/CryptoTrading/vendor/revolt/event-loop/src/EventLoop/Internal/DriverSuspension.php(64): Fiber->resume()
#57 /home/user/PhpstormProjects/CryptoTrading/vendor/revolt/event-loop/src/EventLoop/Internal/AbstractDriver.php(430): Revolt\EventLoop\Internal\DriverSuspension::{closure:Revolt\EventLoop\Internal\DriverSuspension::resume():61}()
#58 /home/user/PhpstormProjects/CryptoTrading/vendor/revolt/event-loop/src/EventLoop/Internal/AbstractDriver.php(567): Revolt\EventLoop\Internal\AbstractDriver->invokeMicrotasks()
#59 [internal function]: Revolt\EventLoop\Internal\AbstractDriver->{closure:Revolt\EventLoop\Internal\AbstractDriver::createCallbackFiber():565}()
#60 /home/user/PhpstormProjects/CryptoTrading/vendor/revolt/event-loop/src/EventLoop/Internal/AbstractDriver.php(503): Fiber->start()
#61 /home/user/PhpstormProjects/CryptoTrading/vendor/revolt/event-loop/src/EventLoop/Internal/AbstractDriver.php(558): Revolt\EventLoop\Internal\AbstractDriver->invokeCallbacks()
#62 [internal function]: Revolt\EventLoop\Internal\AbstractDriver->{closure:Revolt\EventLoop\Internal\AbstractDriver::createLoopFiber():538}()
#63 /home/user/PhpstormProjects/CryptoTrading/vendor/revolt/event-loop/src/EventLoop/Internal/AbstractDriver.php(96): Fiber->resume()
#64 /home/user/PhpstormProjects/CryptoTrading/vendor/revolt/event-loop/src/EventLoop/Internal/DriverSuspension.php(117): Revolt\EventLoop\Internal\AbstractDriver->{closure:Revolt\EventLoop\Internal\AbstractDriver::__construct():90}()
#65 /home/user/PhpstormProjects/CryptoTrading/vendor/amphp/amp/src/Future.php(251): Revolt\EventLoop\Internal\DriverSuspension->suspend()
#66 /home/user/PhpstormProjects/CryptoTrading/vendor/danog/madelineproto/src/Ipc/AbstractServer.php(177): Amp\Future->await()
#67 /home/user/PhpstormProjects/CryptoTrading/vendor/danog/madelineproto/src/Ipc/Runner/entry.php(119): danog\MadelineProto\Ipc\AbstractServer::waitShutdown()
#68 /home/user/PhpstormProjects/CryptoTrading/vendor/danog/madelineproto/src/Ipc/Runner/entry.php(154): {closure:/home/user/PhpstormProjects/CryptoTrading/vendor/danog/madelineproto/src/Ipc/Runner/entry.php:35}()
#69 {main}
AbstractServer: 	Got error while trying to send result of waitQrLogin: Amp\Ipc\Sync\ChannelException: The channel was already closed! in /home/user/PhpstormProjects/CryptoTrading/vendor/danog/ipc/lib/Sync/ChannelledSocket.php:39
Stack trace:
#0 /home/user/PhpstormProjects/CryptoTrading/vendor/danog/madelineproto/src/Ipc/AbstractServer.php(275): Amp\Ipc\Sync\ChannelledSocket->send()
#1 /home/user/PhpstormProjects/CryptoTrading/vendor/revolt/event-loop/src/EventLoop/Internal/AbstractDriver.php(430): danog\MadelineProto\Ipc\AbstractServer->clientRequest()
#2 /home/user/PhpstormProjects/CryptoTrading/vendor/revolt/event-loop/src/EventLoop/Internal/AbstractDriver.php(621): Revolt\EventLoop\Internal\AbstractDriver->invokeMicrotasks()
#3 [internal function]: Revolt\EventLoop\Internal\AbstractDriver->{closure:Revolt\EventLoop\Internal\AbstractDriver::createCallbackFiber():565}()
#4 /home/user/PhpstormProjects/CryptoTrading/vendor/revolt/event-loop/src/EventLoop/Internal/DriverSuspension.php(171): Fiber->throw()
#5 /home/user/PhpstormProjects/CryptoTrading/vendor/revolt/event-loop/src/EventLoop/Internal/AbstractDriver.php(430): Revolt\EventLoop\Internal\DriverSuspension::{closure:Revolt\EventLoop\Internal\DriverSuspension::throw():168}()
#6 /home/user/PhpstormProjects/CryptoTrading/vendor/revolt/event-loop/src/EventLoop/Internal/AbstractDriver.php(621): Revolt\EventLoop\Internal\AbstractDriver->invokeMicrotasks()
#7 [internal function]: Revolt\EventLoop\Internal\AbstractDriver->{closure:Revolt\EventLoop\Internal\AbstractDriver::createCallbackFiber():565}()
#8 /home/user/PhpstormProjects/CryptoTrading/vendor/revolt/event-loop/src/EventLoop/Internal/DriverSuspension.php(171): Fiber->throw()
#9 /home/user/PhpstormProjects/CryptoTrading/vendor/revolt/event-loop/src/EventLoop/Internal/AbstractDriver.php(430): Revolt\EventLoop\Internal\DriverSuspension::{closure:Revolt\EventLoop\Internal\DriverSuspension::throw():168}()
#10 /home/user/PhpstormProjects/CryptoTrading/vendor/revolt/event-loop/src/EventLoop/Internal/AbstractDriver.php(621): Revolt\EventLoop\Internal\AbstractDriver->invokeMicrotasks()
#11 [internal function]: Revolt\EventLoop\Internal\AbstractDriver->{closure:Revolt\EventLoop\Internal\AbstractDriver::createCallbackFiber():565}()
#12 /home/user/PhpstormProjects/CryptoTrading/vendor/revolt/event-loop/src/EventLoop/Internal/DriverSuspension.php(171): Fiber->throw()
#13 /home/user/PhpstormProjects/CryptoTrading/vendor/revolt/event-loop/src/EventLoop/Internal/AbstractDriver.php(430): Revolt\EventLoop\Internal\DriverSuspension::{closure:Revolt\EventLoop\Internal\DriverSuspension::throw():168}()
#14 /home/user/PhpstormProjects/CryptoTrading/vendor/revolt/event-loop/src/EventLoop/Internal/AbstractDriver.php(621): Revolt\EventLoop\Internal\AbstractDriver->invokeMicrotasks()
#15 [internal function]: Revolt\EventLoop\Internal\AbstractDriver->{closure:Revolt\EventLoop\Internal\AbstractDriver::createCallbackFiber():565}()
#16 /home/user/PhpstormProjects/CryptoTrading/vendor/revolt/event-loop/src/EventLoop/Internal/DriverSuspension.php(171): Fiber->throw()
#17 /home/user/PhpstormProjects/CryptoTrading/vendor/revolt/event-loop/src/EventLoop/Internal/AbstractDriver.php(430): Revolt\EventLoop\Internal\DriverSuspension::{closure:Revolt\EventLoop\Internal\DriverSuspension::throw():168}()
#18 /home/user/PhpstormProjects/CryptoTrading/vendor/revolt/event-loop/src/EventLoop/Internal/AbstractDriver.php(621): Revolt\EventLoop\Internal\AbstractDriver->invokeMicrotasks()
#19 [internal function]: Revolt\EventLoop\Internal\AbstractDriver->{closure:Revolt\EventLoop\Internal\AbstractDriver::createCallbackFiber():565}()
#20 /home/user/PhpstormProjects/CryptoTrading/vendor/revolt/event-loop/src/EventLoop/Internal/DriverSuspension.php(171): Fiber->throw()
#21 /home/user/PhpstormProjects/CryptoTrading/vendor/revolt/event-loop/src/EventLoop/Internal/AbstractDriver.php(430): Revolt\EventLoop\Internal\DriverSuspension::{closure:Revolt\EventLoop\Internal\DriverSuspension::throw():168}()
#22 /home/user/PhpstormProjects/CryptoTrading/vendor/revolt/event-loop/src/EventLoop/Internal/AbstractDriver.php(621): Revolt\EventLoop\Internal\AbstractDriver->invokeMicrotasks()
#23 [internal function]: Revolt\EventLoop\Internal\AbstractDriver->{closure:Revolt\EventLoop\Internal\AbstractDriver::createCallbackFiber():565}()
#24 /home/user/PhpstormProjects/CryptoTrading/vendor/revolt/event-loop/src/EventLoop/Internal/DriverSuspension.php(171): Fiber->throw()
#25 /home/user/PhpstormProjects/CryptoTrading/vendor/revolt/event-loop/src/EventLoop/Internal/AbstractDriver.php(430): Revolt\EventLoop\Internal\DriverSuspension::{closure:Revolt\EventLoop\Internal\DriverSuspension::throw():168}()
#26 /home/user/PhpstormProjects/CryptoTrading/vendor/revolt/event-loop/src/EventLoop/Internal/AbstractDriver.php(621): Revolt\EventLoop\Internal\AbstractDriver->invokeMicrotasks()
#27 [internal function]: Revolt\EventLoop\Internal\AbstractDriver->{closure:Revolt\EventLoop\Internal\AbstractDriver::createCallbackFiber():565}()
#28 /home/user/PhpstormProjects/CryptoTrading/vendor/revolt/event-loop/src/EventLoop/Internal/DriverSuspension.php(171): Fiber->throw()
#29 /home/user/PhpstormProjects/CryptoTrading/vendor/revolt/event-loop/src/EventLoop/Internal/AbstractDriver.php(430): Revolt\EventLoop\Internal\DriverSuspension::{closure:Revolt\EventLoop\Internal\DriverSuspension::throw():168}()
#30 /home/user/PhpstormProjects/CryptoTrading/vendor/revolt/event-loop/src/EventLoop/Internal/AbstractDriver.php(621): Revolt\EventLoop\Internal\AbstractDriver->invokeMicrotasks()
#31 [internal function]: Revolt\EventLoop\Internal\AbstractDriver->{closure:Revolt\EventLoop\Internal\AbstractDriver::createCallbackFiber():565}()
#32 /home/user/PhpstormProjects/CryptoTrading/vendor/revolt/event-loop/src/EventLoop/Internal/DriverSuspension.php(171): Fiber->throw()
#33 /home/user/PhpstormProjects/CryptoTrading/vendor/revolt/event-loop/src/EventLoop/Internal/AbstractDriver.php(430): Revolt\EventLoop\Internal\DriverSuspension::{closure:Revolt\EventLoop\Internal\DriverSuspension::throw():168}()
#34 /home/user/PhpstormProjects/CryptoTrading/vendor/revolt/event-loop/src/EventLoop/Internal/AbstractDriver.php(621): Revolt\EventLoop\Internal\AbstractDriver->invokeMicrotasks()
#35 [internal function]: Revolt\EventLoop\Internal\AbstractDriver->{closure:Revolt\EventLoop\Internal\AbstractDriver::createCallbackFiber():565}()
#36 /home/user/PhpstormProjects/CryptoTrading/vendor/revolt/event-loop/src/EventLoop/Internal/DriverSuspension.php(171): Fiber->throw()
#37 /home/user/PhpstormProjects/CryptoTrading/vendor/revolt/event-loop/src/EventLoop/Internal/AbstractDriver.php(430): Revolt\EventLoop\Internal\DriverSuspension::{closure:Revolt\EventLoop\Internal\DriverSuspension::throw():168}()
#38 /home/user/PhpstormProjects/CryptoTrading/vendor/revolt/event-loop/src/EventLoop/Internal/AbstractDriver.php(621): Revolt\EventLoop\Internal\AbstractDriver->invokeMicrotasks()
#39 [internal function]: Revolt\EventLoop\Internal\AbstractDriver->{closure:Revolt\EventLoop\Internal\AbstractDriver::createCallbackFiber():565}()
#40 /home/user/PhpstormProjects/CryptoTrading/vendor/revolt/event-loop/src/EventLoop/Internal/DriverSuspension.php(171): Fiber->throw()
#41 /home/user/PhpstormProjects/CryptoTrading/vendor/revolt/event-loop/src/EventLoop/Internal/AbstractDriver.php(430): Revolt\EventLoop\Internal\DriverSuspension::{closure:Revolt\EventLoop\Internal\DriverSuspension::throw():168}()
#42 /home/user/PhpstormProjects/CryptoTrading/vendor/revolt/event-loop/src/EventLoop/Internal/AbstractDriver.php(567): Revolt\EventLoop\Internal\AbstractDriver->invokeMicrotasks()
#43 [internal function]: Revolt\EventLoop\Internal\AbstractDriver->{closure:Revolt\EventLoop\Internal\AbstractDriver::createCallbackFiber():565}()
#44 /home/user/PhpstormProjects/CryptoTrading/vendor/revolt/event-loop/src/EventLoop/Internal/DriverSuspension.php(64): Fiber->resume()
#45 /home/user/PhpstormProjects/CryptoTrading/vendor/revolt/event-loop/src/EventLoop/Internal/AbstractDriver.php(430): Revolt\EventLoop\Internal\DriverSuspension::{closure:Revolt\EventLoop\Internal\DriverSuspension::resume():61}()
#46 /home/user/PhpstormProjects/CryptoTrading/vendor/revolt/event-loop/src/EventLoop/Internal/AbstractDriver.php(567): Revolt\EventLoop\Internal\AbstractDriver->invokeMicrotasks()
#47 [internal function]: Revolt\EventLoop\Internal\AbstractDriver->{closure:Revolt\EventLoop\Internal\AbstractDriver::createCallbackFiber():565}()
#48 /home/user/PhpstormProjects/CryptoTrading/vendor/revolt/event-loop/src/EventLoop/Internal/DriverSuspension.php(64): Fiber->resume()
#49 /home/user/PhpstormProjects/CryptoTrading/vendor/revolt/event-loop/src/EventLoop/Internal/AbstractDriver.php(430): Revolt\EventLoop\Internal\DriverSuspension::{closure:Revolt\EventLoop\Internal\DriverSuspension::resume():61}()
#50 /home/user/PhpstormProjects/CryptoTrading/vendor/revolt/event-loop/src/EventLoop/Internal/AbstractDriver.php(567): Revolt\EventLoop\Internal\AbstractDriver->invokeMicrotasks()
#51 [internal function]: Revolt\EventLoop\Internal\AbstractDriver->{closure:Revolt\EventLoop\Internal\AbstractDriver::createCallbackFiber():565}()
#52 /home/user/PhpstormProjects/CryptoTrading/vendor/revolt/event-loop/src/EventLoop/Internal/DriverSuspension.php(64): Fiber->resume()
#53 /home/user/PhpstormProjects/CryptoTrading/vendor/revolt/event-loop/src/EventLoop/Internal/AbstractDriver.php(430): Revolt\EventLoop\Internal\DriverSuspension::{closure:Revolt\EventLoop\Internal\DriverSuspension::resume():61}()
#54 /home/user/PhpstormProjects/CryptoTrading/vendor/revolt/event-loop/src/EventLoop/Internal/AbstractDriver.php(567): Revolt\EventLoop\Internal\AbstractDriver->invokeMicrotasks()
#55 [internal function]: Revolt\EventLoop\Internal\AbstractDriver->{closure:Revolt\EventLoop\Internal\AbstractDriver::createCallbackFiber():565}()
#56 /home/user/PhpstormProjects/CryptoTrading/vendor/revolt/event-loop/src/EventLoop/Internal/DriverSuspension.php(64): Fiber->resume()
#57 /home/user/PhpstormProjects/CryptoTrading/vendor/revolt/event-loop/src/EventLoop/Internal/AbstractDriver.php(430): Revolt\EventLoop\Internal\DriverSuspension::{closure:Revolt\EventLoop\Internal\DriverSuspension::resume():61}()
#58 /home/user/PhpstormProjects/CryptoTrading/vendor/revolt/event-loop/src/EventLoop/Internal/AbstractDriver.php(621): Revolt\EventLoop\Internal\AbstractDriver->invokeMicrotasks()
#59 [internal function]: Revolt\EventLoop\Internal\AbstractDriver->{closure:Revolt\EventLoop\Internal\AbstractDriver::createCallbackFiber():565}()
#60 /home/user/PhpstormProjects/CryptoTrading/vendor/revolt/event-loop/src/EventLoop/Internal/DriverSuspension.php(64): Fiber->resume()
#61 /home/user/PhpstormProjects/CryptoTrading/vendor/revolt/event-loop/src/EventLoop/Internal/AbstractDriver.php(430): Revolt\EventLoop\Internal\DriverSuspension::{closure:Revolt\EventLoop\Internal\DriverSuspension::resume():61}()
#62 /home/user/PhpstormProjects/CryptoTrading/vendor/revolt/event-loop/src/EventLoop/Internal/AbstractDriver.php(567): Revolt\EventLoop\Internal\AbstractDriver->invokeMicrotasks()
#63 [internal function]: Revolt\EventLoop\Internal\AbstractDriver->{closure:Revolt\EventLoop\Internal\AbstractDriver::createCallbackFiber():565}()
#64 /home/user/PhpstormProjects/CryptoTrading/vendor/revolt/event-loop/src/EventLoop/Internal/AbstractDriver.php(503): Fiber->start()
#65 /home/user/PhpstormProjects/CryptoTrading/vendor/revolt/event-loop/src/EventLoop/Internal/AbstractDriver.php(558): Revolt\EventLoop\Internal\AbstractDriver->invokeCallbacks()
#66 [internal function]: Revolt\EventLoop\Internal\AbstractDriver->{closure:Revolt\EventLoop\Internal\AbstractDriver::createLoopFiber():538}()
#67 /home/user/PhpstormProjects/CryptoTrading/vendor/revolt/event-loop/src/EventLoop/Internal/AbstractDriver.php(96): Fiber->resume()
#68 /home/user/PhpstormProjects/CryptoTrading/vendor/revolt/event-loop/src/EventLoop/Internal/DriverSuspension.php(117): Revolt\EventLoop\Internal\AbstractDriver->{closure:Revolt\EventLoop\Internal\AbstractDriver::__construct():90}()
#69 /home/user/PhpstormProjects/CryptoTrading/vendor/amphp/amp/src/Future.php(251): Revolt\EventLoop\Internal\DriverSuspension->suspend()
#70 /home/user/PhpstormProjects/CryptoTrading/vendor/danog/madelineproto/src/Ipc/AbstractServer.php(177): Amp\Future->await()
#71 /home/user/PhpstormProjects/CryptoTrading/vendor/danog/madelineproto/src/Ipc/Runner/entry.php(119): danog\MadelineProto\Ipc\AbstractServer::waitShutdown()
#72 /home/user/PhpstormProjects/CryptoTrading/vendor/danog/madelineproto/src/Ipc/Runner/entry.php(154): {closure:/home/user/PhpstormProjects/CryptoTrading/vendor/danog/madelineproto/src/Ipc/Runner/entry.php:35}()
#73 {main}
AbstractServer: 	Got error while trying to send error of error of waitQrLogin: Amp\Ipc\Sync\ChannelException: The channel was already closed! in /home/user/PhpstormProjects/CryptoTrading/vendor/danog/ipc/lib/Sync/ChannelledSocket.php:39
Stack trace:
#0 /home/user/PhpstormProjects/CryptoTrading/vendor/danog/madelineproto/src/Ipc/AbstractServer.php(279): Amp\Ipc\Sync\ChannelledSocket->send()
#1 /home/user/PhpstormProjects/CryptoTrading/vendor/revolt/event-loop/src/EventLoop/Internal/AbstractDriver.php(430): danog\MadelineProto\Ipc\AbstractServer->clientRequest()
#2 /home/user/PhpstormProjects/CryptoTrading/vendor/revolt/event-loop/src/EventLoop/Internal/AbstractDriver.php(621): Revolt\EventLoop\Internal\AbstractDriver->invokeMicrotasks()
#3 [internal function]: Revolt\EventLoop\Internal\AbstractDriver->{closure:Revolt\EventLoop\Internal\AbstractDriver::createCallbackFiber():565}()
#4 /home/user/PhpstormProjects/CryptoTrading/vendor/revolt/event-loop/src/EventLoop/Internal/DriverSuspension.php(171): Fiber->throw()
#5 /home/user/PhpstormProjects/CryptoTrading/vendor/revolt/event-loop/src/EventLoop/Internal/AbstractDriver.php(430): Revolt\EventLoop\Internal\DriverSuspension::{closure:Revolt\EventLoop\Internal\DriverSuspension::throw():168}()
#6 /home/user/PhpstormProjects/CryptoTrading/vendor/revolt/event-loop/src/EventLoop/Internal/AbstractDriver.php(621): Revolt\EventLoop\Internal\AbstractDriver->invokeMicrotasks()
#7 [internal function]: Revolt\EventLoop\Internal\AbstractDriver->{closure:Revolt\EventLoop\Internal\AbstractDriver::createCallbackFiber():565}()
#8 /home/user/PhpstormProjects/CryptoTrading/vendor/revolt/event-loop/src/EventLoop/Internal/DriverSuspension.php(171): Fiber->throw()
#9 /home/user/PhpstormProjects/CryptoTrading/vendor/revolt/event-loop/src/EventLoop/Internal/AbstractDriver.php(430): Revolt\EventLoop\Internal\DriverSuspension::{closure:Revolt\EventLoop\Internal\DriverSuspension::throw():168}()
#10 /home/user/PhpstormProjects/CryptoTrading/vendor/revolt/event-loop/src/EventLoop/Internal/AbstractDriver.php(621): Revolt\EventLoop\Internal\AbstractDriver->invokeMicrotasks()
#11 [internal function]: Revolt\EventLoop\Internal\AbstractDriver->{closure:Revolt\EventLoop\Internal\AbstractDriver::createCallbackFiber():565}()
#12 /home/user/PhpstormProjects/CryptoTrading/vendor/revolt/event-loop/src/EventLoop/Internal/DriverSuspension.php(171): Fiber->throw()
#13 /home/user/PhpstormProjects/CryptoTrading/vendor/revolt/event-loop/src/EventLoop/Internal/AbstractDriver.php(430): Revolt\EventLoop\Internal\DriverSuspension::{closure:Revolt\EventLoop\Internal\DriverSuspension::throw():168}()
#14 /home/user/PhpstormProjects/CryptoTrading/vendor/revolt/event-loop/src/EventLoop/Internal/AbstractDriver.php(621): Revolt\EventLoop\Internal\AbstractDriver->invokeMicrotasks()
#15 [internal function]: Revolt\EventLoop\Internal\AbstractDriver->{closure:Revolt\EventLoop\Internal\AbstractDriver::createCallbackFiber():565}()
#16 /home/user/PhpstormProjects/CryptoTrading/vendor/revolt/event-loop/src/EventLoop/Internal/DriverSuspension.php(171): Fiber->throw()
#17 /home/user/PhpstormProjects/CryptoTrading/vendor/revolt/event-loop/src/EventLoop/Internal/AbstractDriver.php(430): Revolt\EventLoop\Internal\DriverSuspension::{closure:Revolt\EventLoop\Internal\DriverSuspension::throw():168}()
#18 /home/user/PhpstormProjects/CryptoTrading/vendor/revolt/event-loop/src/EventLoop/Internal/AbstractDriver.php(621): Revolt\EventLoop\Internal\AbstractDriver->invokeMicrotasks()
#19 [internal function]: Revolt\EventLoop\Internal\AbstractDriver->{closure:Revolt\EventLoop\Internal\AbstractDriver::createCallbackFiber():565}()
#20 /home/user/PhpstormProjects/CryptoTrading/vendor/revolt/event-loop/src/EventLoop/Internal/DriverSuspension.php(171): Fiber->throw()
#21 /home/user/PhpstormProjects/CryptoTrading/vendor/revolt/event-loop/src/EventLoop/Internal/AbstractDriver.php(430): Revolt\EventLoop\Internal\DriverSuspension::{closure:Revolt\EventLoop\Internal\DriverSuspension::throw():168}()
#22 /home/user/PhpstormProjects/CryptoTrading/vendor/revolt/event-loop/src/EventLoop/Internal/AbstractDriver.php(621): Revolt\EventLoop\Internal\AbstractDriver->invokeMicrotasks()
#23 [internal function]: Revolt\EventLoop\Internal\AbstractDriver->{closure:Revolt\EventLoop\Internal\AbstractDriver::createCallbackFiber():565}()
#24 /home/user/PhpstormProjects/CryptoTrading/vendor/revolt/event-loop/src/EventLoop/Internal/DriverSuspension.php(171): Fiber->throw()
#25 /home/user/PhpstormProjects/CryptoTrading/vendor/revolt/event-loop/src/EventLoop/Internal/AbstractDriver.php(430): Revolt\EventLoop\Internal\DriverSuspension::{closure:Revolt\EventLoop\Internal\DriverSuspension::throw():168}()
#26 /home/user/PhpstormProjects/CryptoTrading/vendor/revolt/event-loop/src/EventLoop/Internal/AbstractDriver.php(621): Revolt\EventLoop\Internal\AbstractDriver->invokeMicrotasks()
#27 [internal function]: Revolt\EventLoop\Internal\AbstractDriver->{closure:Revolt\EventLoop\Internal\AbstractDriver::createCallbackFiber():565}()
#28 /home/user/PhpstormProjects/CryptoTrading/vendor/revolt/event-loop/src/EventLoop/Internal/DriverSuspension.php(171): Fiber->throw()
#29 /home/user/PhpstormProjects/CryptoTrading/vendor/revolt/event-loop/src/EventLoop/Internal/AbstractDriver.php(430): Revolt\EventLoop\Internal\DriverSuspension::{closure:Revolt\EventLoop\Internal\DriverSuspension::throw():168}()
#30 /home/user/PhpstormProjects/CryptoTrading/vendor/revolt/event-loop/src/EventLoop/Internal/AbstractDriver.php(621): Revolt\EventLoop\Internal\AbstractDriver->invokeMicrotasks()
#31 [internal function]: Revolt\EventLoop\Internal\AbstractDriver->{closure:Revolt\EventLoop\Internal\AbstractDriver::createCallbackFiber():565}()
#32 /home/user/PhpstormProjects/CryptoTrading/vendor/revolt/event-loop/src/EventLoop/Internal/DriverSuspension.php(171): Fiber->throw()
#33 /home/user/PhpstormProjects/CryptoTrading/vendor/revolt/event-loop/src/EventLoop/Internal/AbstractDriver.php(430): Revolt\EventLoop\Internal\DriverSuspension::{closure:Revolt\EventLoop\Internal\DriverSuspension::throw():168}()
#34 /home/user/PhpstormProjects/CryptoTrading/vendor/revolt/event-loop/src/EventLoop/Internal/AbstractDriver.php(621): Revolt\EventLoop\Internal\AbstractDriver->invokeMicrotasks()
#35 [internal function]: Revolt\EventLoop\Internal\AbstractDriver->{closure:Revolt\EventLoop\Internal\AbstractDriver::createCallbackFiber():565}()
#36 /home/user/PhpstormProjects/CryptoTrading/vendor/revolt/event-loop/src/EventLoop/Internal/DriverSuspension.php(171): Fiber->throw()
#37 /home/user/PhpstormProjects/CryptoTrading/vendor/revolt/event-loop/src/EventLoop/Internal/AbstractDriver.php(430): Revolt\EventLoop\Internal\DriverSuspension::{closure:Revolt\EventLoop\Internal\DriverSuspension::throw():168}()
#38 /home/user/PhpstormProjects/CryptoTrading/vendor/revolt/event-loop/src/EventLoop/Internal/AbstractDriver.php(621): Revolt\EventLoop\Internal\AbstractDriver->invokeMicrotasks()
#39 [internal function]: Revolt\EventLoop\Internal\AbstractDriver->{closure:Revolt\EventLoop\Internal\AbstractDriver::createCallbackFiber():565}()
#40 /home/user/PhpstormProjects/CryptoTrading/vendor/revolt/event-loop/src/EventLoop/Internal/DriverSuspension.php(171): Fiber->throw()
#41 /home/user/PhpstormProjects/CryptoTrading/vendor/revolt/event-loop/src/EventLoop/Internal/AbstractDriver.php(430): Revolt\EventLoop\Internal\DriverSuspension::{closure:Revolt\EventLoop\Internal\DriverSuspension::throw():168}()
#42 /home/user/PhpstormProjects/CryptoTrading/vendor/revolt/event-loop/src/EventLoop/Internal/AbstractDriver.php(567): Revolt\EventLoop\Internal\AbstractDriver->invokeMicrotasks()
#43 [internal function]: Revolt\EventLoop\Internal\AbstractDriver->{closure:Revolt\EventLoop\Internal\AbstractDriver::createCallbackFiber():565}()
#44 /home/user/PhpstormProjects/CryptoTrading/vendor/revolt/event-loop/src/EventLoop/Internal/DriverSuspension.php(64): Fiber->resume()
#45 /home/user/PhpstormProjects/CryptoTrading/vendor/revolt/event-loop/src/EventLoop/Internal/AbstractDriver.php(430): Revolt\EventLoop\Internal\DriverSuspension::{closure:Revolt\EventLoop\Internal\DriverSuspension::resume():61}()
#46 /home/user/PhpstormProjects/CryptoTrading/vendor/revolt/event-loop/src/EventLoop/Internal/AbstractDriver.php(567): Revolt\EventLoop\Internal\AbstractDriver->invokeMicrotasks()
#47 [internal function]: Revolt\EventLoop\Internal\AbstractDriver->{closure:Revolt\EventLoop\Internal\AbstractDriver::createCallbackFiber():565}()
#48 /home/user/PhpstormProjects/CryptoTrading/vendor/revolt/event-loop/src/EventLoop/Internal/DriverSuspension.php(64): Fiber->resume()
#49 /home/user/PhpstormProjects/CryptoTrading/vendor/revolt/event-loop/src/EventLoop/Internal/AbstractDriver.php(430): Revolt\EventLoop\Internal\DriverSuspension::{closure:Revolt\EventLoop\Internal\DriverSuspension::resume():61}()
#50 /home/user/PhpstormProjects/CryptoTrading/vendor/revolt/event-loop/src/EventLoop/Internal/AbstractDriver.php(567): Revolt\EventLoop\Internal\AbstractDriver->invokeMicrotasks()
#51 [internal function]: Revolt\EventLoop\Internal\AbstractDriver->{closure:Revolt\EventLoop\Internal\AbstractDriver::createCallbackFiber():565}()
#52 /home/user/PhpstormProjects/CryptoTrading/vendor/revolt/event-loop/src/EventLoop/Internal/DriverSuspension.php(64): Fiber->resume()
#53 /home/user/PhpstormProjects/CryptoTrading/vendor/revolt/event-loop/src/EventLoop/Internal/AbstractDriver.php(430): Revolt\EventLoop\Internal\DriverSuspension::{closure:Revolt\EventLoop\Internal\DriverSuspension::resume():61}()
#54 /home/user/PhpstormProjects/CryptoTrading/vendor/revolt/event-loop/src/EventLoop/Internal/AbstractDriver.php(567): Revolt\EventLoop\Internal\AbstractDriver->invokeMicrotasks()
#55 [internal function]: Revolt\EventLoop\Internal\AbstractDriver->{closure:Revolt\EventLoop\Internal\AbstractDriver::createCallbackFiber():565}()
#56 /home/user/PhpstormProjects/CryptoTrading/vendor/revolt/event-loop/src/EventLoop/Internal/DriverSuspension.php(64): Fiber->resume()
#57 /home/user/PhpstormProjects/CryptoTrading/vendor/revolt/event-loop/src/EventLoop/Internal/AbstractDriver.php(430): Revolt\EventLoop\Internal\DriverSuspension::{closure:Revolt\EventLoop\Internal\DriverSuspension::resume():61}()
#58 /home/user/PhpstormProjects/CryptoTrading/vendor/revolt/event-loop/src/EventLoop/Internal/AbstractDriver.php(621): Revolt\EventLoop\Internal\AbstractDriver->invokeMicrotasks()
#59 [internal function]: Revolt\EventLoop\Internal\AbstractDriver->{closure:Revolt\EventLoop\Internal\AbstractDriver::createCallbackFiber():565}()
#60 /home/user/PhpstormProjects/CryptoTrading/vendor/revolt/event-loop/src/EventLoop/Internal/DriverSuspension.php(64): Fiber->resume()
#61 /home/user/PhpstormProjects/CryptoTrading/vendor/revolt/event-loop/src/EventLoop/Internal/AbstractDriver.php(430): Revolt\EventLoop\Internal\DriverSuspension::{closure:Revolt\EventLoop\Internal\DriverSuspension::resume():61}()
#62 /home/user/PhpstormProjects/CryptoTrading/vendor/revolt/event-loop/src/EventLoop/Internal/AbstractDriver.php(567): Revolt\EventLoop\Internal\AbstractDriver->invokeMicrotasks()
#63 [internal function]: Revolt\EventLoop\Internal\AbstractDriver->{closure:Revolt\EventLoop\Internal\AbstractDriver::createCallbackFiber():565}()
#64 /home/user/PhpstormProjects/CryptoTrading/vendor/revolt/event-loop/src/EventLoop/Internal/AbstractDriver.php(503): Fiber->start()
#65 /home/user/PhpstormProjects/CryptoTrading/vendor/revolt/event-loop/src/EventLoop/Internal/AbstractDriver.php(558): Revolt\EventLoop\Internal\AbstractDriver->invokeCallbacks()
#66 [internal function]: Revolt\EventLoop\Internal\AbstractDriver->{closure:Revolt\EventLoop\Internal\AbstractDriver::createLoopFiber():538}()
#67 /home/user/PhpstormProjects/CryptoTrading/vendor/revolt/event-loop/src/EventLoop/Internal/AbstractDriver.php(96): Fiber->resume()
#68 /home/user/PhpstormProjects/CryptoTrading/vendor/revolt/event-loop/src/EventLoop/Internal/DriverSuspension.php(117): Revolt\EventLoop\Internal\AbstractDriver->{closure:Revolt\EventLoop\Internal\AbstractDriver::__construct():90}()
#69 /home/user/PhpstormProjects/CryptoTrading/vendor/amphp/amp/src/Future.php(251): Revolt\EventLoop\Internal\DriverSuspension->suspend()
#70 /home/user/PhpstormProjects/CryptoTrading/vendor/danog/madelineproto/src/Ipc/AbstractServer.php(177): Amp\Future->await()
#71 /home/user/PhpstormProjects/CryptoTrading/vendor/danog/madelineproto/src/Ipc/Runner/entry.php(119): danog\MadelineProto\Ipc\AbstractServer::waitShutdown()
#72 /home/user/PhpstormProjects/CryptoTrading/vendor/danog/madelineproto/src/Ipc/Runner/entry.php(154): {closure:/home/user/PhpstormProjects/CryptoTrading/vendor/danog/madelineproto/src/Ipc/Runner/entry.php:35}()
#73 {main}
AbstractServer: 	Got error while trying to send result of waitQrLogin: Amp\Ipc\Sync\ChannelException: The channel was already closed! in /home/user/PhpstormProjects/CryptoTrading/vendor/danog/ipc/lib/Sync/ChannelledSocket.php:39
Stack trace:
#0 /home/user/PhpstormProjects/CryptoTrading/vendor/danog/madelineproto/src/Ipc/AbstractServer.php(275): Amp\Ipc\Sync\ChannelledSocket->send()
#1 /home/user/PhpstormProjects/CryptoTrading/vendor/revolt/event-loop/src/EventLoop/Internal/AbstractDriver.php(430): danog\MadelineProto\Ipc\AbstractServer->clientRequest()
#2 /home/user/PhpstormProjects/CryptoTrading/vendor/revolt/event-loop/src/EventLoop/Internal/AbstractDriver.php(621): Revolt\EventLoop\Internal\AbstractDriver->invokeMicrotasks()
#3 [internal function]: Revolt\EventLoop\Internal\AbstractDriver->{closure:Revolt\EventLoop\Internal\AbstractDriver::createCallbackFiber():565}()
#4 /home/user/PhpstormProjects/CryptoTrading/vendor/revolt/event-loop/src/EventLoop/Internal/DriverSuspension.php(171): Fiber->throw()
#5 /home/user/PhpstormProjects/CryptoTrading/vendor/revolt/event-loop/src/EventLoop/Internal/AbstractDriver.php(430): Revolt\EventLoop\Internal\DriverSuspension::{closure:Revolt\EventLoop\Internal\DriverSuspension::throw():168}()
#6 /home/user/PhpstormProjects/CryptoTrading/vendor/revolt/event-loop/src/EventLoop/Internal/AbstractDriver.php(621): Revolt\EventLoop\Internal\AbstractDriver->invokeMicrotasks()
#7 [internal function]: Revolt\EventLoop\Internal\AbstractDriver->{closure:Revolt\EventLoop\Internal\AbstractDriver::createCallbackFiber():565}()
#8 /home/user/PhpstormProjects/CryptoTrading/vendor/revolt/event-loop/src/EventLoop/Internal/DriverSuspension.php(171): Fiber->throw()
#9 /home/user/PhpstormProjects/CryptoTrading/vendor/revolt/event-loop/src/EventLoop/Internal/AbstractDriver.php(430): Revolt\EventLoop\Internal\DriverSuspension::{closure:Revolt\EventLoop\Internal\DriverSuspension::throw():168}()
#10 /home/user/PhpstormProjects/CryptoTrading/vendor/revolt/event-loop/src/EventLoop/Internal/AbstractDriver.php(621): Revolt\EventLoop\Internal\AbstractDriver->invokeMicrotasks()
#11 [internal function]: Revolt\EventLoop\Internal\AbstractDriver->{closure:Revolt\EventLoop\Internal\AbstractDriver::createCallbackFiber():565}()
#12 /home/user/PhpstormProjects/CryptoTrading/vendor/revolt/event-loop/src/EventLoop/Internal/DriverSuspension.php(171): Fiber->throw()
#13 /home/user/PhpstormProjects/CryptoTrading/vendor/revolt/event-loop/src/EventLoop/Internal/AbstractDriver.php(430): Revolt\EventLoop\Internal\DriverSuspension::{closure:Revolt\EventLoop\Internal\DriverSuspension::throw():168}()
#14 /home/user/PhpstormProjects/CryptoTrading/vendor/revolt/event-loop/src/EventLoop/Internal/AbstractDriver.php(621): Revolt\EventLoop\Internal\AbstractDriver->invokeMicrotasks()
#15 [internal function]: Revolt\EventLoop\Internal\AbstractDriver->{closure:Revolt\EventLoop\Internal\AbstractDriver::createCallbackFiber():565}()
#16 /home/user/PhpstormProjects/CryptoTrading/vendor/revolt/event-loop/src/EventLoop/Internal/DriverSuspension.php(171): Fiber->throw()
#17 /home/user/PhpstormProjects/CryptoTrading/vendor/revolt/event-loop/src/EventLoop/Internal/AbstractDriver.php(430): Revolt\EventLoop\Internal\DriverSuspension::{closure:Revolt\EventLoop\Internal\DriverSuspension::throw():168}()
#18 /home/user/PhpstormProjects/CryptoTrading/vendor/revolt/event-loop/src/EventLoop/Internal/AbstractDriver.php(621): Revolt\EventLoop\Internal\AbstractDriver->invokeMicrotasks()
#19 [internal function]: Revolt\EventLoop\Internal\AbstractDriver->{closure:Revolt\EventLoop\Internal\AbstractDriver::createCallbackFiber():565}()
#20 /home/user/PhpstormProjects/CryptoTrading/vendor/revolt/event-loop/src/EventLoop/Internal/DriverSuspension.php(171): Fiber->throw()
#21 /home/user/PhpstormProjects/CryptoTrading/vendor/revolt/event-loop/src/EventLoop/Internal/AbstractDriver.php(430): Revolt\EventLoop\Internal\DriverSuspension::{closure:Revolt\EventLoop\Internal\DriverSuspension::throw():168}()
#22 /home/user/PhpstormProjects/CryptoTrading/vendor/revolt/event-loop/src/EventLoop/Internal/AbstractDriver.php(621): Revolt\EventLoop\Internal\AbstractDriver->invokeMicrotasks()
#23 [internal function]: Revolt\EventLoop\Internal\AbstractDriver->{closure:Revolt\EventLoop\Internal\AbstractDriver::createCallbackFiber():565}()
#24 /home/user/PhpstormProjects/CryptoTrading/vendor/revolt/event-loop/src/EventLoop/Internal/DriverSuspension.php(171): Fiber->throw()
#25 /home/user/PhpstormProjects/CryptoTrading/vendor/revolt/event-loop/src/EventLoop/Internal/AbstractDriver.php(430): Revolt\EventLoop\Internal\DriverSuspension::{closure:Revolt\EventLoop\Internal\DriverSuspension::throw():168}()
#26 /home/user/PhpstormProjects/CryptoTrading/vendor/revolt/event-loop/src/EventLoop/Internal/AbstractDriver.php(621): Revolt\EventLoop\Internal\AbstractDriver->invokeMicrotasks()
#27 [internal function]: Revolt\EventLoop\Internal\AbstractDriver->{closure:Revolt\EventLoop\Internal\AbstractDriver::createCallbackFiber():565}()
#28 /home/user/PhpstormProjects/CryptoTrading/vendor/revolt/event-loop/src/EventLoop/Internal/DriverSuspension.php(171): Fiber->throw()
#29 /home/user/PhpstormProjects/CryptoTrading/vendor/revolt/event-loop/src/EventLoop/Internal/AbstractDriver.php(430): Revolt\EventLoop\Internal\DriverSuspension::{closure:Revolt\EventLoop\Internal\DriverSuspension::throw():168}()
#30 /home/user/PhpstormProjects/CryptoTrading/vendor/revolt/event-loop/src/EventLoop/Internal/AbstractDriver.php(621): Revolt\EventLoop\Internal\AbstractDriver->invokeMicrotasks()
#31 [internal function]: Revolt\EventLoop\Internal\AbstractDriver->{closure:Revolt\EventLoop\Internal\AbstractDriver::createCallbackFiber():565}()
#32 /home/user/PhpstormProjects/CryptoTrading/vendor/revolt/event-loop/src/EventLoop/Internal/DriverSuspension.php(171): Fiber->throw()
#33 /home/user/PhpstormProjects/CryptoTrading/vendor/revolt/event-loop/src/EventLoop/Internal/AbstractDriver.php(430): Revolt\EventLoop\Internal\DriverSuspension::{closure:Revolt\EventLoop\Internal\DriverSuspension::throw():168}()
#34 /home/user/PhpstormProjects/CryptoTrading/vendor/revolt/event-loop/src/EventLoop/Internal/AbstractDriver.php(621): Revolt\EventLoop\Internal\AbstractDriver->invokeMicrotasks()
#35 [internal function]: Revolt\EventLoop\Internal\AbstractDriver->{closure:Revolt\EventLoop\Internal\AbstractDriver::createCallbackFiber():565}()
#36 /home/user/PhpstormProjects/CryptoTrading/vendor/revolt/event-loop/src/EventLoop/Internal/DriverSuspension.php(171): Fiber->throw()
#37 /home/user/PhpstormProjects/CryptoTrading/vendor/revolt/event-loop/src/EventLoop/Internal/AbstractDriver.php(430): Revolt\EventLoop\Internal\DriverSuspension::{closure:Revolt\EventLoop\Internal\DriverSuspension::throw():168}()
#38 /home/user/PhpstormProjects/CryptoTrading/vendor/revolt/event-loop/src/EventLoop/Internal/AbstractDriver.php(621): Revolt\EventLoop\Internal\AbstractDriver->invokeMicrotasks()
#39 [internal function]: Revolt\EventLoop\Internal\AbstractDriver->{closure:Revolt\EventLoop\Internal\AbstractDriver::createCallbackFiber():565}()
#40 /home/user/PhpstormProjects/CryptoTrading/vendor/revolt/event-loop/src/EventLoop/Internal/DriverSuspension.php(171): Fiber->throw()
#41 /home/user/PhpstormProjects/CryptoTrading/vendor/revolt/event-loop/src/EventLoop/Internal/AbstractDriver.php(430): Revolt\EventLoop\Internal\DriverSuspension::{closure:Revolt\EventLoop\Internal\DriverSuspension::throw():168}()
#42 /home/user/PhpstormProjects/CryptoTrading/vendor/revolt/event-loop/src/EventLoop/Internal/AbstractDriver.php(621): Revolt\EventLoop\Internal\AbstractDriver->invokeMicrotasks()
#43 [internal function]: Revolt\EventLoop\Internal\AbstractDriver->{closure:Revolt\EventLoop\Internal\AbstractDriver::createCallbackFiber():565}()
#44 /home/user/PhpstormProjects/CryptoTrading/vendor/revolt/event-loop/src/EventLoop/Internal/DriverSuspension.php(171): Fiber->throw()
#45 /home/user/PhpstormProjects/CryptoTrading/vendor/revolt/event-loop/src/EventLoop/Internal/AbstractDriver.php(430): Revolt\EventLoop\Internal\DriverSuspension::{closure:Revolt\EventLoop\Internal\DriverSuspension::throw():168}()
#46 /home/user/PhpstormProjects/CryptoTrading/vendor/revolt/event-loop/src/EventLoop/Internal/AbstractDriver.php(567): Revolt\EventLoop\Internal\AbstractDriver->invokeMicrotasks()
#47 [internal function]: Revolt\EventLoop\Internal\AbstractDriver->{closure:Revolt\EventLoop\Internal\AbstractDriver::createCallbackFiber():565}()
#48 /home/user/PhpstormProjects/CryptoTrading/vendor/revolt/event-loop/src/EventLoop/Internal/DriverSuspension.php(64): Fiber->resume()
#49 /home/user/PhpstormProjects/CryptoTrading/vendor/revolt/event-loop/src/EventLoop/Internal/AbstractDriver.php(430): Revolt\EventLoop\Internal\DriverSuspension::{closure:Revolt\EventLoop\Internal\DriverSuspension::resume():61}()
#50 /home/user/PhpstormProjects/CryptoTrading/vendor/revolt/event-loop/src/EventLoop/Internal/AbstractDriver.php(567): Revolt\EventLoop\Internal\AbstractDriver->invokeMicrotasks()
#51 [internal function]: Revolt\EventLoop\Internal\AbstractDriver->{closure:Revolt\EventLoop\Internal\AbstractDriver::createCallbackFiber():565}()
#52 /home/user/PhpstormProjects/CryptoTrading/vendor/revolt/event-loop/src/EventLoop/Internal/DriverSuspension.php(64): Fiber->resume()
#53 /home/user/PhpstormProjects/CryptoTrading/vendor/revolt/event-loop/src/EventLoop/Internal/AbstractDriver.php(430): Revolt\EventLoop\Internal\DriverSuspension::{closure:Revolt\EventLoop\Internal\DriverSuspension::resume():61}()
#54 /home/user/PhpstormProjects/CryptoTrading/vendor/revolt/event-loop/src/EventLoop/Internal/AbstractDriver.php(567): Revolt\EventLoop\Internal\AbstractDriver->invokeMicrotasks()
#55 [internal function]: Revolt\EventLoop\Internal\AbstractDriver->{closure:Revolt\EventLoop\Internal\AbstractDriver::createCallbackFiber():565}()
#56 /home/user/PhpstormProjects/CryptoTrading/vendor/revolt/event-loop/src/EventLoop/Internal/DriverSuspension.php(64): Fiber->resume()
#57 /home/user/PhpstormProjects/CryptoTrading/vendor/revolt/event-loop/src/EventLoop/Internal/AbstractDriver.php(430): Revolt\EventLoop\Internal\DriverSuspension::{closure:Revolt\EventLoop\Internal\DriverSuspension::resume():61}()
#58 /home/user/PhpstormProjects/CryptoTrading/vendor/revolt/event-loop/src/EventLoop/Internal/AbstractDriver.php(567): Revolt\EventLoop\Internal\AbstractDriver->invokeMicrotasks()
#59 [internal function]: Revolt\EventLoop\Internal\AbstractDriver->{closure:Revolt\EventLoop\Internal\AbstractDriver::createCallbackFiber():565}()
#60 /home/user/PhpstormProjects/CryptoTrading/vendor/revolt/event-loop/src/EventLoop/Internal/DriverSuspension.php(64): Fiber->resume()
#61 /home/user/PhpstormProjects/CryptoTrading/vendor/revolt/event-loop/src/EventLoop/Internal/AbstractDriver.php(430): Revolt\EventLoop\Internal\DriverSuspension::{closure:Revolt\EventLoop\Internal\DriverSuspension::resume():61}()
#62 /home/user/PhpstormProjects/CryptoTrading/vendor/revolt/event-loop/src/EventLoop/Internal/AbstractDriver.php(621): Revolt\EventLoop\Internal\AbstractDriver->invokeMicrotasks()
#63 [internal function]: Revolt\EventLoop\Internal\AbstractDriver->{closure:Revolt\EventLoop\Internal\AbstractDriver::createCallbackFiber():565}()
#64 /home/user/PhpstormProjects/CryptoTrading/vendor/revolt/event-loop/src/EventLoop/Internal/DriverSuspension.php(64): Fiber->resume()
#65 /home/user/PhpstormProjects/CryptoTrading/vendor/revolt/event-loop/src/EventLoop/Internal/AbstractDriver.php(430): Revolt\EventLoop\Internal\DriverSuspension::{closure:Revolt\EventLoop\Internal\DriverSuspension::resume():61}()
#66 /home/user/PhpstormProjects/CryptoTrading/vendor/revolt/event-loop/src/EventLoop/Internal/AbstractDriver.php(567): Revolt\EventLoop\Internal\AbstractDriver->invokeMicrotasks()
#67 [internal function]: Revolt\EventLoop\Internal\AbstractDriver->{closure:Revolt\EventLoop\Internal\AbstractDriver::createCallbackFiber():565}()
#68 /home/user/PhpstormProjects/CryptoTrading/vendor/revolt/event-loop/src/EventLoop/Internal/AbstractDriver.php(503): Fiber->start()
#69 /home/user/PhpstormProjects/CryptoTrading/vendor/revolt/event-loop/src/EventLoop/Internal/AbstractDriver.php(558): Revolt\EventLoop\Internal\AbstractDriver->invokeCallbacks()
#70 [internal function]: Revolt\EventLoop\Internal\AbstractDriver->{closure:Revolt\EventLoop\Internal\AbstractDriver::createLoopFiber():538}()
#71 /home/user/PhpstormProjects/CryptoTrading/vendor/revolt/event-loop/src/EventLoop/Internal/AbstractDriver.php(96): Fiber->resume()
#72 /home/user/PhpstormProjects/CryptoTrading/vendor/revolt/event-loop/src/EventLoop/Internal/DriverSuspension.php(117): Revolt\EventLoop\Internal\AbstractDriver->{closure:Revolt\EventLoop\Internal\AbstractDriver::__construct():90}()
#73 /home/user/PhpstormProjects/CryptoTrading/vendor/amphp/amp/src/Future.php(251): Revolt\EventLoop\Internal\DriverSuspension->suspend()
#74 /home/user/PhpstormProjects/CryptoTrading/vendor/danog/madelineproto/src/Ipc/AbstractServer.php(177): Amp\Future->await()
#75 /home/user/PhpstormProjects/CryptoTrading/vendor/danog/madelineproto/src/Ipc/Runner/entry.php(119): danog\MadelineProto\Ipc\AbstractServer::waitShutdown()
#76 /home/user/PhpstormProjects/CryptoTrading/vendor/danog/madelineproto/src/Ipc/Runner/entry.php(154): {closure:/home/user/PhpstormProjects/CryptoTrading/vendor/danog/madelineproto/src/Ipc/Runner/entry.php:35}()
#77 {main}
AbstractServer: 	Got error while trying to send error of error of waitQrLogin: Amp\Ipc\Sync\ChannelException: The channel was already closed! in /home/user/PhpstormProjects/CryptoTrading/vendor/danog/ipc/lib/Sync/ChannelledSocket.php:39
Stack trace:
#0 /home/user/PhpstormProjects/CryptoTrading/vendor/danog/madelineproto/src/Ipc/AbstractServer.php(279): Amp\Ipc\Sync\ChannelledSocket->send()
#1 /home/user/PhpstormProjects/CryptoTrading/vendor/revolt/event-loop/src/EventLoop/Internal/AbstractDriver.php(430): danog\MadelineProto\Ipc\AbstractServer->clientRequest()
#2 /home/user/PhpstormProjects/CryptoTrading/vendor/revolt/event-loop/src/EventLoop/Internal/AbstractDriver.php(621): Revolt\EventLoop\Internal\AbstractDriver->invokeMicrotasks()
#3 [internal function]: Revolt\EventLoop\Internal\AbstractDriver->{closure:Revolt\EventLoop\Internal\AbstractDriver::createCallbackFiber():565}()
#4 /home/user/PhpstormProjects/CryptoTrading/vendor/revolt/event-loop/src/EventLoop/Internal/DriverSuspension.php(171): Fiber->throw()
#5 /home/user/PhpstormProjects/CryptoTrading/vendor/revolt/event-loop/src/EventLoop/Internal/AbstractDriver.php(430): Revolt\EventLoop\Internal\DriverSuspension::{closure:Revolt\EventLoop\Internal\DriverSuspension::throw():168}()
#6 /home/user/PhpstormProjects/CryptoTrading/vendor/revolt/event-loop/src/EventLoop/Internal/AbstractDriver.php(621): Revolt\EventLoop\Internal\AbstractDriver->invokeMicrotasks()
#7 [internal function]: Revolt\EventLoop\Internal\AbstractDriver->{closure:Revolt\EventLoop\Internal\AbstractDriver::createCallbackFiber():565}()
#8 /home/user/PhpstormProjects/CryptoTrading/vendor/revolt/event-loop/src/EventLoop/Internal/DriverSuspension.php(171): Fiber->throw()
#9 /home/user/PhpstormProjects/CryptoTrading/vendor/revolt/event-loop/src/EventLoop/Internal/AbstractDriver.php(430): Revolt\EventLoop\Internal\DriverSuspension::{closure:Revolt\EventLoop\Internal\DriverSuspension::throw():168}()
#10 /home/user/PhpstormProjects/CryptoTrading/vendor/revolt/event-loop/src/EventLoop/Internal/AbstractDriver.php(621): Revolt\EventLoop\Internal\AbstractDriver->invokeMicrotasks()
#11 [internal function]: Revolt\EventLoop\Internal\AbstractDriver->{closure:Revolt\EventLoop\Internal\AbstractDriver::createCallbackFiber():565}()
#12 /home/user/PhpstormProjects/CryptoTrading/vendor/revolt/event-loop/src/EventLoop/Internal/DriverSuspension.php(171): Fiber->throw()
#13 /home/user/PhpstormProjects/CryptoTrading/vendor/revolt/event-loop/src/EventLoop/Internal/AbstractDriver.php(430): Revolt\EventLoop\Internal\DriverSuspension::{closure:Revolt\EventLoop\Internal\DriverSuspension::throw():168}()
#14 /home/user/PhpstormProjects/CryptoTrading/vendor/revolt/event-loop/src/EventLoop/Internal/AbstractDriver.php(621): Revolt\EventLoop\Internal\AbstractDriver->invokeMicrotasks()
#15 [internal function]: Revolt\EventLoop\Internal\AbstractDriver->{closure:Revolt\EventLoop\Internal\AbstractDriver::createCallbackFiber():565}()
#16 /home/user/PhpstormProjects/CryptoTrading/vendor/revolt/event-loop/src/EventLoop/Internal/DriverSuspension.php(171): Fiber->throw()
#17 /home/user/PhpstormProjects/CryptoTrading/vendor/revolt/event-loop/src/EventLoop/Internal/AbstractDriver.php(430): Revolt\EventLoop\Internal\DriverSuspension::{closure:Revolt\EventLoop\Internal\DriverSuspension::throw():168}()
#18 /home/user/PhpstormProjects/CryptoTrading/vendor/revolt/event-loop/src/EventLoop/Internal/AbstractDriver.php(621): Revolt\EventLoop\Internal\AbstractDriver->invokeMicrotasks()
#19 [internal function]: Revolt\EventLoop\Internal\AbstractDriver->{closure:Revolt\EventLoop\Internal\AbstractDriver::createCallbackFiber():565}()
#20 /home/user/PhpstormProjects/CryptoTrading/vendor/revolt/event-loop/src/EventLoop/Internal/DriverSuspension.php(171): Fiber->throw()
#21 /home/user/PhpstormProjects/CryptoTrading/vendor/revolt/event-loop/src/EventLoop/Internal/AbstractDriver.php(430): Revolt\EventLoop\Internal\DriverSuspension::{closure:Revolt\EventLoop\Internal\DriverSuspension::throw():168}()
#22 /home/user/PhpstormProjects/CryptoTrading/vendor/revolt/event-loop/src/EventLoop/Internal/AbstractDriver.php(621): Revolt\EventLoop\Internal\AbstractDriver->invokeMicrotasks()
#23 [internal function]: Revolt\EventLoop\Internal\AbstractDriver->{closure:Revolt\EventLoop\Internal\AbstractDriver::createCallbackFiber():565}()
#24 /home/user/PhpstormProjects/CryptoTrading/vendor/revolt/event-loop/src/EventLoop/Internal/DriverSuspension.php(171): Fiber->throw()
#25 /home/user/PhpstormProjects/CryptoTrading/vendor/revolt/event-loop/src/EventLoop/Internal/AbstractDriver.php(430): Revolt\EventLoop\Internal\DriverSuspension::{closure:Revolt\EventLoop\Internal\DriverSuspension::throw():168}()
#26 /home/user/PhpstormProjects/CryptoTrading/vendor/revolt/event-loop/src/EventLoop/Internal/AbstractDriver.php(621): Revolt\EventLoop\Internal\AbstractDriver->invokeMicrotasks()
#27 [internal function]: Revolt\EventLoop\Internal\AbstractDriver->{closure:Revolt\EventLoop\Internal\AbstractDriver::createCallbackFiber():565}()
#28 /home/user/PhpstormProjects/CryptoTrading/vendor/revolt/event-loop/src/EventLoop/Internal/DriverSuspension.php(171): Fiber->throw()
#29 /home/user/PhpstormProjects/CryptoTrading/vendor/revolt/event-loop/src/EventLoop/Internal/AbstractDriver.php(430): Revolt\EventLoop\Internal\DriverSuspension::{closure:Revolt\EventLoop\Internal\DriverSuspension::throw():168}()
#30 /home/user/PhpstormProjects/CryptoTrading/vendor/revolt/event-loop/src/EventLoop/Internal/AbstractDriver.php(621): Revolt\EventLoop\Internal\AbstractDriver->invokeMicrotasks()
#31 [internal function]: Revolt\EventLoop\Internal\AbstractDriver->{closure:Revolt\EventLoop\Internal\AbstractDriver::createCallbackFiber():565}()
#32 /home/user/PhpstormProjects/CryptoTrading/vendor/revolt/event-loop/src/EventLoop/Internal/DriverSuspension.php(171): Fiber->throw()
#33 /home/user/PhpstormProjects/CryptoTrading/vendor/revolt/event-loop/src/EventLoop/Internal/AbstractDriver.php(430): Revolt\EventLoop\Internal\DriverSuspension::{closure:Revolt\EventLoop\Internal\DriverSuspension::throw():168}()
#34 /home/user/PhpstormProjects/CryptoTrading/vendor/revolt/event-loop/src/EventLoop/Internal/AbstractDriver.php(621): Revolt\EventLoop\Internal\AbstractDriver->invokeMicrotasks()
#35 [internal function]: Revolt\EventLoop\Internal\AbstractDriver->{closure:Revolt\EventLoop\Internal\AbstractDriver::createCallbackFiber():565}()
#36 /home/user/PhpstormProjects/CryptoTrading/vendor/revolt/event-loop/src/EventLoop/Internal/DriverSuspension.php(171): Fiber->throw()
#37 /home/user/PhpstormProjects/CryptoTrading/vendor/revolt/event-loop/src/EventLoop/Internal/AbstractDriver.php(430): Revolt\EventLoop\Internal\DriverSuspension::{closure:Revolt\EventLoop\Internal\DriverSuspension::throw():168}()
#38 /home/user/PhpstormProjects/CryptoTrading/vendor/revolt/event-loop/src/EventLoop/Internal/AbstractDriver.php(621): Revolt\EventLoop\Internal\AbstractDriver->invokeMicrotasks()
#39 [internal function]: Revolt\EventLoop\Internal\AbstractDriver->{closure:Revolt\EventLoop\Internal\AbstractDriver::createCallbackFiber():565}()
#40 /home/user/PhpstormProjects/CryptoTrading/vendor/revolt/event-loop/src/EventLoop/Internal/DriverSuspension.php(171): Fiber->throw()
#41 /home/user/PhpstormProjects/CryptoTrading/vendor/revolt/event-loop/src/EventLoop/Internal/AbstractDriver.php(430): Revolt\EventLoop\Internal\DriverSuspension::{closure:Revolt\EventLoop\Internal\DriverSuspension::throw():168}()
#42 /home/user/PhpstormProjects/CryptoTrading/vendor/revolt/event-loop/src/EventLoop/Internal/AbstractDriver.php(621): Revolt\EventLoop\Internal\AbstractDriver->invokeMicrotasks()
#43 [internal function]: Revolt\EventLoop\Internal\AbstractDriver->{closure:Revolt\EventLoop\Internal\AbstractDriver::createCallbackFiber():565}()
#44 /home/user/PhpstormProjects/CryptoTrading/vendor/revolt/event-loop/src/EventLoop/Internal/DriverSuspension.php(171): Fiber->throw()
#45 /home/user/PhpstormProjects/CryptoTrading/vendor/revolt/event-loop/src/EventLoop/Internal/AbstractDriver.php(430): Revolt\EventLoop\Internal\DriverSuspension::{closure:Revolt\EventLoop\Internal\DriverSuspension::throw():168}()
#46 /home/user/PhpstormProjects/CryptoTrading/vendor/revolt/event-loop/src/EventLoop/Internal/AbstractDriver.php(567): Revolt\EventLoop\Internal\AbstractDriver->invokeMicrotasks()
#47 [internal function]: Revolt\EventLoop\Internal\AbstractDriver->{closure:Revolt\EventLoop\Internal\AbstractDriver::createCallbackFiber():565}()
#48 /home/user/PhpstormProjects/CryptoTrading/vendor/revolt/event-loop/src/EventLoop/Internal/DriverSuspension.php(64): Fiber->resume()
#49 /home/user/PhpstormProjects/CryptoTrading/vendor/revolt/event-loop/src/EventLoop/Internal/AbstractDriver.php(430): Revolt\EventLoop\Internal\DriverSuspension::{closure:Revolt\EventLoop\Internal\DriverSuspension::resume():61}()
#50 /home/user/PhpstormProjects/CryptoTrading/vendor/revolt/event-loop/src/EventLoop/Internal/AbstractDriver.php(567): Revolt\EventLoop\Internal\AbstractDriver->invokeMicrotasks()
#51 [internal function]: Revolt\EventLoop\Internal\AbstractDriver->{closure:Revolt\EventLoop\Internal\AbstractDriver::createCallbackFiber():565}()
#52 /home/user/PhpstormProjects/CryptoTrading/vendor/revolt/event-loop/src/EventLoop/Internal/DriverSuspension.php(64): Fiber->resume()
#53 /home/user/PhpstormProjects/CryptoTrading/vendor/revolt/event-loop/src/EventLoop/Internal/AbstractDriver.php(430): Revolt\EventLoop\Internal\DriverSuspension::{closure:Revolt\EventLoop\Internal\DriverSuspension::resume():61}()
#54 /home/user/PhpstormProjects/CryptoTrading/vendor/revolt/event-loop/src/EventLoop/Internal/AbstractDriver.php(567): Revolt\EventLoop\Internal\AbstractDriver->invokeMicrotasks()
#55 [internal function]: Revolt\EventLoop\Internal\AbstractDriver->{closure:Revolt\EventLoop\Internal\AbstractDriver::createCallbackFiber():565}()
#56 /home/user/PhpstormProjects/CryptoTrading/vendor/revolt/event-loop/src/EventLoop/Internal/DriverSuspension.php(64): Fiber->resume()
#57 /home/user/PhpstormProjects/CryptoTrading/vendor/revolt/event-loop/src/EventLoop/Internal/AbstractDriver.php(430): Revolt\EventLoop\Internal\DriverSuspension::{closure:Revolt\EventLoop\Internal\DriverSuspension::resume():61}()
#58 /home/user/PhpstormProjects/CryptoTrading/vendor/revolt/event-loop/src/EventLoop/Internal/AbstractDriver.php(567): Revolt\EventLoop\Internal\AbstractDriver->invokeMicrotasks()
#59 [internal function]: Revolt\EventLoop\Internal\AbstractDriver->{closure:Revolt\EventLoop\Internal\AbstractDriver::createCallbackFiber():565}()
#60 /home/user/PhpstormProjects/CryptoTrading/vendor/revolt/event-loop/src/EventLoop/Internal/DriverSuspension.php(64): Fiber->resume()
#61 /home/user/PhpstormProjects/CryptoTrading/vendor/revolt/event-loop/src/EventLoop/Internal/AbstractDriver.php(430): Revolt\EventLoop\Internal\DriverSuspension::{closure:Revolt\EventLoop\Internal\DriverSuspension::resume():61}()
#62 /home/user/PhpstormProjects/CryptoTrading/vendor/revolt/event-loop/src/EventLoop/Internal/AbstractDriver.php(621): Revolt\EventLoop\Internal\AbstractDriver->invokeMicrotasks()
#63 [internal function]: Revolt\EventLoop\Internal\AbstractDriver->{closure:Revolt\EventLoop\Internal\AbstractDriver::createCallbackFiber():565}()
#64 /home/user/PhpstormProjects/CryptoTrading/vendor/revolt/event-loop/src/EventLoop/Internal/DriverSuspension.php(64): Fiber->resume()
#65 /home/user/PhpstormProjects/CryptoTrading/vendor/revolt/event-loop/src/EventLoop/Internal/AbstractDriver.php(430): Revolt\EventLoop\Internal\DriverSuspension::{closure:Revolt\EventLoop\Internal\DriverSuspension::resume():61}()
#66 /home/user/PhpstormProjects/CryptoTrading/vendor/revolt/event-loop/src/EventLoop/Internal/AbstractDriver.php(567): Revolt\EventLoop\Internal\AbstractDriver->invokeMicrotasks()
#67 [internal function]: Revolt\EventLoop\Internal\AbstractDriver->{closure:Revolt\EventLoop\Internal\AbstractDriver::createCallbackFiber():565}()
#68 /home/user/PhpstormProjects/CryptoTrading/vendor/revolt/event-loop/src/EventLoop/Internal/AbstractDriver.php(503): Fiber->start()
#69 /home/user/PhpstormProjects/CryptoTrading/vendor/revolt/event-loop/src/EventLoop/Internal/AbstractDriver.php(558): Revolt\EventLoop\Internal\AbstractDriver->invokeCallbacks()
#70 [internal function]: Revolt\EventLoop\Internal\AbstractDriver->{closure:Revolt\EventLoop\Internal\AbstractDriver::createLoopFiber():538}()
#71 /home/user/PhpstormProjects/CryptoTrading/vendor/revolt/event-loop/src/EventLoop/Internal/AbstractDriver.php(96): Fiber->resume()
#72 /home/user/PhpstormProjects/CryptoTrading/vendor/revolt/event-loop/src/EventLoop/Internal/DriverSuspension.php(117): Revolt\EventLoop\Internal\AbstractDriver->{closure:Revolt\EventLoop\Internal\AbstractDriver::__construct():90}()
#73 /home/user/PhpstormProjects/CryptoTrading/vendor/amphp/amp/src/Future.php(251): Revolt\EventLoop\Internal\DriverSuspension->suspend()
#74 /home/user/PhpstormProjects/CryptoTrading/vendor/danog/madelineproto/src/Ipc/AbstractServer.php(177): Amp\Future->await()
#75 /home/user/PhpstormProjects/CryptoTrading/vendor/danog/madelineproto/src/Ipc/Runner/entry.php(119): danog\MadelineProto\Ipc\AbstractServer::waitShutdown()
#76 /home/user/PhpstormProjects/CryptoTrading/vendor/danog/madelineproto/src/Ipc/Runner/entry.php(154): {closure:/home/user/PhpstormProjects/CryptoTrading/vendor/danog/madelineproto/src/Ipc/Runner/entry.php:35}()
#77 {main}
AbstractServer: 	Got error while trying to send result of waitQrLogin: Amp\Ipc\Sync\ChannelException: The channel was already closed! in /home/user/PhpstormProjects/CryptoTrading/vendor/danog/ipc/lib/Sync/ChannelledSocket.php:39
Stack trace:
#0 /home/user/PhpstormProjects/CryptoTrading/vendor/danog/madelineproto/src/Ipc/AbstractServer.php(275): Amp\Ipc\Sync\ChannelledSocket->send()
#1 /home/user/PhpstormProjects/CryptoTrading/vendor/revolt/event-loop/src/EventLoop/Internal/AbstractDriver.php(430): danog\MadelineProto\Ipc\AbstractServer->clientRequest()
#2 /home/user/PhpstormProjects/CryptoTrading/vendor/revolt/event-loop/src/EventLoop/Internal/AbstractDriver.php(621): Revolt\EventLoop\Internal\AbstractDriver->invokeMicrotasks()
#3 [internal function]: Revolt\EventLoop\Internal\AbstractDriver->{closure:Revolt\EventLoop\Internal\AbstractDriver::createCallbackFiber():565}()
#4 /home/user/PhpstormProjects/CryptoTrading/vendor/revolt/event-loop/src/EventLoop/Internal/DriverSuspension.php(171): Fiber->throw()
#5 /home/user/PhpstormProjects/CryptoTrading/vendor/revolt/event-loop/src/EventLoop/Internal/AbstractDriver.php(430): Revolt\EventLoop\Internal\DriverSuspension::{closure:Revolt\EventLoop\Internal\DriverSuspension::throw():168}()
#6 /home/user/PhpstormProjects/CryptoTrading/vendor/revolt/event-loop/src/EventLoop/Internal/AbstractDriver.php(621): Revolt\EventLoop\Internal\AbstractDriver->invokeMicrotasks()
#7 [internal function]: Revolt\EventLoop\Internal\AbstractDriver->{closure:Revolt\EventLoop\Internal\AbstractDriver::createCallbackFiber():565}()
#8 /home/user/PhpstormProjects/CryptoTrading/vendor/revolt/event-loop/src/EventLoop/Internal/DriverSuspension.php(171): Fiber->throw()
#9 /home/user/PhpstormProjects/CryptoTrading/vendor/revolt/event-loop/src/EventLoop/Internal/AbstractDriver.php(430): Revolt\EventLoop\Internal\DriverSuspension::{closure:Revolt\EventLoop\Internal\DriverSuspension::throw():168}()
#10 /home/user/PhpstormProjects/CryptoTrading/vendor/revolt/event-loop/src/EventLoop/Internal/AbstractDriver.php(621): Revolt\EventLoop\Internal\AbstractDriver->invokeMicrotasks()
#11 [internal function]: Revolt\EventLoop\Internal\AbstractDriver->{closure:Revolt\EventLoop\Internal\AbstractDriver::createCallbackFiber():565}()
#12 /home/user/PhpstormProjects/CryptoTrading/vendor/revolt/event-loop/src/EventLoop/Internal/DriverSuspension.php(171): Fiber->throw()
#13 /home/user/PhpstormProjects/CryptoTrading/vendor/revolt/event-loop/src/EventLoop/Internal/AbstractDriver.php(430): Revolt\EventLoop\Internal\DriverSuspension::{closure:Revolt\EventLoop\Internal\DriverSuspension::throw():168}()
#14 /home/user/PhpstormProjects/CryptoTrading/vendor/revolt/event-loop/src/EventLoop/Internal/AbstractDriver.php(621): Revolt\EventLoop\Internal\AbstractDriver->invokeMicrotasks()
#15 [internal function]: Revolt\EventLoop\Internal\AbstractDriver->{closure:Revolt\EventLoop\Internal\AbstractDriver::createCallbackFiber():565}()
#16 /home/user/PhpstormProjects/CryptoTrading/vendor/revolt/event-loop/src/EventLoop/Internal/DriverSuspension.php(171): Fiber->throw()
#17 /home/user/PhpstormProjects/CryptoTrading/vendor/revolt/event-loop/src/EventLoop/Internal/AbstractDriver.php(430): Revolt\EventLoop\Internal\DriverSuspension::{closure:Revolt\EventLoop\Internal\DriverSuspension::throw():168}()
#18 /home/user/PhpstormProjects/CryptoTrading/vendor/revolt/event-loop/src/EventLoop/Internal/AbstractDriver.php(621): Revolt\EventLoop\Internal\AbstractDriver->invokeMicrotasks()
#19 [internal function]: Revolt\EventLoop\Internal\AbstractDriver->{closure:Revolt\EventLoop\Internal\AbstractDriver::createCallbackFiber():565}()
#20 /home/user/PhpstormProjects/CryptoTrading/vendor/revolt/event-loop/src/EventLoop/Internal/DriverSuspension.php(171): Fiber->throw()
#21 /home/user/PhpstormProjects/CryptoTrading/vendor/revolt/event-loop/src/EventLoop/Internal/AbstractDriver.php(430): Revolt\EventLoop\Internal\DriverSuspension::{closure:Revolt\EventLoop\Internal\DriverSuspension::throw():168}()
#22 /home/user/PhpstormProjects/CryptoTrading/vendor/revolt/event-loop/src/EventLoop/Internal/AbstractDriver.php(621): Revolt\EventLoop\Internal\AbstractDriver->invokeMicrotasks()
#23 [internal function]: Revolt\EventLoop\Internal\AbstractDriver->{closure:Revolt\EventLoop\Internal\AbstractDriver::createCallbackFiber():565}()
#24 /home/user/PhpstormProjects/CryptoTrading/vendor/revolt/event-loop/src/EventLoop/Internal/DriverSuspension.php(171): Fiber->throw()
#25 /home/user/PhpstormProjects/CryptoTrading/vendor/revolt/event-loop/src/EventLoop/Internal/AbstractDriver.php(430): Revolt\EventLoop\Internal\DriverSuspension::{closure:Revolt\EventLoop\Internal\DriverSuspension::throw():168}()
#26 /home/user/PhpstormProjects/CryptoTrading/vendor/revolt/event-loop/src/EventLoop/Internal/AbstractDriver.php(621): Revolt\EventLoop\Internal\AbstractDriver->invokeMicrotasks()
#27 [internal function]: Revolt\EventLoop\Internal\AbstractDriver->{closure:Revolt\EventLoop\Internal\AbstractDriver::createCallbackFiber():565}()
#28 /home/user/PhpstormProjects/CryptoTrading/vendor/revolt/event-loop/src/EventLoop/Internal/DriverSuspension.php(171): Fiber->throw()
#29 /home/user/PhpstormProjects/CryptoTrading/vendor/revolt/event-loop/src/EventLoop/Internal/AbstractDriver.php(430): Revolt\EventLoop\Internal\DriverSuspension::{closure:Revolt\EventLoop\Internal\DriverSuspension::throw():168}()
#30 /home/user/PhpstormProjects/CryptoTrading/vendor/revolt/event-loop/src/EventLoop/Internal/AbstractDriver.php(621): Revolt\EventLoop\Internal\AbstractDriver->invokeMicrotasks()
#31 [internal function]: Revolt\EventLoop\Internal\AbstractDriver->{closure:Revolt\EventLoop\Internal\AbstractDriver::createCallbackFiber():565}()
#32 /home/user/PhpstormProjects/CryptoTrading/vendor/revolt/event-loop/src/EventLoop/Internal/DriverSuspension.php(171): Fiber->throw()
#33 /home/user/PhpstormProjects/CryptoTrading/vendor/revolt/event-loop/src/EventLoop/Internal/AbstractDriver.php(430): Revolt\EventLoop\Internal\DriverSuspension::{closure:Revolt\EventLoop\Internal\DriverSuspension::throw():168}()
#34 /home/user/PhpstormProjects/CryptoTrading/vendor/revolt/event-loop/src/EventLoop/Internal/AbstractDriver.php(621): Revolt\EventLoop\Internal\AbstractDriver->invokeMicrotasks()
#35 [internal function]: Revolt\EventLoop\Internal\AbstractDriver->{closure:Revolt\EventLoop\Internal\AbstractDriver::createCallbackFiber():565}()
#36 /home/user/PhpstormProjects/CryptoTrading/vendor/revolt/event-loop/src/EventLoop/Internal/DriverSuspension.php(171): Fiber->throw()
#37 /home/user/PhpstormProjects/CryptoTrading/vendor/revolt/event-loop/src/EventLoop/Internal/AbstractDriver.php(430): Revolt\EventLoop\Internal\DriverSuspension::{closure:Revolt\EventLoop\Internal\DriverSuspension::throw():168}()
#38 /home/user/PhpstormProjects/CryptoTrading/vendor/revolt/event-loop/src/EventLoop/Internal/AbstractDriver.php(621): Revolt\EventLoop\Internal\AbstractDriver->invokeMicrotasks()
#39 [internal function]: Revolt\EventLoop\Internal\AbstractDriver->{closure:Revolt\EventLoop\Internal\AbstractDriver::createCallbackFiber():565}()
#40 /home/user/PhpstormProjects/CryptoTrading/vendor/revolt/event-loop/src/EventLoop/Internal/DriverSuspension.php(171): Fiber->throw()
#41 /home/user/PhpstormProjects/CryptoTrading/vendor/revolt/event-loop/src/EventLoop/Internal/AbstractDriver.php(430): Revolt\EventLoop\Internal\DriverSuspension::{closure:Revolt\EventLoop\Internal\DriverSuspension::throw():168}()
#42 /home/user/PhpstormProjects/CryptoTrading/vendor/revolt/event-loop/src/EventLoop/Internal/AbstractDriver.php(621): Revolt\EventLoop\Internal\AbstractDriver->invokeMicrotasks()
#43 [internal function]: Revolt\EventLoop\Internal\AbstractDriver->{closure:Revolt\EventLoop\Internal\AbstractDriver::createCallbackFiber():565}()
#44 /home/user/PhpstormProjects/CryptoTrading/vendor/revolt/event-loop/src/EventLoop/Internal/DriverSuspension.php(171): Fiber->throw()
#45 /home/user/PhpstormProjects/CryptoTrading/vendor/revolt/event-loop/src/EventLoop/Internal/AbstractDriver.php(430): Revolt\EventLoop\Internal\DriverSuspension::{closure:Revolt\EventLoop\Internal\DriverSuspension::throw():168}()
#46 /home/user/PhpstormProjects/CryptoTrading/vendor/revolt/event-loop/src/EventLoop/Internal/AbstractDriver.php(621): Revolt\EventLoop\Internal\AbstractDriver->invokeMicrotasks()
#47 [internal function]: Revolt\EventLoop\Internal\AbstractDriver->{closure:Revolt\EventLoop\Internal\AbstractDriver::createCallbackFiber():565}()
#48 /home/user/PhpstormProjects/CryptoTrading/vendor/revolt/event-loop/src/EventLoop/Internal/DriverSuspension.php(171): Fiber->throw()
#49 /home/user/PhpstormProjects/CryptoTrading/vendor/revolt/event-loop/src/EventLoop/Internal/AbstractDriver.php(430): Revolt\EventLoop\Internal\DriverSuspension::{closure:Revolt\EventLoop\Internal\DriverSuspension::throw():168}()
#50 /home/user/PhpstormProjects/CryptoTrading/vendor/revolt/event-loop/src/EventLoop/Internal/AbstractDriver.php(567): Revolt\EventLoop\Internal\AbstractDriver->invokeMicrotasks()
#51 [internal function]: Revolt\EventLoop\Internal\AbstractDriver->{closure:Revolt\EventLoop\Internal\AbstractDriver::createCallbackFiber():565}()
#52 /home/user/PhpstormProjects/CryptoTrading/vendor/revolt/event-loop/src/EventLoop/Internal/DriverSuspension.php(64): Fiber->resume()
#53 /home/user/PhpstormProjects/CryptoTrading/vendor/revolt/event-loop/src/EventLoop/Internal/AbstractDriver.php(430): Revolt\EventLoop\Internal\DriverSuspension::{closure:Revolt\EventLoop\Internal\DriverSuspension::resume():61}()
#54 /home/user/PhpstormProjects/CryptoTrading/vendor/revolt/event-loop/src/EventLoop/Internal/AbstractDriver.php(567): Revolt\EventLoop\Internal\AbstractDriver->invokeMicrotasks()
#55 [internal function]: Revolt\EventLoop\Internal\AbstractDriver->{closure:Revolt\EventLoop\Internal\AbstractDriver::createCallbackFiber():565}()
#56 /home/user/PhpstormProjects/CryptoTrading/vendor/revolt/event-loop/src/EventLoop/Internal/DriverSuspension.php(64): Fiber->resume()
#57 /home/user/PhpstormProjects/CryptoTrading/vendor/revolt/event-loop/src/EventLoop/Internal/AbstractDriver.php(430): Revolt\EventLoop\Internal\DriverSuspension::{closure:Revolt\EventLoop\Internal\DriverSuspension::resume():61}()
#58 /home/user/PhpstormProjects/CryptoTrading/vendor/revolt/event-loop/src/EventLoop/Internal/AbstractDriver.php(567): Revolt\EventLoop\Internal\AbstractDriver->invokeMicrotasks()
#59 [internal function]: Revolt\EventLoop\Internal\AbstractDriver->{closure:Revolt\EventLoop\Internal\AbstractDriver::createCallbackFiber():565}()
#60 /home/user/PhpstormProjects/CryptoTrading/vendor/revolt/event-loop/src/EventLoop/Internal/DriverSuspension.php(64): Fiber->resume()
#61 /home/user/PhpstormProjects/CryptoTrading/vendor/revolt/event-loop/src/EventLoop/Internal/AbstractDriver.php(430): Revolt\EventLoop\Internal\DriverSuspension::{closure:Revolt\EventLoop\Internal\DriverSuspension::resume():61}()
#62 /home/user/PhpstormProjects/CryptoTrading/vendor/revolt/event-loop/src/EventLoop/Internal/AbstractDriver.php(567): Revolt\EventLoop\Internal\AbstractDriver->invokeMicrotasks()
#63 [internal function]: Revolt\EventLoop\Internal\AbstractDriver->{closure:Revolt\EventLoop\Internal\AbstractDriver::createCallbackFiber():565}()
#64 /home/user/PhpstormProjects/CryptoTrading/vendor/revolt/event-loop/src/EventLoop/Internal/DriverSuspension.php(64): Fiber->resume()
#65 /home/user/PhpstormProjects/CryptoTrading/vendor/revolt/event-loop/src/EventLoop/Internal/AbstractDriver.php(430): Revolt\EventLoop\Internal\DriverSuspension::{closure:Revolt\EventLoop\Internal\DriverSuspension::resume():61}()
#66 /home/user/PhpstormProjects/CryptoTrading/vendor/revolt/event-loop/src/EventLoop/Internal/AbstractDriver.php(621): Revolt\EventLoop\Internal\AbstractDriver->invokeMicrotasks()
#67 [internal function]: Revolt\EventLoop\Internal\AbstractDriver->{closure:Revolt\EventLoop\Internal\AbstractDriver::createCallbackFiber():565}()
#68 /home/user/PhpstormProjects/CryptoTrading/vendor/revolt/event-loop/src/EventLoop/Internal/DriverSuspension.php(64): Fiber->resume()
#69 /home/user/PhpstormProjects/CryptoTrading/vendor/revolt/event-loop/src/EventLoop/Internal/AbstractDriver.php(430): Revolt\EventLoop\Internal\DriverSuspension::{closure:Revolt\EventLoop\Internal\DriverSuspension::resume():61}()
#70 /home/user/PhpstormProjects/CryptoTrading/vendor/revolt/event-loop/src/EventLoop/Internal/AbstractDriver.php(567): Revolt\EventLoop\Internal\AbstractDriver->invokeMicrotasks()
#71 [internal function]: Revolt\EventLoop\Internal\AbstractDriver->{closure:Revolt\EventLoop\Internal\AbstractDriver::createCallbackFiber():565}()
#72 /home/user/PhpstormProjects/CryptoTrading/vendor/revolt/event-loop/src/EventLoop/Internal/AbstractDriver.php(503): Fiber->start()
#73 /home/user/PhpstormProjects/CryptoTrading/vendor/revolt/event-loop/src/EventLoop/Internal/AbstractDriver.php(558): Revolt\EventLoop\Internal\AbstractDriver->invokeCallbacks()
#74 [internal function]: Revolt\EventLoop\Internal\AbstractDriver->{closure:Revolt\EventLoop\Internal\AbstractDriver::createLoopFiber():538}()
#75 /home/user/PhpstormProjects/CryptoTrading/vendor/revolt/event-loop/src/EventLoop/Internal/AbstractDriver.php(96): Fiber->resume()
#76 /home/user/PhpstormProjects/CryptoTrading/vendor/revolt/event-loop/src/EventLoop/Internal/DriverSuspension.php(117): Revolt\EventLoop\Internal\AbstractDriver->{closure:Revolt\EventLoop\Internal\AbstractDriver::__construct():90}()
#77 /home/user/PhpstormProjects/CryptoTrading/vendor/amphp/amp/src/Future.php(251): Revolt\EventLoop\Internal\DriverSuspension->suspend()
#78 /home/user/PhpstormProjects/CryptoTrading/vendor/danog/madelineproto/src/Ipc/AbstractServer.php(177): Amp\Future->await()
#79 /home/user/PhpstormProjects/CryptoTrading/vendor/danog/madelineproto/src/Ipc/Runner/entry.php(119): danog\MadelineProto\Ipc\AbstractServer::waitShutdown()
#80 /home/user/PhpstormProjects/CryptoTrading/vendor/danog/madelineproto/src/Ipc/Runner/entry.php(154): {closure:/home/user/PhpstormProjects/CryptoTrading/vendor/danog/madelineproto/src/Ipc/Runner/entry.php:35}()
#81 {main}
AbstractServer: 	Got error while trying to send error of error of waitQrLogin: Amp\Ipc\Sync\ChannelException: The channel was already closed! in /home/user/PhpstormProjects/CryptoTrading/vendor/danog/ipc/lib/Sync/ChannelledSocket.php:39
Stack trace:
#0 /home/user/PhpstormProjects/CryptoTrading/vendor/danog/madelineproto/src/Ipc/AbstractServer.php(279): Amp\Ipc\Sync\ChannelledSocket->send()
#1 /home/user/PhpstormProjects/CryptoTrading/vendor/revolt/event-loop/src/EventLoop/Internal/AbstractDriver.php(430): danog\MadelineProto\Ipc\AbstractServer->clientRequest()
#2 /home/user/PhpstormProjects/CryptoTrading/vendor/revolt/event-loop/src/EventLoop/Internal/AbstractDriver.php(621): Revolt\EventLoop\Internal\AbstractDriver->invokeMicrotasks()
#3 [internal function]: Revolt\EventLoop\Internal\AbstractDriver->{closure:Revolt\EventLoop\Internal\AbstractDriver::createCallbackFiber():565}()
#4 /home/user/PhpstormProjects/CryptoTrading/vendor/revolt/event-loop/src/EventLoop/Internal/DriverSuspension.php(171): Fiber->throw()
#5 /home/user/PhpstormProjects/CryptoTrading/vendor/revolt/event-loop/src/EventLoop/Internal/AbstractDriver.php(430): Revolt\EventLoop\Internal\DriverSuspension::{closure:Revolt\EventLoop\Internal\DriverSuspension::throw():168}()
#6 /home/user/PhpstormProjects/CryptoTrading/vendor/revolt/event-loop/src/EventLoop/Internal/AbstractDriver.php(621): Revolt\EventLoop\Internal\AbstractDriver->invokeMicrotasks()
#7 [internal function]: Revolt\EventLoop\Internal\AbstractDriver->{closure:Revolt\EventLoop\Internal\AbstractDriver::createCallbackFiber():565}()
#8 /home/user/PhpstormProjects/CryptoTrading/vendor/revolt/event-loop/src/EventLoop/Internal/DriverSuspension.php(171): Fiber->throw()
#9 /home/user/PhpstormProjects/CryptoTrading/vendor/revolt/event-loop/src/EventLoop/Internal/AbstractDriver.php(430): Revolt\EventLoop\Internal\DriverSuspension::{closure:Revolt\EventLoop\Internal\DriverSuspension::throw():168}()
#10 /home/user/PhpstormProjects/CryptoTrading/vendor/revolt/event-loop/src/EventLoop/Internal/AbstractDriver.php(621): Revolt\EventLoop\Internal\AbstractDriver->invokeMicrotasks()
#11 [internal function]: Revolt\EventLoop\Internal\AbstractDriver->{closure:Revolt\EventLoop\Internal\AbstractDriver::createCallbackFiber():565}()
#12 /home/user/PhpstormProjects/CryptoTrading/vendor/revolt/event-loop/src/EventLoop/Internal/DriverSuspension.php(171): Fiber->throw()
#13 /home/user/PhpstormProjects/CryptoTrading/vendor/revolt/event-loop/src/EventLoop/Internal/AbstractDriver.php(430): Revolt\EventLoop\Internal\DriverSuspension::{closure:Revolt\EventLoop\Internal\DriverSuspension::throw():168}()
#14 /home/user/PhpstormProjects/CryptoTrading/vendor/revolt/event-loop/src/EventLoop/Internal/AbstractDriver.php(621): Revolt\EventLoop\Internal\AbstractDriver->invokeMicrotasks()
#15 [internal function]: Revolt\EventLoop\Internal\AbstractDriver->{closure:Revolt\EventLoop\Internal\AbstractDriver::createCallbackFiber():565}()
#16 /home/user/PhpstormProjects/CryptoTrading/vendor/revolt/event-loop/src/EventLoop/Internal/DriverSuspension.php(171): Fiber->throw()
#17 /home/user/PhpstormProjects/CryptoTrading/vendor/revolt/event-loop/src/EventLoop/Internal/AbstractDriver.php(430): Revolt\EventLoop\Internal\DriverSuspension::{closure:Revolt\EventLoop\Internal\DriverSuspension::throw():168}()
#18 /home/user/PhpstormProjects/CryptoTrading/vendor/revolt/event-loop/src/EventLoop/Internal/AbstractDriver.php(621): Revolt\EventLoop\Internal\AbstractDriver->invokeMicrotasks()
#19 [internal function]: Revolt\EventLoop\Internal\AbstractDriver->{closure:Revolt\EventLoop\Internal\AbstractDriver::createCallbackFiber():565}()
#20 /home/user/PhpstormProjects/CryptoTrading/vendor/revolt/event-loop/src/EventLoop/Internal/DriverSuspension.php(171): Fiber->throw()
#21 /home/user/PhpstormProjects/CryptoTrading/vendor/revolt/event-loop/src/EventLoop/Internal/AbstractDriver.php(430): Revolt\EventLoop\Internal\DriverSuspension::{closure:Revolt\EventLoop\Internal\DriverSuspension::throw():168}()
#22 /home/user/PhpstormProjects/CryptoTrading/vendor/revolt/event-loop/src/EventLoop/Internal/AbstractDriver.php(621): Revolt\EventLoop\Internal\AbstractDriver->invokeMicrotasks()
#23 [internal function]: Revolt\EventLoop\Internal\AbstractDriver->{closure:Revolt\EventLoop\Internal\AbstractDriver::createCallbackFiber():565}()
#24 /home/user/PhpstormProjects/CryptoTrading/vendor/revolt/event-loop/src/EventLoop/Internal/DriverSuspension.php(171): Fiber->throw()
#25 /home/user/PhpstormProjects/CryptoTrading/vendor/revolt/event-loop/src/EventLoop/Internal/AbstractDriver.php(430): Revolt\EventLoop\Internal\DriverSuspension::{closure:Revolt\EventLoop\Internal\DriverSuspension::throw():168}()
#26 /home/user/PhpstormProjects/CryptoTrading/vendor/revolt/event-loop/src/EventLoop/Internal/AbstractDriver.php(621): Revolt\EventLoop\Internal\AbstractDriver->invokeMicrotasks()
#27 [internal function]: Revolt\EventLoop\Internal\AbstractDriver->{closure:Revolt\EventLoop\Internal\AbstractDriver::createCallbackFiber():565}()
#28 /home/user/PhpstormProjects/CryptoTrading/vendor/revolt/event-loop/src/EventLoop/Internal/DriverSuspension.php(171): Fiber->throw()
#29 /home/user/PhpstormProjects/CryptoTrading/vendor/revolt/event-loop/src/EventLoop/Internal/AbstractDriver.php(430): Revolt\EventLoop\Internal\DriverSuspension::{closure:Revolt\EventLoop\Internal\DriverSuspension::throw():168}()
#30 /home/user/PhpstormProjects/CryptoTrading/vendor/revolt/event-loop/src/EventLoop/Internal/AbstractDriver.php(621): Revolt\EventLoop\Internal\AbstractDriver->invokeMicrotasks()
#31 [internal function]: Revolt\EventLoop\Internal\AbstractDriver->{closure:Revolt\EventLoop\Internal\AbstractDriver::createCallbackFiber():565}()
#32 /home/user/PhpstormProjects/CryptoTrading/vendor/revolt/event-loop/src/EventLoop/Internal/DriverSuspension.php(171): Fiber->throw()
#33 /home/user/PhpstormProjects/CryptoTrading/vendor/revolt/event-loop/src/EventLoop/Internal/AbstractDriver.php(430): Revolt\EventLoop\Internal\DriverSuspension::{closure:Revolt\EventLoop\Internal\DriverSuspension::throw():168}()
#34 /home/user/PhpstormProjects/CryptoTrading/vendor/revolt/event-loop/src/EventLoop/Internal/AbstractDriver.php(621): Revolt\EventLoop\Internal\AbstractDriver->invokeMicrotasks()
#35 [internal function]: Revolt\EventLoop\Internal\AbstractDriver->{closure:Revolt\EventLoop\Internal\AbstractDriver::createCallbackFiber():565}()
#36 /home/user/PhpstormProjects/CryptoTrading/vendor/revolt/event-loop/src/EventLoop/Internal/DriverSuspension.php(171): Fiber->throw()
#37 /home/user/PhpstormProjects/CryptoTrading/vendor/revolt/event-loop/src/EventLoop/Internal/AbstractDriver.php(430): Revolt\EventLoop\Internal\DriverSuspension::{closure:Revolt\EventLoop\Internal\DriverSuspension::throw():168}()
#38 /home/user/PhpstormProjects/CryptoTrading/vendor/revolt/event-loop/src/EventLoop/Internal/AbstractDriver.php(621): Revolt\EventLoop\Internal\AbstractDriver->invokeMicrotasks()
#39 [internal function]: Revolt\EventLoop\Internal\AbstractDriver->{closure:Revolt\EventLoop\Internal\AbstractDriver::createCallbackFiber():565}()
#40 /home/user/PhpstormProjects/CryptoTrading/vendor/revolt/event-loop/src/EventLoop/Internal/DriverSuspension.php(171): Fiber->throw()
#41 /home/user/PhpstormProjects/CryptoTrading/vendor/revolt/event-loop/src/EventLoop/Internal/AbstractDriver.php(430): Revolt\EventLoop\Internal\DriverSuspension::{closure:Revolt\EventLoop\Internal\DriverSuspension::throw():168}()
#42 /home/user/PhpstormProjects/CryptoTrading/vendor/revolt/event-loop/src/EventLoop/Internal/AbstractDriver.php(621): Revolt\EventLoop\Internal\AbstractDriver->invokeMicrotasks()
#43 [internal function]: Revolt\EventLoop\Internal\AbstractDriver->{closure:Revolt\EventLoop\Internal\AbstractDriver::createCallbackFiber():565}()
#44 /home/user/PhpstormProjects/CryptoTrading/vendor/revolt/event-loop/src/EventLoop/Internal/DriverSuspension.php(171): Fiber->throw()
#45 /home/user/PhpstormProjects/CryptoTrading/vendor/revolt/event-loop/src/EventLoop/Internal/AbstractDriver.php(430): Revolt\EventLoop\Internal\DriverSuspension::{closure:Revolt\EventLoop\Internal\DriverSuspension::throw():168}()
#46 /home/user/PhpstormProjects/CryptoTrading/vendor/revolt/event-loop/src/EventLoop/Internal/AbstractDriver.php(621): Revolt\EventLoop\Internal\AbstractDriver->invokeMicrotasks()
#47 [internal function]: Revolt\EventLoop\Internal\AbstractDriver->{closure:Revolt\EventLoop\Internal\AbstractDriver::createCallbackFiber():565}()
#48 /home/user/PhpstormProjects/CryptoTrading/vendor/revolt/event-loop/src/EventLoop/Internal/DriverSuspension.php(171): Fiber->throw()
#49 /home/user/PhpstormProjects/CryptoTrading/vendor/revolt/event-loop/src/EventLoop/Internal/AbstractDriver.php(430): Revolt\EventLoop\Internal\DriverSuspension::{closure:Revolt\EventLoop\Internal\DriverSuspension::throw():168}()
#50 /home/user/PhpstormProjects/CryptoTrading/vendor/revolt/event-loop/src/EventLoop/Internal/AbstractDriver.php(567): Revolt\EventLoop\Internal\AbstractDriver->invokeMicrotasks()
#51 [internal function]: Revolt\EventLoop\Internal\AbstractDriver->{closure:Revolt\EventLoop\Internal\AbstractDriver::createCallbackFiber():565}()
#52 /home/user/PhpstormProjects/CryptoTrading/vendor/revolt/event-loop/src/EventLoop/Internal/DriverSuspension.php(64): Fiber->resume()
#53 /home/user/PhpstormProjects/CryptoTrading/vendor/revolt/event-loop/src/EventLoop/Internal/AbstractDriver.php(430): Revolt\EventLoop\Internal\DriverSuspension::{closure:Revolt\EventLoop\Internal\DriverSuspension::resume():61}()
#54 /home/user/PhpstormProjects/CryptoTrading/vendor/revolt/event-loop/src/EventLoop/Internal/AbstractDriver.php(567): Revolt\EventLoop\Internal\AbstractDriver->invokeMicrotasks()
#55 [internal function]: Revolt\EventLoop\Internal\AbstractDriver->{closure:Revolt\EventLoop\Internal\AbstractDriver::createCallbackFiber():565}()
#56 /home/user/PhpstormProjects/CryptoTrading/vendor/revolt/event-loop/src/EventLoop/Internal/DriverSuspension.php(64): Fiber->resume()
#57 /home/user/PhpstormProjects/CryptoTrading/vendor/revolt/event-loop/src/EventLoop/Internal/AbstractDriver.php(430): Revolt\EventLoop\Internal\DriverSuspension::{closure:Revolt\EventLoop\Internal\DriverSuspension::resume():61}()
#58 /home/user/PhpstormProjects/CryptoTrading/vendor/revolt/event-loop/src/EventLoop/Internal/AbstractDriver.php(567): Revolt\EventLoop\Internal\AbstractDriver->invokeMicrotasks()
#59 [internal function]: Revolt\EventLoop\Internal\AbstractDriver->{closure:Revolt\EventLoop\Internal\AbstractDriver::createCallbackFiber():565}()
#60 /home/user/PhpstormProjects/CryptoTrading/vendor/revolt/event-loop/src/EventLoop/Internal/DriverSuspension.php(64): Fiber->resume()
#61 /home/user/PhpstormProjects/CryptoTrading/vendor/revolt/event-loop/src/EventLoop/Internal/AbstractDriver.php(430): Revolt\EventLoop\Internal\DriverSuspension::{closure:Revolt\EventLoop\Internal\DriverSuspension::resume():61}()
#62 /home/user/PhpstormProjects/CryptoTrading/vendor/revolt/event-loop/src/EventLoop/Internal/AbstractDriver.php(567): Revolt\EventLoop\Internal\AbstractDriver->invokeMicrotasks()
#63 [internal function]: Revolt\EventLoop\Internal\AbstractDriver->{closure:Revolt\EventLoop\Internal\AbstractDriver::createCallbackFiber():565}()
#64 /home/user/PhpstormProjects/CryptoTrading/vendor/revolt/event-loop/src/EventLoop/Internal/DriverSuspension.php(64): Fiber->resume()
#65 /home/user/PhpstormProjects/CryptoTrading/vendor/revolt/event-loop/src/EventLoop/Internal/AbstractDriver.php(430): Revolt\EventLoop\Internal\DriverSuspension::{closure:Revolt\EventLoop\Internal\DriverSuspension::resume():61}()
#66 /home/user/PhpstormProjects/CryptoTrading/vendor/revolt/event-loop/src/EventLoop/Internal/AbstractDriver.php(621): Revolt\EventLoop\Internal\AbstractDriver->invokeMicrotasks()
#67 [internal function]: Revolt\EventLoop\Internal\AbstractDriver->{closure:Revolt\EventLoop\Internal\AbstractDriver::createCallbackFiber():565}()
#68 /home/user/PhpstormProjects/CryptoTrading/vendor/revolt/event-loop/src/EventLoop/Internal/DriverSuspension.php(64): Fiber->resume()
#69 /home/user/PhpstormProjects/CryptoTrading/vendor/revolt/event-loop/src/EventLoop/Internal/AbstractDriver.php(430): Revolt\EventLoop\Internal\DriverSuspension::{closure:Revolt\EventLoop\Internal\DriverSuspension::resume():61}()
#70 /home/user/PhpstormProjects/CryptoTrading/vendor/revolt/event-loop/src/EventLoop/Internal/AbstractDriver.php(567): Revolt\EventLoop\Internal\AbstractDriver->invokeMicrotasks()
#71 [internal function]: Revolt\EventLoop\Internal\AbstractDriver->{closure:Revolt\EventLoop\Internal\AbstractDriver::createCallbackFiber():565}()
#72 /home/user/PhpstormProjects/CryptoTrading/vendor/revolt/event-loop/src/EventLoop/Internal/AbstractDriver.php(503): Fiber->start()
#73 /home/user/PhpstormProjects/CryptoTrading/vendor/revolt/event-loop/src/EventLoop/Internal/AbstractDriver.php(558): Revolt\EventLoop\Internal\AbstractDriver->invokeCallbacks()
#74 [internal function]: Revolt\EventLoop\Internal\AbstractDriver->{closure:Revolt\EventLoop\Internal\AbstractDriver::createLoopFiber():538}()
#75 /home/user/PhpstormProjects/CryptoTrading/vendor/revolt/event-loop/src/EventLoop/Internal/AbstractDriver.php(96): Fiber->resume()
#76 /home/user/PhpstormProjects/CryptoTrading/vendor/revolt/event-loop/src/EventLoop/Internal/DriverSuspension.php(117): Revolt\EventLoop\Internal\AbstractDriver->{closure:Revolt\EventLoop\Internal\AbstractDriver::__construct():90}()
#77 /home/user/PhpstormProjects/CryptoTrading/vendor/amphp/amp/src/Future.php(251): Revolt\EventLoop\Internal\DriverSuspension->suspend()
#78 /home/user/PhpstormProjects/CryptoTrading/vendor/danog/madelineproto/src/Ipc/AbstractServer.php(177): Amp\Future->await()
#79 /home/user/PhpstormProjects/CryptoTrading/vendor/danog/madelineproto/src/Ipc/Runner/entry.php(119): danog\MadelineProto\Ipc\AbstractServer::waitShutdown()
#80 /home/user/PhpstormProjects/CryptoTrading/vendor/danog/madelineproto/src/Ipc/Runner/entry.php(154): {closure:/home/user/PhpstormProjects/CryptoTrading/vendor/danog/madelineproto/src/Ipc/Runner/entry.php:35}()
#81 {main}
SessionPaths:   	Waiting for exclusive lock of /home/user/PhpstormProjects/CryptoTrading/user.madeline/safe.php.lock...
SessionPaths:   	Got exclusive lock of /home/user/PhpstormProjects/CryptoTrading/user.madeline/safe.php.lock...
SessionPaths:   	Waiting for exclusive lock of /home/user/PhpstormProjects/CryptoTrading/user.madeline/lightState.php.lock...
SessionPaths:   	Got exclusive lock of /home/user/PhpstormProjects/CryptoTrading/user.madeline/lightState.php.lock...
APIWrapper:     	Saved session!
Login:          	Logged in successfully!
DataCenterConnection: 	Handling auth key transition to ENCRYPTED in DC 2
DataCenterConnection: 	Finished auth key transition to ENCRYPTED in DC 2
SessionPaths:   	Waiting for exclusive lock of /home/user/PhpstormProjects/CryptoTrading/user.madeline/safe.php.lock...
SessionPaths:   	Got exclusive lock of /home/user/PhpstormProjects/CryptoTrading/user.madeline/safe.php.lock...
SessionPaths:   	Waiting for exclusive lock of /home/user/PhpstormProjects/CryptoTrading/user.madeline/lightState.php.lock...
SessionPaths:   	Got exclusive lock of /home/user/PhpstormProjects/CryptoTrading/user.madeline/lightState.php.lock...
APIWrapper:     	Saved session!
FeedLoop, innatarasyan:       	Resumed update feed loop generic
FeedLoop:       	Resumed update feed loop generic
MinDatabase:    	Found 1 pending contexts
ServerCallback: 	Accepted IPC callback connection, assigning ID 0!
Files:          	Waiting for lock of file to download...
Files:          	Got lock of file to download
DataCenter:     	Connecting to DC 1
DataCenterConnection: 	Restoring 0 messages to DC 1
Session:        	Resetting session in DC 1.0 due to creating initial session...
Connection:     	Connecting to DC 1.0 via tcp://149.154.175.55:443 main DC 1, via ipv4 using AbridgedStream => BufferedRawStream => DefaultStream 
DataCenterConnection: 	Handling auth key transition to UNENCRYPTED_NO_PERMANENT in DC 1
DataCenterConnection: 	Generating permanent authorization key for DC 1...
Connection:     	Connected to DC 1.0 via tcp://149.154.175.55:443 main DC 1, via ipv4 using AbridgedStream => BufferedRawStream => DefaultStream!
AuthKeyHandler: 	Factorizing with native_single_cpp (please wait, might take a while)
AuthKeyHandler: 	Factorizing with python_single_alt (please wait, might take a while)
AuthKeyHandler: 	Install https://prime.madelineproto.xyz and the FFI extension to speed this up!
AuthKeyHandler: 	Factorizing with python_single (please wait, might take a while)
AuthKeyHandler: 	Install https://prime.madelineproto.xyz and the FFI extension to speed this up!
AuthKeyHandler: 	Factorizing with native_single (please wait, might take a while)
AuthKeyHandler: 	Install https://prime.madelineproto.xyz and the FFI extension to speed this up!
SessionPaths, innatarasyan:   	Waiting for exclusive lock of /home/user/PhpstormProjects/CryptoTrading/bot.madeline/safe.php.lock...
SessionPaths, innatarasyan:   	Got exclusive lock of /home/user/PhpstormProjects/CryptoTrading/bot.madeline/safe.php.lock...
SessionPaths, innatarasyan:   	Waiting for exclusive lock of /home/user/PhpstormProjects/CryptoTrading/bot.madeline/lightState.php.lock...
SessionPaths, innatarasyan:   	Got exclusive lock of /home/user/PhpstormProjects/CryptoTrading/bot.madeline/lightState.php.lock...
APIWrapper, innatarasyan:     	Saved session!
AuthKeyHandler: 	Auth key generated
DataCenterConnection: 	Finished auth key transition to UNENCRYPTED_NO_PERMANENT in DC 1
DataCenterConnection: 	Handling auth key transition to UNENCRYPTED in DC 1
DataCenterConnection: 	Generating temporary authorization key for DC 1...
AuthKeyHandler: 	Factorizing with native_single_cpp (please wait, might take a while)
AuthKeyHandler: 	Factorizing with python_single_alt (please wait, might take a while)
AuthKeyHandler: 	Install https://prime.madelineproto.xyz and the FFI extension to speed this up!
AuthKeyHandler: 	Factorizing with python_single (please wait, might take a while)
AuthKeyHandler: 	Install https://prime.madelineproto.xyz and the FFI extension to speed this up!
AuthKeyHandler: 	Factorizing with native_single (please wait, might take a while)
AuthKeyHandler: 	Install https://prime.madelineproto.xyz and the FFI extension to speed this up!
FeedLoop, innatarasyan:       	Resumed update feed loop generic
AuthKeyHandler: 	Auth key generated
DataCenterConnection: 	Finished auth key transition to UNENCRYPTED in DC 1
DataCenterConnection: 	Handling auth key transition to ENCRYPTED_NOT_BOUND in DC 1
FeedLoop:       	Resumed update feed loop generic
FeedLoop, innatarasyan:       	Resumed update feed loop generic
DataCenterConnection: 	Bound temporary and permanent authorization keys, DC 1
DataCenterConnection: 	Handling auth key transition to ENCRYPTED_NOT_INITED in DC 1
DataCenterConnection: 	Writing client info (also executing help.getConfig)...
DataCenterConnection: 	Finished auth key transition to ENCRYPTED_NOT_INITED in DC 1
DataCenterConnection: 	Handling auth key transition to ENCRYPTED_NOT_AUTHED in DC 1
DataCenterConnection: 	Trying to copy authorization from DC 2 to DC 1
DataCenterConnection: 	Finished auth key transition to ENCRYPTED_NOT_AUTHED in DC 1
DataCenterConnection: 	Handling auth key transition to ENCRYPTED in DC 1
DataCenterConnection: 	Finished auth key transition to ENCRYPTED in DC 1
Files:          	Download status: 100%
Files:          	Total download time: 6.4441111087799
Files:          	Total download speed: 0.035037 mbps
ServerCallback: 	Accepted IPC callback connection, assigning ID 1!
Files:          	Waiting for lock of file to download...
Files:          	Got lock of file to download
SessionPaths:   	Waiting for exclusive lock of /home/user/PhpstormProjects/CryptoTrading/user.madeline/safe.php.lock...
SessionPaths:   	Got exclusive lock of /home/user/PhpstormProjects/CryptoTrading/user.madeline/safe.php.lock...
SessionPaths:   	Waiting for exclusive lock of /home/user/PhpstormProjects/CryptoTrading/user.madeline/lightState.php.lock...
SessionPaths:   	Got exclusive lock of /home/user/PhpstormProjects/CryptoTrading/user.madeline/lightState.php.lock...
APIWrapper:     	Saved session!
Files:          	Download status: 100%
Files:          	Total download time: 0.82515501976013
Files:          	Total download speed: 1.863756 mbps
ServerCallback: 	Accepted IPC callback connection, assigning ID 2!
Files:          	Waiting for lock of file to download...
Files:          	Got lock of file to download
Files:          	Download status: 100%
Files:          	Total download time: 0.47636294364929
Files:          	Total download speed: 2.536553 mbps
ServerCallback: 	Accepted IPC callback connection, assigning ID 3!
Files:          	Waiting for lock of file to download...
Files:          	Got lock of file to download
Files:          	Download status: 100%
Files:          	Total download time: 0.42182397842407
Files:          	Total download speed: 1.358727 mbps
ServerCallback: 	Accepted IPC callback connection, assigning ID 4!
Files:          	Waiting for lock of file to download...
Files:          	Got lock of file to download
Files:          	Download status: 100%
Files:          	Total download time: 0.42945289611816
Files:          	Total download speed: 1.400535 mbps
ServerCallback: 	Accepted IPC callback connection, assigning ID 5!
Files:          	Waiting for lock of file to download...
Files:          	Got lock of file to download
Files:          	Download status: 100%
Files:          	Total download time: 0.47673010826111
Files:          	Total download speed: 2.337926 mbps
ServerCallback: 	Accepted IPC callback connection, assigning ID 6!
Files:          	Waiting for lock of file to download...
Files:          	Got lock of file to download
FeedLoop, innatarasyan:       	Resumed update feed loop generic
Files:          	Download status: 100%
Files:          	Total download time: 0.52540802955627
Files:          	Total download speed: 3.091281 mbps
ServerCallback: 	Accepted IPC callback connection, assigning ID 7!
Files:          	Waiting for lock of file to download...
Files:          	Got lock of file to download
SessionPaths, innatarasyan:   	Waiting for exclusive lock of /home/user/PhpstormProjects/CryptoTrading/bot.madeline/safe.php.lock...
SessionPaths, innatarasyan:   	Got exclusive lock of /home/user/PhpstormProjects/CryptoTrading/bot.madeline/safe.php.lock...
SessionPaths, innatarasyan:   	Waiting for exclusive lock of /home/user/PhpstormProjects/CryptoTrading/bot.madeline/lightState.php.lock...
SessionPaths, innatarasyan:   	Got exclusive lock of /home/user/PhpstormProjects/CryptoTrading/bot.madeline/lightState.php.lock...
APIWrapper, innatarasyan:     	Saved session!
Files:          	Download status: 100%
Files:          	Total download time: 0.44231200218201
Files:          	Total download speed: 1.96965 mbps
ServerCallback: 	Accepted IPC callback connection, assigning ID 8!
Files:          	Waiting for lock of file to download...
Files:          	Got lock of file to download
Files:          	Download status: 100%
Files:          	Total download time: 2.0215249061584
Files:          	Total download speed: 0.203256 mbps
ServerCallback: 	Accepted IPC callback connection, assigning ID 9!
Files:          	Waiting for lock of file to download...
Files:          	Got lock of file to download
Files:          	Download status: 100%
Files:          	Total download time: 0.38680791854858
Files:          	Total download speed: 1.75138 mbps
ServerCallback: 	Accepted IPC callback connection, assigning ID 10!
Files:          	Waiting for lock of file to download...
Files:          	Got lock of file to download
Files:          	Download status: 100%
Files:          	Total download time: 0.43669295310974
Files:          	Total download speed: 1.727786 mbps
ServerCallback: 	Accepted IPC callback connection, assigning ID 11!
Files:          	Waiting for lock of file to download...
Files:          	Got lock of file to download
Files:          	Download status: 100%
Files:          	Total download time: 0.40106892585754
Files:          	Total download speed: 0.917328 mbps
ServerCallback: 	Accepted IPC callback connection, assigning ID 12!
Files:          	Waiting for lock of file to download...
Files:          	Got lock of file to download
Files:          	Download status: 100%
Files:          	Total download time: 0.49953389167786
Files:          	Total download speed: 3.008692 mbps
ServerCallback: 	Accepted IPC callback connection, assigning ID 13!
Files:          	Waiting for lock of file to download...
Files:          	Got lock of file to download
Files:          	Download status: 100%
Files:          	Total download time: 0.41547012329102
Files:          	Total download speed: 1.193366 mbps
ServerCallback: 	Accepted IPC callback connection, assigning ID 14!
Files:          	Waiting for lock of file to download...
Files:          	Got lock of file to download
Files:          	Download status: 100%
Files:          	Total download time: 0.39412999153137
Files:          	Total download speed: 0.876888 mbps
ServerCallback: 	Accepted IPC callback connection, assigning ID 15!
Files:          	Waiting for lock of file to download...
Files:          	Got lock of file to download
Files:          	Download status: 100%
Files:          	Total download time: 0.41116094589233
Files:          	Total download speed: 1.615289 mbps
ServerCallback: 	Accepted IPC callback connection, assigning ID 16!
Files:          	Waiting for lock of file to download...
Files:          	Got lock of file to download
Files:          	Download status: 100%
Files:          	Total download time: 0.49003601074219
Files:          	Total download speed: 2.943963 mbps
ServerCallback: 	Accepted IPC callback connection, assigning ID 17!
Files:          	Waiting for lock of file to download...
Files:          	Got lock of file to download
Files:          	Download status: 100%
Files:          	Total download time: 2.0932049751282
Files:          	Total download speed: 0.168682 mbps
ServerCallback: 	Accepted IPC callback connection, assigning ID 18!
Files:          	Waiting for lock of file to download...
Files:          	Got lock of file to download
Files:          	Download status: 100%
Files:          	Total download time: 0.4886908531189
Files:          	Total download speed: 4.401719 mbps
ServerCallback: 	Accepted IPC callback connection, assigning ID 19!
Files:          	Waiting for lock of file to download...
Files:          	Got lock of file to download
Files:          	Download status: 100%
Files:          	Total download time: 0.46816110610962
Files:          	Total download speed: 3.560347 mbps
ServerCallback: 	Accepted IPC callback connection, assigning ID 20!
Files:          	Waiting for lock of file to download...
Files:          	Got lock of file to download
Files:          	Download status: 100%
Files:          	Total download time: 0.4456639289856
Files:          	Total download speed: 2.625781 mbps
ServerCallback: 	Accepted IPC callback connection, assigning ID 21!
Files:          	Waiting for lock of file to download...
Files:          	Got lock of file to download
Files:          	Download status: 100%
Files:          	Total download time: 0.42975306510925
Files:          	Total download speed: 1.876221 mbps
ServerCallback: 	Accepted IPC callback connection, assigning ID 22!
Files:          	Waiting for lock of file to download...
Files:          	Got lock of file to download
Files:          	Download status: 100%
Files:          	Total download time: 0.401859998703
Files:          	Total download speed: 0.969671 mbps
ServerCallback: 	Accepted IPC callback connection, assigning ID 23!
Files:          	Waiting for lock of file to download...
Files:          	Got lock of file to download
Files:          	Download status: 100%
Files:          	Total download time: 0.47842693328857
Files:          	Total download speed: 3.665847 mbps
ServerCallback: 	Accepted IPC callback connection, assigning ID 24!
Files:          	Waiting for lock of file to download...
Files:          	Got lock of file to download
Files:          	Download status: 100%
Files:          	Total download time: 0.50810790061951
Files:          	Total download speed: 3.870957 mbps
ServerCallback: 	Accepted IPC callback connection, assigning ID 25!
Files:          	Waiting for lock of file to download...
Files:          	Got lock of file to download
Files:          	Download status: 100%
Files:          	Total download time: 0.51339197158813
Files:          	Total download speed: 5.38031 mbps
ServerCallback: 	Accepted IPC callback connection, assigning ID 26!
Files:          	Waiting for lock of file to download...
Files:          	Got lock of file to download
Files:          	Download status: 100%
Files:          	Total download time: 0.38231515884399
Files:          	Total download speed: 0.325637 mbps
ServerCallback: 	Accepted IPC callback connection, assigning ID 27!
Files:          	Waiting for lock of file to download...
Files:          	Got lock of file to download
Files:          	Download status: 100%
Files:          	Total download time: 0.40145087242126
Files:          	Total download speed: 1.528117 mbps
ServerCallback: 	Accepted IPC callback connection, assigning ID 28!
Files:          	Waiting for lock of file to download...
Files:          	Got lock of file to download
SessionPaths, Inna_CryptoBot:   	Waiting for exclusive lock of /home/user/PhpstormProjects/CryptoTrading/bot.madeline/safe.php.lock...
SessionPaths, Inna_CryptoBot:   	Got exclusive lock of /home/user/PhpstormProjects/CryptoTrading/bot.madeline/safe.php.lock...
SessionPaths, Inna_CryptoBot:   	Waiting for exclusive lock of /home/user/PhpstormProjects/CryptoTrading/bot.madeline/lightState.php.lock...
SessionPaths, Inna_CryptoBot:   	Got exclusive lock of /home/user/PhpstormProjects/CryptoTrading/bot.madeline/lightState.php.lock...
APIWrapper, Inna_CryptoBot:     	Saved session!
Files:          	Download status: 100%
Files:          	Total download time: 0.40365886688232
Files:          	Total download speed: 1.274244 mbps
ServerCallback: 	Accepted IPC callback connection, assigning ID 29!
Files:          	Waiting for lock of file to download...
Files:          	Got lock of file to download
Files:          	Download status: 100%
Files:          	Total download time: 0.43664789199829
Files:          	Total download speed: 2.407743 mbps
ServerCallback: 	Accepted IPC callback connection, assigning ID 30!
Files:          	Waiting for lock of file to download...
Files:          	Got lock of file to download
Files:          	Download status: 100%
Files:          	Total download time: 0.45251488685608
Files:          	Total download speed: 3.292461 mbps
ServerCallback: 	Accepted IPC callback connection, assigning ID 31!
Files:          	Waiting for lock of file to download...
Files:          	Got lock of file to download
Files:          	Download status: 100%
Files:          	Total download time: 2.2595930099487
Files:          	Total download speed: 0.524285 mbps
ServerCallback: 	Accepted IPC callback connection, assigning ID 32!
Files:          	Waiting for lock of file to download...
Files:          	Got lock of file to download
Files:          	Download status: 100%
Files:          	Total download time: 0.35665321350098
Files:          	Total download speed: 1.544402 mbps
ServerCallback: 	Accepted IPC callback connection, assigning ID 33!
Files:          	Waiting for lock of file to download...
Files:          	Got lock of file to download
Files:          	Download status: 100%
Files:          	Total download time: 0.42496609687805
Files:          	Total download speed: 1.899389 mbps
ServerCallback: 	Accepted IPC callback connection, assigning ID 34!
Files:          	Waiting for lock of file to download...
Files:          	Got lock of file to download
Files:          	Download status: 100%
Files:          	Total download time: 0.41019701957703
Files:          	Total download speed: 1.322876 mbps
ServerCallback: 	Accepted IPC callback connection, assigning ID 35!
Files:          	Waiting for lock of file to download...
Files:          	Got lock of file to download
Files:          	Download status: 100%
Files:          	Total download time: 0.39888715744019
Files:          	Total download speed: 1.318608 mbps
ServerCallback: 	Accepted IPC callback connection, assigning ID 36!
Files:          	Waiting for lock of file to download...
Files:          	Got lock of file to download
Files:          	Download status: 100%
Files:          	Total download time: 0.41117715835571
Files:          	Total download speed: 1.749202 mbps
ServerCallback: 	Accepted IPC callback connection, assigning ID 37!
Files:          	Waiting for lock of file to download...
Files:          	Got lock of file to download
Files:          	Download status: 100%
Files:          	Total download time: 0.39753103256226
Files:          	Total download speed: 1.300084 mbps
ServerCallback: 	Accepted IPC callback connection, assigning ID 38!
Files:          	Waiting for lock of file to download...
Files:          	Got lock of file to download
Files:          	Download status: 100%
Files:          	Total download time: 0.43042898178101
Files:          	Total download speed: 2.856443 mbps
ServerCallback: 	Accepted IPC callback connection, assigning ID 39!
Files:          	Waiting for lock of file to download...
Files:          	Got lock of file to download
Files:          	Download status: 100%
Files:          	Total download time: 0.4568088054657
Files:          	Total download speed: 2.841293 mbps
ServerCallback: 	Accepted IPC callback connection, assigning ID 40!
Files:          	Waiting for lock of file to download...
Files:          	Got lock of file to download
Files:          	Download status: 100%
Files:          	Total download time: 0.46624207496643
Files:          	Total download speed: 3.520523 mbps
ServerCallback: 	Accepted IPC callback connection, assigning ID 41!
Files:          	Waiting for lock of file to download...
Files:          	Got lock of file to download
Files:          	Download status: 100%
Files:          	Total download time: 0.40118789672852
Files:          	Total download speed: 1.224064 mbps
ServerCallback: 	Accepted IPC callback connection, assigning ID 42!
Files:          	Waiting for lock of file to download...
Files:          	Got lock of file to download
Files:          	Download status: 100%
Files:          	Total download time: 0.48995900154114
Files:          	Total download speed: 4.368969 mbps
ServerCallback: 	Accepted IPC callback connection, assigning ID 43!
Files:          	Waiting for lock of file to download...
Files:          	Got lock of file to download
Files:          	Download status: 100%
Files:          	Total download time: 0.42311310768127
Files:          	Total download speed: 2.017824 mbps
ServerCallback: 	Accepted IPC callback connection, assigning ID 44!
Files:          	Waiting for lock of file to download...
Files:          	Got lock of file to download
Files:          	Download status: 100%
Files:          	Total download time: 0.40685296058655
Files:          	Total download speed: 1.739557 mbps
ServerCallback: 	Accepted IPC callback connection, assigning ID 45!
Files:          	Waiting for lock of file to download...
Files:          	Got lock of file to download
FeedLoop:       	Resumed update feed loop generic
FeedLoop, innatarasyan:       	Resumed update feed loop generic
Files:          	Download status: 100%
Files:          	Total download time: 0.40201711654663
Files:          	Total download speed: 1.310232 mbps
ServerCallback: 	Accepted IPC callback connection, assigning ID 46!
Files:          	Waiting for lock of file to download...
Files:          	Got lock of file to download
Files:          	Download status: 100%
Files:          	Total download time: 0.4200119972229
Files:          	Total download speed: 2.768092 mbps
ServerCallback: 	Accepted IPC callback connection, assigning ID 47!
Files:          	Waiting for lock of file to download...
Files:          	Got lock of file to download
SessionPaths, innatarasyan:   	Waiting for exclusive lock of /home/user/PhpstormProjects/CryptoTrading/bot.madeline/safe.php.lock...
SessionPaths, innatarasyan:   	Got exclusive lock of /home/user/PhpstormProjects/CryptoTrading/bot.madeline/safe.php.lock...
SessionPaths, innatarasyan:   	Waiting for exclusive lock of /home/user/PhpstormProjects/CryptoTrading/bot.madeline/lightState.php.lock...
SessionPaths, innatarasyan:   	Got exclusive lock of /home/user/PhpstormProjects/CryptoTrading/bot.madeline/lightState.php.lock...
APIWrapper, innatarasyan:     	Saved session!
Files:          	Download status: 100%
Files:          	Total download time: 1.8448359966278
Files:          	Total download speed: 0.450372 mbps
ServerCallback: 	Accepted IPC callback connection, assigning ID 48!
Files:          	Waiting for lock of file to download...
Files:          	Got lock of file to download
Files:          	Download status: 100%
Files:          	Total download time: 0.39513301849365
Files:          	Total download speed: 2.965381 mbps
ServerCallback: 	Accepted IPC callback connection, assigning ID 49!
Files:          	Waiting for lock of file to download...
Files:          	Got lock of file to download
Files:          	Download status: 100%
Files:          	Total download time: 0.43484711647034
Files:          	Total download speed: 2.280139 mbps
ServerCallback: 	Accepted IPC callback connection, assigning ID 50!
Files:          	Waiting for lock of file to download...
Files:          	Got lock of file to download
Files:          	Download status: 100%
Files:          	Total download time: 0.38413095474243
Files:          	Total download speed: 0.564911 mbps
ServerCallback: 	Accepted IPC callback connection, assigning ID 51!
Files:          	Waiting for lock of file to download...
Files:          	Got lock of file to download
Files:          	Download status: 100%
Files:          	Total download time: 0.43821692466736
Files:          	Total download speed: 3.333161 mbps
ServerCallback: 	Accepted IPC callback connection, assigning ID 52!
Files:          	Waiting for lock of file to download...
Files:          	Got lock of file to download
FeedLoop, innatarasyan:       	Resumed update feed loop generic
FeedLoop:       	Resumed update feed loop generic
Files:          	Download status: 100%
Files:          	Total download time: 0.41107988357544
Files:          	Total download speed: 1.483682 mbps
ServerCallback: 	Accepted IPC callback connection, assigning ID 53!
Files:          	Waiting for lock of file to download...
Files:          	Got lock of file to download
Files:          	Download status: 100%
Files:          	Total download time: 0.40524792671204
Files:          	Total download speed: 1.226883 mbps
ServerCallback: 	Accepted IPC callback connection, assigning ID 54!
Files:          	Waiting for lock of file to download...
Files:          	Got lock of file to download
SessionPaths:   	Waiting for exclusive lock of /home/user/PhpstormProjects/CryptoTrading/user.madeline/safe.php.lock...
SessionPaths:   	Got exclusive lock of /home/user/PhpstormProjects/CryptoTrading/user.madeline/safe.php.lock...
SessionPaths:   	Waiting for exclusive lock of /home/user/PhpstormProjects/CryptoTrading/user.madeline/lightState.php.lock...
SessionPaths:   	Got exclusive lock of /home/user/PhpstormProjects/CryptoTrading/user.madeline/lightState.php.lock...
APIWrapper:     	Saved session!
FeedLoop:       	Resumed update feed loop generic
FeedLoop, innatarasyan:       	Resumed update feed loop generic
Files:          	Download status: 100%
Files:          	Total download time: 0.42143201828003
Files:          	Total download speed: 2.226712 mbps
ServerCallback: 	Accepted IPC callback connection, assigning ID 55!
Files:          	Waiting for lock of file to download...
Files:          	Got lock of file to download
Files:          	Download status: 100%
Files:          	Total download time: 0.4238908290863
Files:          	Total download speed: 2.068475 mbps
ServerCallback: 	Accepted IPC callback connection, assigning ID 56!
Files:          	Waiting for lock of file to download...
Files:          	Got lock of file to download
Files:          	Download status: 100%
Files:          	Total download time: 0.44433522224426
Files:          	Total download speed: 2.793746 mbps
FeedLoop:       	Resumed update feed loop generic
FeedLoop, innatarasyan:       	Resumed update feed loop generic
SessionPaths, innatarasyan:   	Waiting for exclusive lock of /home/user/PhpstormProjects/CryptoTrading/bot.madeline/safe.php.lock...
SessionPaths, innatarasyan:   	Got exclusive lock of /home/user/PhpstormProjects/CryptoTrading/bot.madeline/safe.php.lock...
SessionPaths, innatarasyan:   	Waiting for exclusive lock of /home/user/PhpstormProjects/CryptoTrading/bot.madeline/lightState.php.lock...
SessionPaths, innatarasyan:   	Got exclusive lock of /home/user/PhpstormProjects/CryptoTrading/bot.madeline/lightState.php.lock...
APIWrapper, innatarasyan:     	Saved session!
ServerCallback: 	Accepted IPC callback connection, assigning ID 57!
Files:          	Waiting for lock of file to download...
Files:          	Got lock of file to download
Files:          	Download status: 100%
Files:          	Total download time: 0.3916699886322
Files:          	Total download speed: 2.362335 mbps
ServerCallback: 	Accepted IPC callback connection, assigning ID 58!
Files:          	Waiting for lock of file to download...
Files:          	Got lock of file to download
Files:          	Download status: 100%
Files:          	Total download time: 0.41649603843689
Files:          	Total download speed: 2.091736 mbps
ServerCallback: 	Accepted IPC callback connection, assigning ID 59!
Files:          	Waiting for lock of file to download...
Files:          	Got lock of file to download
Files:          	Download status: 100%
Files:          	Total download time: 0.43534421920776
Files:          	Total download speed: 2.489873 mbps
ServerCallback: 	Accepted IPC callback connection, assigning ID 60!
Files:          	Waiting for lock of file to download...
Files:          	Got lock of file to download
Files:          	Download status: 100%
Files:          	Total download time: 0.49123001098633
Files:          	Total download speed: 4.698752 mbps
ServerCallback: 	Accepted IPC callback connection, assigning ID 61!
Files:          	Waiting for lock of file to download...
Files:          	Got lock of file to download
Files:          	Download status: 100%
Files:          	Total download time: 0.40937304496765
Files:          	Total download speed: 1.186184 mbps
ServerCallback: 	Accepted IPC callback connection, assigning ID 62!
Files:          	Waiting for lock of file to download...
Files:          	Got lock of file to download
Files:          	Download status: 100%
Files:          	Total download time: 0.41063094139099
Files:          	Total download speed: 0.792633 mbps
ServerCallback: 	Accepted IPC callback connection, assigning ID 63!
Files:          	Waiting for lock of file to download...
Files:          	Got lock of file to download
Files:          	Download status: 100%
Files:          	Total download time: 0.43562793731689
Files:          	Total download speed: 2.277117 mbps
ServerCallback: 	Accepted IPC callback connection, assigning ID 64!
Files:          	Waiting for lock of file to download...
Files:          	Got lock of file to download
Files:          	Download status: 100%
Files:          	Total download time: 0.40854501724243
Files:          	Total download speed: 1.50403 mbps
ServerCallback: 	Accepted IPC callback connection, assigning ID 65!
Files:          	Waiting for lock of file to download...
Files:          	Got lock of file to download
Files:          	Download status: 100%
Files:          	Total download time: 0.40597105026245
Files:          	Total download speed: 1.571185 mbps
ServerCallback: 	Accepted IPC callback connection, assigning ID 66!
Files:          	Waiting for lock of file to download...
Files:          	Got lock of file to download
FeedLoop:       	Resumed update feed loop generic
FeedLoop, innatarasyan:       	Resumed update feed loop generic
Files:          	Download status: 100%
Files:          	Total download time: 0.4087929725647
Files:          	Total download speed: 1.667523 mbps
ServerCallback: 	Accepted IPC callback connection, assigning ID 67!
Files:          	Waiting for lock of file to download...
Files:          	Got lock of file to download
Files:          	Download status: 100%
Files:          	Total download time: 0.42820811271667
Files:          	Total download speed: 2.453255 mbps
ServerCallback: 	Accepted IPC callback connection, assigning ID 68!
Files:          	Waiting for lock of file to download...
Files:          	Got lock of file to download
Files:          	Download status: 100%
Files:          	Total download time: 0.44170093536377
Files:          	Total download speed: 3.669505 mbps
ServerCallback: 	Accepted IPC callback connection, assigning ID 69!
Files:          	Waiting for lock of file to download...
Files:          	Got lock of file to download
Files:          	Download status: 100%
Files:          	Total download time: 0.47864603996277
Files:          	Total download speed: 3.221136 mbps
ServerCallback: 	Accepted IPC callback connection, assigning ID 70!
Files:          	Waiting for lock of file to download...
Files:          	Got lock of file to download
FeedLoop:       	Resumed update feed loop channel -1001290362028
FeedLoop, innatarasyan:       	Resumed update feed loop channel -1001290362028
Files:          	Download status: 100%
Files:          	Total download time: 1.6926310062408
Files:          	Total download speed: 0.456 mbps
ServerCallback: 	Accepted IPC callback connection, assigning ID 71!
Files:          	Waiting for lock of file to download...
Files:          	Got lock of file to download
Files:          	Download status: 100%
Files:          	Total download time: 0.37862706184387
Files:          	Total download speed: 2.370733 mbps
ServerCallback: 	Accepted IPC callback connection, assigning ID 72!
Files:          	Waiting for lock of file to download...
Files:          	Got lock of file to download
Files:          	Download status: 100%
Files:          	Total download time: 0.4067759513855
Files:          	Total download speed: 1.48701 mbps
ServerCallback: 	Accepted IPC callback connection, assigning ID 73!
Files:          	Waiting for lock of file to download...
Files:          	Got lock of file to download
Files:          	Download status: 100%
Files:          	Total download time: 0.4370551109314
Files:          	Total download speed: 2.668276 mbps
ServerCallback: 	Accepted IPC callback connection, assigning ID 74!
Files:          	Waiting for lock of file to download...
Files:          	Got lock of file to download
Files:          	Download status: 100%
Files:          	Total download time: 0.4351110458374
Files:          	Total download speed: 2.415291 mbps
FeedLoop, innatarasyan:       	Resumed update feed loop channel -1001290362028
SessionPaths, Inna_CryptoBot:   	Waiting for exclusive lock of /home/user/PhpstormProjects/CryptoTrading/bot.madeline/safe.php.lock...
SessionPaths, Inna_CryptoBot:   	Got exclusive lock of /home/user/PhpstormProjects/CryptoTrading/bot.madeline/safe.php.lock...
SessionPaths, Inna_CryptoBot:   	Waiting for exclusive lock of /home/user/PhpstormProjects/CryptoTrading/bot.madeline/lightState.php.lock...
SessionPaths, Inna_CryptoBot:   	Got exclusive lock of /home/user/PhpstormProjects/CryptoTrading/bot.madeline/lightState.php.lock...
APIWrapper, Inna_CryptoBot:     	Saved session!
FeedLoop:       	Resumed update feed loop channel -1001290362028
FeedLoop, innatarasyan:       	Resumed update feed loop channel -1001290362028
FeedLoop, innatarasyan:       	Resumed update feed loop channel -1001290362028
SessionPaths, innatarasyan:   	Waiting for exclusive lock of /home/user/PhpstormProjects/CryptoTrading/bot.madeline/safe.php.lock...
SessionPaths, innatarasyan:   	Got exclusive lock of /home/user/PhpstormProjects/CryptoTrading/bot.madeline/safe.php.lock...
SessionPaths, innatarasyan:   	Waiting for exclusive lock of /home/user/PhpstormProjects/CryptoTrading/bot.madeline/lightState.php.lock...
SessionPaths, innatarasyan:   	Got exclusive lock of /home/user/PhpstormProjects/CryptoTrading/bot.madeline/lightState.php.lock...
APIWrapper, innatarasyan:     	Saved session!
FeedLoop, innatarasyan:       	Resumed update feed loop channel -1001290362028
FeedLoop:       	Resumed update feed loop channel -1001290362028
SessionPaths:   	Waiting for exclusive lock of /home/user/PhpstormProjects/CryptoTrading/user.madeline/safe.php.lock...
SessionPaths:   	Got exclusive lock of /home/user/PhpstormProjects/CryptoTrading/user.madeline/safe.php.lock...
SessionPaths:   	Waiting for exclusive lock of /home/user/PhpstormProjects/CryptoTrading/user.madeline/lightState.php.lock...
SessionPaths:   	Got exclusive lock of /home/user/PhpstormProjects/CryptoTrading/user.madeline/lightState.php.lock...
APIWrapper:     	Saved session!
SessionPaths, innatarasyan:   	Waiting for exclusive lock of /home/user/PhpstormProjects/CryptoTrading/bot.madeline/safe.php.lock...
SessionPaths, innatarasyan:   	Got exclusive lock of /home/user/PhpstormProjects/CryptoTrading/bot.madeline/safe.php.lock...
SessionPaths, innatarasyan:   	Waiting for exclusive lock of /home/user/PhpstormProjects/CryptoTrading/bot.madeline/lightState.php.lock...
SessionPaths, innatarasyan:   	Got exclusive lock of /home/user/PhpstormProjects/CryptoTrading/bot.madeline/lightState.php.lock...
APIWrapper, innatarasyan:     	Saved session!
SessionPaths, Inna_CryptoBot:   	Waiting for exclusive lock of /home/user/PhpstormProjects/CryptoTrading/bot.madeline/safe.php.lock...
SessionPaths, Inna_CryptoBot:   	Got exclusive lock of /home/user/PhpstormProjects/CryptoTrading/bot.madeline/safe.php.lock...
SessionPaths, Inna_CryptoBot:   	Waiting for exclusive lock of /home/user/PhpstormProjects/CryptoTrading/bot.madeline/lightState.php.lock...
SessionPaths, Inna_CryptoBot:   	Got exclusive lock of /home/user/PhpstormProjects/CryptoTrading/bot.madeline/lightState.php.lock...
APIWrapper, Inna_CryptoBot:     	Saved session!
FeedLoop:       	Resumed update feed loop generic
FeedLoop, innatarasyan:       	Resumed update feed loop generic
SessionPaths, innatarasyan:   	Waiting for exclusive lock of /home/user/PhpstormProjects/CryptoTrading/bot.madeline/safe.php.lock...
SessionPaths, innatarasyan:   	Got exclusive lock of /home/user/PhpstormProjects/CryptoTrading/bot.madeline/safe.php.lock...
SessionPaths, innatarasyan:   	Waiting for exclusive lock of /home/user/PhpstormProjects/CryptoTrading/bot.madeline/lightState.php.lock...
SessionPaths, innatarasyan:   	Got exclusive lock of /home/user/PhpstormProjects/CryptoTrading/bot.madeline/lightState.php.lock...
APIWrapper, innatarasyan:     	Saved session!
SessionPaths:   	Waiting for exclusive lock of /home/user/PhpstormProjects/CryptoTrading/user.madeline/safe.php.lock...
SessionPaths:   	Got exclusive lock of /home/user/PhpstormProjects/CryptoTrading/user.madeline/safe.php.lock...
SessionPaths:   	Waiting for exclusive lock of /home/user/PhpstormProjects/CryptoTrading/user.madeline/lightState.php.lock...
SessionPaths:   	Got exclusive lock of /home/user/PhpstormProjects/CryptoTrading/user.madeline/lightState.php.lock...
APIWrapper:     	Saved session!
SessionPaths, innatarasyan:   	Waiting for exclusive lock of /home/user/PhpstormProjects/CryptoTrading/bot.madeline/safe.php.lock...
SessionPaths, innatarasyan:   	Got exclusive lock of /home/user/PhpstormProjects/CryptoTrading/bot.madeline/safe.php.lock...
SessionPaths, innatarasyan:   	Waiting for exclusive lock of /home/user/PhpstormProjects/CryptoTrading/bot.madeline/lightState.php.lock...
SessionPaths, innatarasyan:   	Got exclusive lock of /home/user/PhpstormProjects/CryptoTrading/bot.madeline/lightState.php.lock...
APIWrapper, innatarasyan:     	Saved session!
SessionPaths, Inna_CryptoBot:   	Waiting for exclusive lock of /home/user/PhpstormProjects/CryptoTrading/bot.madeline/safe.php.lock...
SessionPaths, Inna_CryptoBot:   	Got exclusive lock of /home/user/PhpstormProjects/CryptoTrading/bot.madeline/safe.php.lock...
SessionPaths, Inna_CryptoBot:   	Waiting for exclusive lock of /home/user/PhpstormProjects/CryptoTrading/bot.madeline/lightState.php.lock...
SessionPaths, Inna_CryptoBot:   	Got exclusive lock of /home/user/PhpstormProjects/CryptoTrading/bot.madeline/lightState.php.lock...
APIWrapper, Inna_CryptoBot:     	Saved session!
SessionPaths, innatarasyan:   	Waiting for exclusive lock of /home/user/PhpstormProjects/CryptoTrading/bot.madeline/safe.php.lock...
SessionPaths, innatarasyan:   	Got exclusive lock of /home/user/PhpstormProjects/CryptoTrading/bot.madeline/safe.php.lock...
SessionPaths, innatarasyan:   	Waiting for exclusive lock of /home/user/PhpstormProjects/CryptoTrading/bot.madeline/lightState.php.lock...
SessionPaths, innatarasyan:   	Got exclusive lock of /home/user/PhpstormProjects/CryptoTrading/bot.madeline/lightState.php.lock...
APIWrapper, innatarasyan:     	Saved session!
SessionPaths:   	Waiting for exclusive lock of /home/user/PhpstormProjects/CryptoTrading/user.madeline/safe.php.lock...
SessionPaths:   	Got exclusive lock of /home/user/PhpstormProjects/CryptoTrading/user.madeline/safe.php.lock...
SessionPaths:   	Waiting for exclusive lock of /home/user/PhpstormProjects/CryptoTrading/user.madeline/lightState.php.lock...
SessionPaths:   	Got exclusive lock of /home/user/PhpstormProjects/CryptoTrading/user.madeline/lightState.php.lock...
APIWrapper:     	Saved session!
SessionPaths, innatarasyan:   	Waiting for exclusive lock of /home/user/PhpstormProjects/CryptoTrading/bot.madeline/safe.php.lock...
SessionPaths, innatarasyan:   	Got exclusive lock of /home/user/PhpstormProjects/CryptoTrading/bot.madeline/safe.php.lock...
SessionPaths, innatarasyan:   	Waiting for exclusive lock of /home/user/PhpstormProjects/CryptoTrading/bot.madeline/lightState.php.lock...
SessionPaths, innatarasyan:   	Got exclusive lock of /home/user/PhpstormProjects/CryptoTrading/bot.madeline/lightState.php.lock...
APIWrapper, innatarasyan:     	Saved session!
FeedLoop:       	Resumed update feed loop channel -1001290362028
FeedLoop, innatarasyan:       	Resumed update feed loop channel -1001290362028
FeedLoop, innatarasyan:       	Resumed update feed loop channel -1001290362028
SessionPaths, Inna_CryptoBot:   	Waiting for exclusive lock of /home/user/PhpstormProjects/CryptoTrading/bot.madeline/safe.php.lock...
SessionPaths, Inna_CryptoBot:   	Got exclusive lock of /home/user/PhpstormProjects/CryptoTrading/bot.madeline/safe.php.lock...
SessionPaths, Inna_CryptoBot:   	Waiting for exclusive lock of /home/user/PhpstormProjects/CryptoTrading/bot.madeline/lightState.php.lock...
SessionPaths, Inna_CryptoBot:   	Got exclusive lock of /home/user/PhpstormProjects/CryptoTrading/bot.madeline/lightState.php.lock...
APIWrapper, Inna_CryptoBot:     	Saved session!
FeedLoop, innatarasyan:       	Resumed update feed loop channel -1001290362028
FeedLoop, innatarasyan:       	MSGID duplicate (2086326) in update feed loop channel -1001290362028
FeedLoop, innatarasyan:       	Resumed update feed loop channel -1001290362028
FeedLoop:       	Resumed update feed loop channel -1001290362028
SessionPaths, innatarasyan:   	Waiting for exclusive lock of /home/user/PhpstormProjects/CryptoTrading/bot.madeline/safe.php.lock...
SessionPaths, innatarasyan:   	Got exclusive lock of /home/user/PhpstormProjects/CryptoTrading/bot.madeline/safe.php.lock...
SessionPaths, innatarasyan:   	Waiting for exclusive lock of /home/user/PhpstormProjects/CryptoTrading/bot.madeline/lightState.php.lock...
SessionPaths, innatarasyan:   	Got exclusive lock of /home/user/PhpstormProjects/CryptoTrading/bot.madeline/lightState.php.lock...
APIWrapper, innatarasyan:     	Saved session!
SessionPaths:   	Waiting for exclusive lock of /home/user/PhpstormProjects/CryptoTrading/user.madeline/safe.php.lock...
SessionPaths:   	Got exclusive lock of /home/user/PhpstormProjects/CryptoTrading/user.madeline/safe.php.lock...
SessionPaths:   	Waiting for exclusive lock of /home/user/PhpstormProjects/CryptoTrading/user.madeline/lightState.php.lock...
SessionPaths:   	Got exclusive lock of /home/user/PhpstormProjects/CryptoTrading/user.madeline/lightState.php.lock...
APIWrapper:     	Saved session!
MinDatabase:    	Found 1 pending contexts
FeedLoop:       	Resumed update feed loop generic
MinDatabase, innatarasyan:    	Found 1 pending contexts
FeedLoop, innatarasyan:       	Resumed update feed loop generic
MinDatabase:    	Found 1 pending contexts
FeedLoop:       	Resumed update feed loop generic
SessionPaths, innatarasyan:   	Waiting for exclusive lock of /home/user/PhpstormProjects/CryptoTrading/bot.madeline/safe.php.lock...
SessionPaths, innatarasyan:   	Got exclusive lock of /home/user/PhpstormProjects/CryptoTrading/bot.madeline/safe.php.lock...
SessionPaths, innatarasyan:   	Waiting for exclusive lock of /home/user/PhpstormProjects/CryptoTrading/bot.madeline/lightState.php.lock...
SessionPaths, innatarasyan:   	Got exclusive lock of /home/user/PhpstormProjects/CryptoTrading/bot.madeline/lightState.php.lock...
APIWrapper, innatarasyan:     	Saved session!
FeedLoop:       	Resumed update feed loop channel -1001290362028
MinDatabase, innatarasyan:    	Found 1 pending contexts
FeedLoop, innatarasyan:       	Resumed update feed loop channel -1001290362028
FeedLoop, innatarasyan:       	Resumed update feed loop generic
MinDatabase, innatarasyan:    	Found 1 pending contexts
FeedLoop, innatarasyan:       	Resumed update feed loop channel -1001290362028
FeedLoop, innatarasyan:       	Resumed update feed loop generic
FeedLoop, innatarasyan:       	Resumed update feed loop channel -1001290362028
SessionPaths, Inna_CryptoBot:   	Waiting for exclusive lock of /home/user/PhpstormProjects/CryptoTrading/bot.madeline/safe.php.lock...
SessionPaths, Inna_CryptoBot:   	Got exclusive lock of /home/user/PhpstormProjects/CryptoTrading/bot.madeline/safe.php.lock...
SessionPaths, Inna_CryptoBot:   	Waiting for exclusive lock of /home/user/PhpstormProjects/CryptoTrading/bot.madeline/lightState.php.lock...
SessionPaths, Inna_CryptoBot:   	Got exclusive lock of /home/user/PhpstormProjects/CryptoTrading/bot.madeline/lightState.php.lock...
APIWrapper, Inna_CryptoBot:     	Saved session!
SessionPaths, innatarasyan:   	Waiting for exclusive lock of /home/user/PhpstormProjects/CryptoTrading/bot.madeline/safe.php.lock...
SessionPaths, innatarasyan:   	Got exclusive lock of /home/user/PhpstormProjects/CryptoTrading/bot.madeline/safe.php.lock...
SessionPaths, innatarasyan:   	Waiting for exclusive lock of /home/user/PhpstormProjects/CryptoTrading/bot.madeline/lightState.php.lock...
SessionPaths, innatarasyan:   	Got exclusive lock of /home/user/PhpstormProjects/CryptoTrading/bot.madeline/lightState.php.lock...
APIWrapper, innatarasyan:     	Saved session!
AbstractServer, Inna_CryptoBot: 	Accepted IPC client connection!
AbstractServer, Inna_CryptoBot: 	Got error while calling IPC method: Telegram returned an RPC error: You must be an admin in this chat to do this. (400) (CHAT_ADMIN_REQUIRED), caused by /home/user/PhpstormProjects/CryptoTrading/vendor/danog/madelineproto/src/RPCErrorException.php:320
Revision: 8.4.20

TL trace:
['channels.getParticipants']
ResponseHandler.php(347):	make()
WrappedFuture.php(59):	{closure:danog\MadelineProto\MTProtoSession\ResponseHandler::handleRpcError():347}()
CallHandler.php(139):	await()
CallHandler.php(49):	methodCallAsyncRead()
AbstractServer.php(259):	methodCallAsyncRead()
AbstractDriver.php(430):	clientRequest()
AbstractDriver.php(621):	invokeMicrotasks()
{closure:Revolt\EventLoop\Internal\AbstractDriver::createCallbackFiber():565}()
DriverSuspension.php(64):	resume()
AbstractDriver.php(430):	{closure:Revolt\EventLoop\Internal\DriverSuspension::resume():61}()
AbstractDriver.php(621):	invokeMicrotasks()
{closure:Revolt\EventLoop\Internal\AbstractDriver::createCallbackFiber():565}()
AbstractDriver.php(502):	resume()
AbstractDriver.php(558):	invokeCallbacks()
{closure:Revolt\EventLoop\Internal\AbstractDriver::createLoopFiber():538}()
AbstractDriver.php(96):	resume()
DriverSuspension.php(117):	{closure:Revolt\EventLoop\Internal\AbstractDriver::__construct():90}()
Future.php(251):    	suspend()
AbstractServer.php(177):	await()
entry.php(119):     	waitShutdown()
entry.php(154):     	{closure:/home/user/PhpstormProjects/CryptoTrading/vendor/danog/madelineproto/src/Ipc/Runner/entry.php:35}()

SessionPaths:   	Waiting for exclusive lock of /home/user/PhpstormProjects/CryptoTrading/user.madeline/safe.php.lock...
SessionPaths:   	Got exclusive lock of /home/user/PhpstormProjects/CryptoTrading/user.madeline/safe.php.lock...
SessionPaths:   	Waiting for exclusive lock of /home/user/PhpstormProjects/CryptoTrading/user.madeline/lightState.php.lock...
SessionPaths:   	Got exclusive lock of /home/user/PhpstormProjects/CryptoTrading/user.madeline/lightState.php.lock...
APIWrapper:     	Saved session!
AbstractServer, Inna_CryptoBot: 	Got error while calling IPC method: Telegram returned an RPC error: You must be an admin in this chat to do this. (400) (CHAT_ADMIN_REQUIRED), caused by /home/user/PhpstormProjects/CryptoTrading/vendor/danog/madelineproto/src/RPCErrorException.php:320
Revision: 8.4.20

TL trace:
['channels.getParticipants']
ResponseHandler.php(347):	make()
WrappedFuture.php(59):	{closure:danog\MadelineProto\MTProtoSession\ResponseHandler::handleRpcError():347}()
CallHandler.php(139):	await()
CallHandler.php(49):	methodCallAsyncRead()
AbstractServer.php(259):	methodCallAsyncRead()
AbstractDriver.php(430):	clientRequest()
AbstractDriver.php(621):	invokeMicrotasks()
{closure:Revolt\EventLoop\Internal\AbstractDriver::createCallbackFiber():565}()
DriverSuspension.php(64):	resume()
AbstractDriver.php(430):	{closure:Revolt\EventLoop\Internal\DriverSuspension::resume():61}()
AbstractDriver.php(621):	invokeMicrotasks()
{closure:Revolt\EventLoop\Internal\AbstractDriver::createCallbackFiber():565}()
AbstractDriver.php(502):	resume()
AbstractDriver.php(558):	invokeCallbacks()
{closure:Revolt\EventLoop\Internal\AbstractDriver::createLoopFiber():538}()
AbstractDriver.php(96):	resume()
DriverSuspension.php(117):	{closure:Revolt\EventLoop\Internal\AbstractDriver::__construct():90}()
Future.php(251):    	suspend()
AbstractServer.php(177):	await()
entry.php(119):     	waitShutdown()
entry.php(154):     	{closure:/home/user/PhpstormProjects/CryptoTrading/vendor/danog/madelineproto/src/Ipc/Runner/entry.php:35}()

SessionPaths, innatarasyan:   	Waiting for exclusive lock of /home/user/PhpstormProjects/CryptoTrading/bot.madeline/safe.php.lock...
SessionPaths, innatarasyan:   	Got exclusive lock of /home/user/PhpstormProjects/CryptoTrading/bot.madeline/safe.php.lock...
SessionPaths, innatarasyan:   	Waiting for exclusive lock of /home/user/PhpstormProjects/CryptoTrading/bot.madeline/lightState.php.lock...
SessionPaths, innatarasyan:   	Got exclusive lock of /home/user/PhpstormProjects/CryptoTrading/bot.madeline/lightState.php.lock...
APIWrapper, innatarasyan:     	Saved session!
AbstractServer, Inna_CryptoBot: 	Got error while calling IPC method: Telegram returned an RPC error: You must be an admin in this chat to do this. (400) (CHAT_ADMIN_REQUIRED), caused by /home/user/PhpstormProjects/CryptoTrading/vendor/danog/madelineproto/src/RPCErrorException.php:320
Revision: 8.4.20

TL trace:
['channels.getParticipants']
ResponseHandler.php(347):	make()
WrappedFuture.php(59):	{closure:danog\MadelineProto\MTProtoSession\ResponseHandler::handleRpcError():347}()
CallHandler.php(139):	await()
CallHandler.php(49):	methodCallAsyncRead()
AbstractServer.php(259):	methodCallAsyncRead()
AbstractDriver.php(430):	clientRequest()
AbstractDriver.php(621):	invokeMicrotasks()
{closure:Revolt\EventLoop\Internal\AbstractDriver::createCallbackFiber():565}()
DriverSuspension.php(64):	resume()
AbstractDriver.php(430):	{closure:Revolt\EventLoop\Internal\DriverSuspension::resume():61}()
AbstractDriver.php(621):	invokeMicrotasks()
{closure:Revolt\EventLoop\Internal\AbstractDriver::createCallbackFiber():565}()
AbstractDriver.php(502):	resume()
AbstractDriver.php(558):	invokeCallbacks()
{closure:Revolt\EventLoop\Internal\AbstractDriver::createLoopFiber():538}()
AbstractDriver.php(96):	resume()
DriverSuspension.php(117):	{closure:Revolt\EventLoop\Internal\AbstractDriver::__construct():90}()
Future.php(251):    	suspend()
AbstractServer.php(177):	await()
entry.php(119):     	waitShutdown()
entry.php(154):     	{closure:/home/user/PhpstormProjects/CryptoTrading/vendor/danog/madelineproto/src/Ipc/Runner/entry.php:35}()

AbstractServer, Inna_CryptoBot: 	Got error while calling IPC method: Telegram returned an RPC error: You must be an admin in this chat to do this. (400) (CHAT_ADMIN_REQUIRED), caused by /home/user/PhpstormProjects/CryptoTrading/vendor/danog/madelineproto/src/RPCErrorException.php:320
Revision: 8.4.20

TL trace:
['channels.getParticipants']
ResponseHandler.php(347):	make()
WrappedFuture.php(59):	{closure:danog\MadelineProto\MTProtoSession\ResponseHandler::handleRpcError():347}()
CallHandler.php(139):	await()
CallHandler.php(49):	methodCallAsyncRead()
AbstractServer.php(259):	methodCallAsyncRead()
AbstractDriver.php(430):	clientRequest()
AbstractDriver.php(621):	invokeMicrotasks()
{closure:Revolt\EventLoop\Internal\AbstractDriver::createCallbackFiber():565}()
DriverSuspension.php(64):	resume()
AbstractDriver.php(430):	{closure:Revolt\EventLoop\Internal\DriverSuspension::resume():61}()
AbstractDriver.php(621):	invokeMicrotasks()
{closure:Revolt\EventLoop\Internal\AbstractDriver::createCallbackFiber():565}()
AbstractDriver.php(502):	resume()
AbstractDriver.php(558):	invokeCallbacks()
{closure:Revolt\EventLoop\Internal\AbstractDriver::createLoopFiber():538}()
AbstractDriver.php(96):	resume()
DriverSuspension.php(117):	{closure:Revolt\EventLoop\Internal\AbstractDriver::__construct():90}()
Future.php(251):    	suspend()
AbstractServer.php(177):	await()
entry.php(119):     	waitShutdown()
entry.php(154):     	{closure:/home/user/PhpstormProjects/CryptoTrading/vendor/danog/madelineproto/src/Ipc/Runner/entry.php:35}()

AbstractServer, Inna_CryptoBot: 	Accepted IPC client connection!
AbstractServer, Inna_CryptoBot: 	Got error while calling IPC method: Telegram returned an RPC error: You must be an admin in this chat to do this. (400) (CHAT_ADMIN_REQUIRED), caused by /home/user/PhpstormProjects/CryptoTrading/vendor/danog/madelineproto/src/RPCErrorException.php:320
Revision: 8.4.20

TL trace:
['channels.getParticipants']
ResponseHandler.php(347):	make()
WrappedFuture.php(59):	{closure:danog\MadelineProto\MTProtoSession\ResponseHandler::handleRpcError():347}()
CallHandler.php(139):	await()
CallHandler.php(49):	methodCallAsyncRead()
AbstractServer.php(259):	methodCallAsyncRead()
AbstractDriver.php(430):	clientRequest()
AbstractDriver.php(621):	invokeMicrotasks()
{closure:Revolt\EventLoop\Internal\AbstractDriver::createCallbackFiber():565}()
DriverSuspension.php(64):	resume()
AbstractDriver.php(430):	{closure:Revolt\EventLoop\Internal\DriverSuspension::resume():61}()
AbstractDriver.php(621):	invokeMicrotasks()
{closure:Revolt\EventLoop\Internal\AbstractDriver::createCallbackFiber():565}()
AbstractDriver.php(502):	resume()
AbstractDriver.php(558):	invokeCallbacks()
{closure:Revolt\EventLoop\Internal\AbstractDriver::createLoopFiber():538}()
AbstractDriver.php(96):	resume()
DriverSuspension.php(117):	{closure:Revolt\EventLoop\Internal\AbstractDriver::__construct():90}()
Future.php(251):    	suspend()
AbstractServer.php(177):	await()
entry.php(119):     	waitShutdown()
entry.php(154):     	{closure:/home/user/PhpstormProjects/CryptoTrading/vendor/danog/madelineproto/src/Ipc/Runner/entry.php:35}()

AbstractServer, Inna_CryptoBot: 	Got error while calling IPC method: Telegram returned an RPC error: You must be an admin in this chat to do this. (400) (CHAT_ADMIN_REQUIRED), caused by /home/user/PhpstormProjects/CryptoTrading/vendor/danog/madelineproto/src/RPCErrorException.php:320
Revision: 8.4.20

TL trace:
['channels.getParticipants']
ResponseHandler.php(347):	make()
WrappedFuture.php(59):	{closure:danog\MadelineProto\MTProtoSession\ResponseHandler::handleRpcError():347}()
CallHandler.php(139):	await()
CallHandler.php(49):	methodCallAsyncRead()
AbstractServer.php(259):	methodCallAsyncRead()
AbstractDriver.php(430):	clientRequest()
AbstractDriver.php(621):	invokeMicrotasks()
{closure:Revolt\EventLoop\Internal\AbstractDriver::createCallbackFiber():565}()
DriverSuspension.php(64):	resume()
AbstractDriver.php(430):	{closure:Revolt\EventLoop\Internal\DriverSuspension::resume():61}()
AbstractDriver.php(621):	invokeMicrotasks()
{closure:Revolt\EventLoop\Internal\AbstractDriver::createCallbackFiber():565}()
AbstractDriver.php(502):	resume()
AbstractDriver.php(558):	invokeCallbacks()
{closure:Revolt\EventLoop\Internal\AbstractDriver::createLoopFiber():538}()
AbstractDriver.php(96):	resume()
DriverSuspension.php(117):	{closure:Revolt\EventLoop\Internal\AbstractDriver::__construct():90}()
Future.php(251):    	suspend()
AbstractServer.php(177):	await()
entry.php(119):     	waitShutdown()
entry.php(154):     	{closure:/home/user/PhpstormProjects/CryptoTrading/vendor/danog/madelineproto/src/Ipc/Runner/entry.php:35}()

SessionPaths, Inna_CryptoBot:   	Waiting for exclusive lock of /home/user/PhpstormProjects/CryptoTrading/bot.madeline/safe.php.lock...
SessionPaths, Inna_CryptoBot:   	Got exclusive lock of /home/user/PhpstormProjects/CryptoTrading/bot.madeline/safe.php.lock...
SessionPaths, Inna_CryptoBot:   	Waiting for exclusive lock of /home/user/PhpstormProjects/CryptoTrading/bot.madeline/lightState.php.lock...
SessionPaths, Inna_CryptoBot:   	Got exclusive lock of /home/user/PhpstormProjects/CryptoTrading/bot.madeline/lightState.php.lock...
APIWrapper, Inna_CryptoBot:     	Saved session!
AbstractServer, Inna_CryptoBot: 	Got error while calling IPC method: Telegram returned an RPC error: You must be an admin in this chat to do this. (400) (CHAT_ADMIN_REQUIRED), caused by /home/user/PhpstormProjects/CryptoTrading/vendor/danog/madelineproto/src/RPCErrorException.php:320
Revision: 8.4.20

TL trace:
['channels.getParticipants']
ResponseHandler.php(347):	make()
WrappedFuture.php(59):	{closure:danog\MadelineProto\MTProtoSession\ResponseHandler::handleRpcError():347}()
CallHandler.php(139):	await()
CallHandler.php(49):	methodCallAsyncRead()
AbstractServer.php(259):	methodCallAsyncRead()
AbstractDriver.php(430):	clientRequest()
AbstractDriver.php(621):	invokeMicrotasks()
{closure:Revolt\EventLoop\Internal\AbstractDriver::createCallbackFiber():565}()
DriverSuspension.php(64):	resume()
AbstractDriver.php(430):	{closure:Revolt\EventLoop\Internal\DriverSuspension::resume():61}()
AbstractDriver.php(621):	invokeMicrotasks()
{closure:Revolt\EventLoop\Internal\AbstractDriver::createCallbackFiber():565}()
AbstractDriver.php(502):	resume()
AbstractDriver.php(558):	invokeCallbacks()
{closure:Revolt\EventLoop\Internal\AbstractDriver::createLoopFiber():538}()
AbstractDriver.php(96):	resume()
DriverSuspension.php(117):	{closure:Revolt\EventLoop\Internal\AbstractDriver::__construct():90}()
Future.php(251):    	suspend()
AbstractServer.php(177):	await()
entry.php(119):     	waitShutdown()
entry.php(154):     	{closure:/home/user/PhpstormProjects/CryptoTrading/vendor/danog/madelineproto/src/Ipc/Runner/entry.php:35}()

AbstractServer, Inna_CryptoBot: 	Got error while calling IPC method: Telegram returned an RPC error: You must be an admin in this chat to do this. (400) (CHAT_ADMIN_REQUIRED), caused by /home/user/PhpstormProjects/CryptoTrading/vendor/danog/madelineproto/src/RPCErrorException.php:320
Revision: 8.4.20

TL trace:
['channels.getParticipants']
ResponseHandler.php(347):	make()
WrappedFuture.php(59):	{closure:danog\MadelineProto\MTProtoSession\ResponseHandler::handleRpcError():347}()
CallHandler.php(139):	await()
CallHandler.php(49):	methodCallAsyncRead()
AbstractServer.php(259):	methodCallAsyncRead()
AbstractDriver.php(430):	clientRequest()
AbstractDriver.php(621):	invokeMicrotasks()
{closure:Revolt\EventLoop\Internal\AbstractDriver::createCallbackFiber():565}()
DriverSuspension.php(64):	resume()
AbstractDriver.php(430):	{closure:Revolt\EventLoop\Internal\DriverSuspension::resume():61}()
AbstractDriver.php(621):	invokeMicrotasks()
{closure:Revolt\EventLoop\Internal\AbstractDriver::createCallbackFiber():565}()
AbstractDriver.php(502):	resume()
AbstractDriver.php(558):	invokeCallbacks()
{closure:Revolt\EventLoop\Internal\AbstractDriver::createLoopFiber():538}()
AbstractDriver.php(96):	resume()
DriverSuspension.php(117):	{closure:Revolt\EventLoop\Internal\AbstractDriver::__construct():90}()
Future.php(251):    	suspend()
AbstractServer.php(177):	await()
entry.php(119):     	waitShutdown()
entry.php(154):     	{closure:/home/user/PhpstormProjects/CryptoTrading/vendor/danog/madelineproto/src/Ipc/Runner/entry.php:35}()

SessionPaths, innatarasyan:   	Waiting for exclusive lock of /home/user/PhpstormProjects/CryptoTrading/bot.madeline/safe.php.lock...
SessionPaths, innatarasyan:   	Got exclusive lock of /home/user/PhpstormProjects/CryptoTrading/bot.madeline/safe.php.lock...
SessionPaths, innatarasyan:   	Waiting for exclusive lock of /home/user/PhpstormProjects/CryptoTrading/bot.madeline/lightState.php.lock...
SessionPaths, innatarasyan:   	Got exclusive lock of /home/user/PhpstormProjects/CryptoTrading/bot.madeline/lightState.php.lock...
APIWrapper, innatarasyan:     	Saved session!
SessionPaths:   	Waiting for exclusive lock of /home/user/PhpstormProjects/CryptoTrading/user.madeline/safe.php.lock...
SessionPaths:   	Got exclusive lock of /home/user/PhpstormProjects/CryptoTrading/user.madeline/safe.php.lock...
SessionPaths:   	Waiting for exclusive lock of /home/user/PhpstormProjects/CryptoTrading/user.madeline/lightState.php.lock...
SessionPaths:   	Got exclusive lock of /home/user/PhpstormProjects/CryptoTrading/user.madeline/lightState.php.lock...
APIWrapper:     	Saved session!
SessionPaths, innatarasyan:   	Waiting for exclusive lock of /home/user/PhpstormProjects/CryptoTrading/bot.madeline/safe.php.lock...
SessionPaths, innatarasyan:   	Got exclusive lock of /home/user/PhpstormProjects/CryptoTrading/bot.madeline/safe.php.lock...
SessionPaths, innatarasyan:   	Waiting for exclusive lock of /home/user/PhpstormProjects/CryptoTrading/bot.madeline/lightState.php.lock...
SessionPaths, innatarasyan:   	Got exclusive lock of /home/user/PhpstormProjects/CryptoTrading/bot.madeline/lightState.php.lock...
APIWrapper, innatarasyan:     	Saved session!
SessionPaths, Inna_CryptoBot:   	Waiting for exclusive lock of /home/user/PhpstormProjects/CryptoTrading/bot.madeline/safe.php.lock...
SessionPaths, Inna_CryptoBot:   	Got exclusive lock of /home/user/PhpstormProjects/CryptoTrading/bot.madeline/safe.php.lock...
SessionPaths, Inna_CryptoBot:   	Waiting for exclusive lock of /home/user/PhpstormProjects/CryptoTrading/bot.madeline/lightState.php.lock...
SessionPaths, Inna_CryptoBot:   	Got exclusive lock of /home/user/PhpstormProjects/CryptoTrading/bot.madeline/lightState.php.lock...
APIWrapper, Inna_CryptoBot:     	Saved session!
SessionPaths, innatarasyan:   	Waiting for exclusive lock of /home/user/PhpstormProjects/CryptoTrading/bot.madeline/safe.php.lock...
SessionPaths, innatarasyan:   	Got exclusive lock of /home/user/PhpstormProjects/CryptoTrading/bot.madeline/safe.php.lock...
SessionPaths, innatarasyan:   	Waiting for exclusive lock of /home/user/PhpstormProjects/CryptoTrading/bot.madeline/lightState.php.lock...
SessionPaths, innatarasyan:   	Got exclusive lock of /home/user/PhpstormProjects/CryptoTrading/bot.madeline/lightState.php.lock...
APIWrapper, innatarasyan:     	Saved session!
SessionPaths:   	Waiting for exclusive lock of /home/user/PhpstormProjects/CryptoTrading/user.madeline/safe.php.lock...
SessionPaths:   	Got exclusive lock of /home/user/PhpstormProjects/CryptoTrading/user.madeline/safe.php.lock...
SessionPaths:   	Waiting for exclusive lock of /home/user/PhpstormProjects/CryptoTrading/user.madeline/lightState.php.lock...
SessionPaths:   	Got exclusive lock of /home/user/PhpstormProjects/CryptoTrading/user.madeline/lightState.php.lock...
APIWrapper:     	Saved session!
SessionPaths, innatarasyan:   	Waiting for exclusive lock of /home/user/PhpstormProjects/CryptoTrading/bot.madeline/safe.php.lock...
SessionPaths, innatarasyan:   	Got exclusive lock of /home/user/PhpstormProjects/CryptoTrading/bot.madeline/safe.php.lock...
SessionPaths, innatarasyan:   	Waiting for exclusive lock of /home/user/PhpstormProjects/CryptoTrading/bot.madeline/lightState.php.lock...
SessionPaths, innatarasyan:   	Got exclusive lock of /home/user/PhpstormProjects/CryptoTrading/bot.madeline/lightState.php.lock...
APIWrapper, innatarasyan:     	Saved session!
SessionPaths, Inna_CryptoBot:   	Waiting for exclusive lock of /home/user/PhpstormProjects/CryptoTrading/bot.madeline/safe.php.lock...
SessionPaths, Inna_CryptoBot:   	Got exclusive lock of /home/user/PhpstormProjects/CryptoTrading/bot.madeline/safe.php.lock...
SessionPaths, Inna_CryptoBot:   	Waiting for exclusive lock of /home/user/PhpstormProjects/CryptoTrading/bot.madeline/lightState.php.lock...
SessionPaths, Inna_CryptoBot:   	Got exclusive lock of /home/user/PhpstormProjects/CryptoTrading/bot.madeline/lightState.php.lock...
APIWrapper, Inna_CryptoBot:     	Saved session!
SessionPaths, innatarasyan:   	Waiting for exclusive lock of /home/user/PhpstormProjects/CryptoTrading/bot.madeline/safe.php.lock...
SessionPaths, innatarasyan:   	Got exclusive lock of /home/user/PhpstormProjects/CryptoTrading/bot.madeline/safe.php.lock...
SessionPaths, innatarasyan:   	Waiting for exclusive lock of /home/user/PhpstormProjects/CryptoTrading/bot.madeline/lightState.php.lock...
SessionPaths, innatarasyan:   	Got exclusive lock of /home/user/PhpstormProjects/CryptoTrading/bot.madeline/lightState.php.lock...
APIWrapper, innatarasyan:     	Saved session!
SessionPaths:   	Waiting for exclusive lock of /home/user/PhpstormProjects/CryptoTrading/user.madeline/safe.php.lock...
SessionPaths:   	Got exclusive lock of /home/user/PhpstormProjects/CryptoTrading/user.madeline/safe.php.lock...
SessionPaths:   	Waiting for exclusive lock of /home/user/PhpstormProjects/CryptoTrading/user.madeline/lightState.php.lock...
SessionPaths:   	Got exclusive lock of /home/user/PhpstormProjects/CryptoTrading/user.madeline/lightState.php.lock...
APIWrapper:     	Saved session!
SessionPaths, innatarasyan:   	Waiting for exclusive lock of /home/user/PhpstormProjects/CryptoTrading/bot.madeline/safe.php.lock...
SessionPaths, innatarasyan:   	Got exclusive lock of /home/user/PhpstormProjects/CryptoTrading/bot.madeline/safe.php.lock...
SessionPaths, innatarasyan:   	Waiting for exclusive lock of /home/user/PhpstormProjects/CryptoTrading/bot.madeline/lightState.php.lock...
SessionPaths, innatarasyan:   	Got exclusive lock of /home/user/PhpstormProjects/CryptoTrading/bot.madeline/lightState.php.lock...
APIWrapper, innatarasyan:     	Saved session!
SessionPaths, Inna_CryptoBot:   	Waiting for exclusive lock of /home/user/PhpstormProjects/CryptoTrading/bot.madeline/safe.php.lock...
SessionPaths, Inna_CryptoBot:   	Got exclusive lock of /home/user/PhpstormProjects/CryptoTrading/bot.madeline/safe.php.lock...
SessionPaths, Inna_CryptoBot:   	Waiting for exclusive lock of /home/user/PhpstormProjects/CryptoTrading/bot.madeline/lightState.php.lock...
SessionPaths, Inna_CryptoBot:   	Got exclusive lock of /home/user/PhpstormProjects/CryptoTrading/bot.madeline/lightState.php.lock...
APIWrapper, Inna_CryptoBot:     	Saved session!
AbstractServer: 	Accepted IPC client connection!
ServerCallback, innatarasyan: 	Accepted IPC callback connection, assigning ID 75!
Files, innatarasyan:          	Waiting for lock of file to download...
Files, innatarasyan:          	Got lock of file to download
Files, innatarasyan:          	Download status: 100%
ServerCallback, innatarasyan: 	Accepted IPC callback connection, assigning ID 76!
Files, innatarasyan:          	Waiting for lock of file to download...
Files, innatarasyan:          	Got lock of file to download
Files, innatarasyan:          	Download status: 100%
ServerCallback, innatarasyan: 	Accepted IPC callback connection, assigning ID 77!
Files, innatarasyan:          	Waiting for lock of file to download...
Files, innatarasyan:          	Got lock of file to download
Files, innatarasyan:          	Download status: 100%
ServerCallback, innatarasyan: 	Accepted IPC callback connection, assigning ID 78!
Files, innatarasyan:          	Waiting for lock of file to download...
Files, innatarasyan:          	Got lock of file to download
Files, innatarasyan:          	Download status: 100%
ServerCallback, innatarasyan: 	Accepted IPC callback connection, assigning ID 79!
Files, innatarasyan:          	Waiting for lock of file to download...
Files, innatarasyan:          	Got lock of file to download
Files, innatarasyan:          	Download status: 100%
ServerCallback, innatarasyan: 	Accepted IPC callback connection, assigning ID 80!
Files, innatarasyan:          	Waiting for lock of file to download...
Files, innatarasyan:          	Got lock of file to download
Files, innatarasyan:          	Download status: 100%
ServerCallback, innatarasyan: 	Accepted IPC callback connection, assigning ID 81!
Files, innatarasyan:          	Waiting for lock of file to download...
Files, innatarasyan:          	Got lock of file to download
Files, innatarasyan:          	Download status: 100%
ServerCallback, innatarasyan: 	Accepted IPC callback connection, assigning ID 82!
Files, innatarasyan:          	Waiting for lock of file to download...
Files, innatarasyan:          	Got lock of file to download
Files, innatarasyan:          	Download status: 100%
ServerCallback, innatarasyan: 	Accepted IPC callback connection, assigning ID 83!
Files, innatarasyan:          	Waiting for lock of file to download...
Files, innatarasyan:          	Got lock of file to download
Files, innatarasyan:          	Download status: 100%
ServerCallback, innatarasyan: 	Accepted IPC callback connection, assigning ID 84!
Files, innatarasyan:          	Waiting for lock of file to download...
Files, innatarasyan:          	Got lock of file to download
Files, innatarasyan:          	Download status: 100%
ServerCallback, innatarasyan: 	Accepted IPC callback connection, assigning ID 85!
Files, innatarasyan:          	Waiting for lock of file to download...
Files, innatarasyan:          	Got lock of file to download
Files, innatarasyan:          	Download status: 100%
ServerCallback, innatarasyan: 	Accepted IPC callback connection, assigning ID 86!
Files, innatarasyan:          	Waiting for lock of file to download...
Files, innatarasyan:          	Got lock of file to download
Files, innatarasyan:          	Download status: 100%
ServerCallback, innatarasyan: 	Accepted IPC callback connection, assigning ID 87!
Files, innatarasyan:          	Waiting for lock of file to download...
Files, innatarasyan:          	Got lock of file to download
Files, innatarasyan:          	Download status: 100%
ServerCallback, innatarasyan: 	Accepted IPC callback connection, assigning ID 88!
Files, innatarasyan:          	Waiting for lock of file to download...
Files, innatarasyan:          	Got lock of file to download
Files, innatarasyan:          	Download status: 100%
ServerCallback, innatarasyan: 	Accepted IPC callback connection, assigning ID 89!
Files, innatarasyan:          	Waiting for lock of file to download...
Files, innatarasyan:          	Got lock of file to download
Files, innatarasyan:          	Download status: 100%
ServerCallback, innatarasyan: 	Accepted IPC callback connection, assigning ID 90!
Files, innatarasyan:          	Waiting for lock of file to download...
Files, innatarasyan:          	Got lock of file to download
Files, innatarasyan:          	Download status: 100%
ServerCallback, innatarasyan: 	Accepted IPC callback connection, assigning ID 91!
Files, innatarasyan:          	Waiting for lock of file to download...
Files, innatarasyan:          	Got lock of file to download
Files, innatarasyan:          	Download status: 100%
ServerCallback, innatarasyan: 	Accepted IPC callback connection, assigning ID 92!
Files, innatarasyan:          	Waiting for lock of file to download...
Files, innatarasyan:          	Got lock of file to download
Files, innatarasyan:          	Download status: 100%
ServerCallback, innatarasyan: 	Accepted IPC callback connection, assigning ID 93!
Files, innatarasyan:          	Waiting for lock of file to download...
Files, innatarasyan:          	Got lock of file to download
Files, innatarasyan:          	Download status: 100%
ServerCallback, innatarasyan: 	Accepted IPC callback connection, assigning ID 94!
Files, innatarasyan:          	Waiting for lock of file to download...
Files, innatarasyan:          	Got lock of file to download
Files, innatarasyan:          	Download status: 100%
ServerCallback, innatarasyan: 	Accepted IPC callback connection, assigning ID 95!
Files, innatarasyan:          	Waiting for lock of file to download...
Files, innatarasyan:          	Got lock of file to download
Files, innatarasyan:          	Download status: 100%
ServerCallback, innatarasyan: 	Accepted IPC callback connection, assigning ID 96!
Files, innatarasyan:          	Waiting for lock of file to download...
Files, innatarasyan:          	Got lock of file to download
Files, innatarasyan:          	Download status: 100%
ServerCallback, innatarasyan: 	Accepted IPC callback connection, assigning ID 97!
Files, innatarasyan:          	Waiting for lock of file to download...
Files, innatarasyan:          	Got lock of file to download
Files, innatarasyan:          	Download status: 100%
ServerCallback, innatarasyan: 	Accepted IPC callback connection, assigning ID 98!
Files, innatarasyan:          	Waiting for lock of file to download...
Files, innatarasyan:          	Got lock of file to download
Files, innatarasyan:          	Download status: 100%
ServerCallback, innatarasyan: 	Accepted IPC callback connection, assigning ID 99!
Files, innatarasyan:          	Waiting for lock of file to download...
Files, innatarasyan:          	Got lock of file to download
Files, innatarasyan:          	Download status: 100%
ServerCallback, innatarasyan: 	Accepted IPC callback connection, assigning ID 100!
Files, innatarasyan:          	Waiting for lock of file to download...
Files, innatarasyan:          	Got lock of file to download
Files, innatarasyan:          	Download status: 100%
ServerCallback, innatarasyan: 	Accepted IPC callback connection, assigning ID 101!
Files, innatarasyan:          	Waiting for lock of file to download...
Files, innatarasyan:          	Got lock of file to download
Files, innatarasyan:          	Download status: 100%
ServerCallback, innatarasyan: 	Accepted IPC callback connection, assigning ID 102!
Files, innatarasyan:          	Waiting for lock of file to download...
Files, innatarasyan:          	Got lock of file to download
Files, innatarasyan:          	Download status: 100%
ServerCallback, innatarasyan: 	Accepted IPC callback connection, assigning ID 103!
Files, innatarasyan:          	Waiting for lock of file to download...
Files, innatarasyan:          	Got lock of file to download
Files, innatarasyan:          	Download status: 100%
ServerCallback, innatarasyan: 	Accepted IPC callback connection, assigning ID 104!
Files, innatarasyan:          	Waiting for lock of file to download...
Files, innatarasyan:          	Got lock of file to download
Files, innatarasyan:          	Download status: 100%
ServerCallback, innatarasyan: 	Accepted IPC callback connection, assigning ID 105!
Files, innatarasyan:          	Waiting for lock of file to download...
Files, innatarasyan:          	Got lock of file to download
Files, innatarasyan:          	Download status: 100%
ServerCallback, innatarasyan: 	Accepted IPC callback connection, assigning ID 106!
Files, innatarasyan:          	Waiting for lock of file to download...
Files, innatarasyan:          	Got lock of file to download
Files, innatarasyan:          	Download status: 100%
ServerCallback, innatarasyan: 	Accepted IPC callback connection, assigning ID 107!
Files, innatarasyan:          	Waiting for lock of file to download...
Files, innatarasyan:          	Got lock of file to download
Files, innatarasyan:          	Download status: 100%
ServerCallback, innatarasyan: 	Accepted IPC callback connection, assigning ID 108!
Files, innatarasyan:          	Waiting for lock of file to download...
Files, innatarasyan:          	Got lock of file to download
Files, innatarasyan:          	Download status: 100%
ServerCallback, innatarasyan: 	Accepted IPC callback connection, assigning ID 109!
Files, innatarasyan:          	Waiting for lock of file to download...
Files, innatarasyan:          	Got lock of file to download
Files, innatarasyan:          	Download status: 100%
ServerCallback, innatarasyan: 	Accepted IPC callback connection, assigning ID 110!
Files, innatarasyan:          	Waiting for lock of file to download...
Files, innatarasyan:          	Got lock of file to download
Files, innatarasyan:          	Download status: 100%
ServerCallback, innatarasyan: 	Accepted IPC callback connection, assigning ID 111!
Files, innatarasyan:          	Waiting for lock of file to download...
Files, innatarasyan:          	Got lock of file to download
Files, innatarasyan:          	Download status: 100%
ServerCallback, innatarasyan: 	Accepted IPC callback connection, assigning ID 112!
Files, innatarasyan:          	Waiting for lock of file to download...
Files, innatarasyan:          	Got lock of file to download
Files, innatarasyan:          	Download status: 100%
ServerCallback, innatarasyan: 	Accepted IPC callback connection, assigning ID 113!
Files, innatarasyan:          	Waiting for lock of file to download...
Files, innatarasyan:          	Got lock of file to download
Files, innatarasyan:          	Download status: 100%
ServerCallback, innatarasyan: 	Accepted IPC callback connection, assigning ID 114!
Files, innatarasyan:          	Waiting for lock of file to download...
Files, innatarasyan:          	Got lock of file to download
Files, innatarasyan:          	Download status: 100%
ServerCallback, innatarasyan: 	Accepted IPC callback connection, assigning ID 115!
Files, innatarasyan:          	Waiting for lock of file to download...
Files, innatarasyan:          	Got lock of file to download
Files, innatarasyan:          	Download status: 100%
ServerCallback, innatarasyan: 	Accepted IPC callback connection, assigning ID 116!
Files, innatarasyan:          	Waiting for lock of file to download...
Files, innatarasyan:          	Got lock of file to download
Files, innatarasyan:          	Download status: 100%
ServerCallback, innatarasyan: 	Accepted IPC callback connection, assigning ID 117!
Files, innatarasyan:          	Waiting for lock of file to download...
Files, innatarasyan:          	Got lock of file to download
Files, innatarasyan:          	Download status: 100%
ServerCallback, innatarasyan: 	Accepted IPC callback connection, assigning ID 118!
Files, innatarasyan:          	Waiting for lock of file to download...
Files, innatarasyan:          	Got lock of file to download
Files, innatarasyan:          	Download status: 100%
ServerCallback, innatarasyan: 	Accepted IPC callback connection, assigning ID 119!
Files, innatarasyan:          	Waiting for lock of file to download...
Files, innatarasyan:          	Got lock of file to download
Files, innatarasyan:          	Download status: 100%
ServerCallback, innatarasyan: 	Accepted IPC callback connection, assigning ID 120!
Files, innatarasyan:          	Waiting for lock of file to download...
Files, innatarasyan:          	Got lock of file to download
Files, innatarasyan:          	Download status: 100%
ServerCallback, innatarasyan: 	Accepted IPC callback connection, assigning ID 121!
Files, innatarasyan:          	Waiting for lock of file to download...
Files, innatarasyan:          	Got lock of file to download
Files, innatarasyan:          	Download status: 100%
ServerCallback, innatarasyan: 	Accepted IPC callback connection, assigning ID 122!
Files, innatarasyan:          	Waiting for lock of file to download...
Files, innatarasyan:          	Got lock of file to download
Files, innatarasyan:          	Download status: 100%
ServerCallback, innatarasyan: 	Accepted IPC callback connection, assigning ID 123!
Files, innatarasyan:          	Waiting for lock of file to download...
Files, innatarasyan:          	Got lock of file to download
Files, innatarasyan:          	Download status: 100%
ServerCallback, innatarasyan: 	Accepted IPC callback connection, assigning ID 124!
Files, innatarasyan:          	Waiting for lock of file to download...
Files, innatarasyan:          	Got lock of file to download
Files, innatarasyan:          	Download status: 100%
ServerCallback, innatarasyan: 	Accepted IPC callback connection, assigning ID 125!
Files, innatarasyan:          	Waiting for lock of file to download...
Files, innatarasyan:          	Got lock of file to download
Files, innatarasyan:          	Download status: 100%
ServerCallback, innatarasyan: 	Accepted IPC callback connection, assigning ID 126!
Files, innatarasyan:          	Waiting for lock of file to download...
Files, innatarasyan:          	Got lock of file to download
Files, innatarasyan:          	Download status: 100%
ServerCallback, innatarasyan: 	Accepted IPC callback connection, assigning ID 127!
Files, innatarasyan:          	Waiting for lock of file to download...
Files, innatarasyan:          	Got lock of file to download
Files, innatarasyan:          	Download status: 100%
ServerCallback, innatarasyan: 	Accepted IPC callback connection, assigning ID 128!
Files, innatarasyan:          	Waiting for lock of file to download...
Files, innatarasyan:          	Got lock of file to download
Files, innatarasyan:          	Download status: 100%
ServerCallback, innatarasyan: 	Accepted IPC callback connection, assigning ID 129!
Files, innatarasyan:          	Waiting for lock of file to download...
Files, innatarasyan:          	Got lock of file to download
Files, innatarasyan:          	Download status: 100%
ServerCallback, innatarasyan: 	Accepted IPC callback connection, assigning ID 130!
Files, innatarasyan:          	Waiting for lock of file to download...
Files, innatarasyan:          	Got lock of file to download
Files, innatarasyan:          	Download status: 100%
ServerCallback, innatarasyan: 	Accepted IPC callback connection, assigning ID 131!
Files, innatarasyan:          	Waiting for lock of file to download...
Files, innatarasyan:          	Got lock of file to download
Files, innatarasyan:          	Download status: 100%
ServerCallback, innatarasyan: 	Accepted IPC callback connection, assigning ID 132!
Files, innatarasyan:          	Waiting for lock of file to download...
Files, innatarasyan:          	Got lock of file to download
Files, innatarasyan:          	Download status: 100%
ServerCallback, innatarasyan: 	Accepted IPC callback connection, assigning ID 133!
Files, innatarasyan:          	Waiting for lock of file to download...
Files, innatarasyan:          	Got lock of file to download
Files, innatarasyan:          	Download status: 100%
ServerCallback, innatarasyan: 	Accepted IPC callback connection, assigning ID 134!
Files, innatarasyan:          	Waiting for lock of file to download...
Files, innatarasyan:          	Got lock of file to download
Files, innatarasyan:          	Download status: 100%
ServerCallback, innatarasyan: 	Accepted IPC callback connection, assigning ID 135!
Files, innatarasyan:          	Waiting for lock of file to download...
Files, innatarasyan:          	Got lock of file to download
Files, innatarasyan:          	Download status: 100%
ServerCallback, innatarasyan: 	Accepted IPC callback connection, assigning ID 136!
Files, innatarasyan:          	Waiting for lock of file to download...
Files, innatarasyan:          	Got lock of file to download
Files, innatarasyan:          	Download status: 100%
ServerCallback, innatarasyan: 	Accepted IPC callback connection, assigning ID 137!
Files, innatarasyan:          	Waiting for lock of file to download...
Files, innatarasyan:          	Got lock of file to download
Files, innatarasyan:          	Download status: 100%
ServerCallback, innatarasyan: 	Accepted IPC callback connection, assigning ID 138!
Files, innatarasyan:          	Waiting for lock of file to download...
Files, innatarasyan:          	Got lock of file to download
Files, innatarasyan:          	Download status: 100%
ServerCallback, innatarasyan: 	Accepted IPC callback connection, assigning ID 139!
Files, innatarasyan:          	Waiting for lock of file to download...
Files, innatarasyan:          	Got lock of file to download
Files, innatarasyan:          	Download status: 100%
ServerCallback, innatarasyan: 	Accepted IPC callback connection, assigning ID 140!
Files, innatarasyan:          	Waiting for lock of file to download...
Files, innatarasyan:          	Got lock of file to download
Files, innatarasyan:          	Download status: 100%
ServerCallback, innatarasyan: 	Accepted IPC callback connection, assigning ID 141!
Files, innatarasyan:          	Waiting for lock of file to download...
Files, innatarasyan:          	Got lock of file to download
Files, innatarasyan:          	Download status: 100%
ServerCallback, innatarasyan: 	Accepted IPC callback connection, assigning ID 142!
Files, innatarasyan:          	Waiting for lock of file to download...
Files, innatarasyan:          	Got lock of file to download
Files, innatarasyan:          	Download status: 100%
ServerCallback, innatarasyan: 	Accepted IPC callback connection, assigning ID 143!
Files, innatarasyan:          	Waiting for lock of file to download...
Files, innatarasyan:          	Got lock of file to download
Files, innatarasyan:          	Download status: 100%
ServerCallback, innatarasyan: 	Accepted IPC callback connection, assigning ID 144!
Files, innatarasyan:          	Waiting for lock of file to download...
Files, innatarasyan:          	Got lock of file to download
Files, innatarasyan:          	Download status: 100%
ServerCallback, innatarasyan: 	Accepted IPC callback connection, assigning ID 145!
Files, innatarasyan:          	Waiting for lock of file to download...
Files, innatarasyan:          	Got lock of file to download
Files, innatarasyan:          	Download status: 100%
ServerCallback, innatarasyan: 	Accepted IPC callback connection, assigning ID 146!
Files, innatarasyan:          	Waiting for lock of file to download...
Files, innatarasyan:          	Got lock of file to download
Files, innatarasyan:          	Download status: 100%
ServerCallback, innatarasyan: 	Accepted IPC callback connection, assigning ID 147!
Files, innatarasyan:          	Waiting for lock of file to download...
Files, innatarasyan:          	Got lock of file to download
Files, innatarasyan:          	Download status: 100%
ServerCallback, innatarasyan: 	Accepted IPC callback connection, assigning ID 148!
Files, innatarasyan:          	Waiting for lock of file to download...
Files, innatarasyan:          	Got lock of file to download
Files, innatarasyan:          	Download status: 100%
ServerCallback, innatarasyan: 	Accepted IPC callback connection, assigning ID 149!
Files, innatarasyan:          	Waiting for lock of file to download...
Files, innatarasyan:          	Got lock of file to download
Files, innatarasyan:          	Download status: 100%
ServerCallback, innatarasyan: 	Accepted IPC callback connection, assigning ID 150!
Files, innatarasyan:          	Waiting for lock of file to download...
Files, innatarasyan:          	Got lock of file to download
Files, innatarasyan:          	Download status: 100%
Files, innatarasyan:          	Total download time: 1.8277409076691
Files, innatarasyan:          	Total download speed: 0.953316 mbps
ServerCallback, innatarasyan: 	Accepted IPC callback connection, assigning ID 151!
Files, innatarasyan:          	Waiting for lock of file to download...
Files, innatarasyan:          	Got lock of file to download
Files, innatarasyan:          	Download status: 100%
Files, innatarasyan:          	Total download time: 0.35906195640564
Files, innatarasyan:          	Total download speed: 1.532727 mbps
SessionPaths, innatarasyan:   	Waiting for exclusive lock of /home/user/PhpstormProjects/CryptoTrading/bot.madeline/safe.php.lock...
SessionPaths, innatarasyan:   	Got exclusive lock of /home/user/PhpstormProjects/CryptoTrading/bot.madeline/safe.php.lock...
SessionPaths, innatarasyan:   	Waiting for exclusive lock of /home/user/PhpstormProjects/CryptoTrading/bot.madeline/lightState.php.lock...
SessionPaths, innatarasyan:   	Got exclusive lock of /home/user/PhpstormProjects/CryptoTrading/bot.madeline/lightState.php.lock...
APIWrapper, innatarasyan:     	Saved session!
ServerCallback, innatarasyan: 	Accepted IPC callback connection, assigning ID 152!
Files, innatarasyan:          	Waiting for lock of file to download...
Files, innatarasyan:          	Got lock of file to download
Files, innatarasyan:          	Download status: 100%
Files, innatarasyan:          	Total download time: 0.40155601501465
Files, innatarasyan:          	Total download speed: 1.952305 mbps
ServerCallback, innatarasyan: 	Accepted IPC callback connection, assigning ID 153!
Files, innatarasyan:          	Waiting for lock of file to download...
Files, innatarasyan:          	Got lock of file to download
Files, innatarasyan:          	Download status: 100%
Files, innatarasyan:          	Total download time: 0.47759604454041
Files, innatarasyan:          	Total download speed: 3.83571 mbps
ServerCallback, innatarasyan: 	Accepted IPC callback connection, assigning ID 154!
Files, innatarasyan:          	Waiting for lock of file to download...
Files, innatarasyan:          	Got lock of file to download
Files, innatarasyan:          	Download status: 100%
Files, innatarasyan:          	Total download time: 0.43631196022034
Files, innatarasyan:          	Total download speed: 1.550248 mbps
ServerCallback, innatarasyan: 	Accepted IPC callback connection, assigning ID 155!
Files, innatarasyan:          	Waiting for lock of file to download...
Files, innatarasyan:          	Got lock of file to download
Files, innatarasyan:          	Download status: 100%
Files, innatarasyan:          	Total download time: 0.42244100570679
Files, innatarasyan:          	Total download speed: 2.749145 mbps
ServerCallback, innatarasyan: 	Accepted IPC callback connection, assigning ID 156!
Files, innatarasyan:          	Waiting for lock of file to download...
Files, innatarasyan:          	Got lock of file to download
Files, innatarasyan:          	Download status: 100%
Files, innatarasyan:          	Total download time: 0.39226818084717
Files, innatarasyan:          	Total download speed: 0.680452 mbps
ServerCallback, innatarasyan: 	Accepted IPC callback connection, assigning ID 157!
Files, innatarasyan:          	Waiting for lock of file to download...
Files, innatarasyan:          	Got lock of file to download
Files, innatarasyan:          	Download status: 100%
Files, innatarasyan:          	Total download time: 0.39627599716187
Files, innatarasyan:          	Total download speed: 0.936155 mbps
ServerCallback, innatarasyan: 	Accepted IPC callback connection, assigning ID 158!
Files, innatarasyan:          	Waiting for lock of file to download...
Files, innatarasyan:          	Got lock of file to download
Files, innatarasyan:          	Download status: 100%
Files, innatarasyan:          	Total download time: 0.3988721370697
Files, innatarasyan:          	Total download speed: 1.228042 mbps
ServerCallback, innatarasyan: 	Accepted IPC callback connection, assigning ID 159!
Files, innatarasyan:          	Waiting for lock of file to download...
Files, innatarasyan:          	Got lock of file to download
Files, innatarasyan:          	Download status: 100%
Files, innatarasyan:          	Total download time: 0.41625690460205
Files, innatarasyan:          	Total download speed: 1.6126 mbps
ServerCallback, innatarasyan: 	Accepted IPC callback connection, assigning ID 160!
Files, innatarasyan:          	Waiting for lock of file to download...
Files, innatarasyan:          	Got lock of file to download
Files, innatarasyan:          	Download status: 100%
Files, innatarasyan:          	Total download time: 0.39391303062439
Files, innatarasyan:          	Total download speed: 1.112651 mbps
ServerCallback, innatarasyan: 	Accepted IPC callback connection, assigning ID 161!
Files, innatarasyan:          	Waiting for lock of file to download...
Files, innatarasyan:          	Got lock of file to download
SessionPaths, innatarasyan:   	Waiting for exclusive lock of /home/user/PhpstormProjects/CryptoTrading/user.madeline/safe.php.lock...
SessionPaths, innatarasyan:   	Got exclusive lock of /home/user/PhpstormProjects/CryptoTrading/user.madeline/safe.php.lock...
SessionPaths, innatarasyan:   	Waiting for exclusive lock of /home/user/PhpstormProjects/CryptoTrading/user.madeline/lightState.php.lock...
SessionPaths, innatarasyan:   	Got exclusive lock of /home/user/PhpstormProjects/CryptoTrading/user.madeline/lightState.php.lock...
APIWrapper, innatarasyan:     	Saved session!
Files, innatarasyan:          	Download status: 100%
Files, innatarasyan:          	Total download time: 0.39603710174561
Files, innatarasyan:          	Total download speed: 1.032489 mbps
ServerCallback, innatarasyan: 	Accepted IPC callback connection, assigning ID 162!
Files, innatarasyan:          	Waiting for lock of file to download...
Files, innatarasyan:          	Got lock of file to download
Files, innatarasyan:          	Download status: 100%
Files, innatarasyan:          	Total download time: 0.2224600315094
Files, innatarasyan:          	Total download speed: 1.854571 mbps
ServerCallback, innatarasyan: 	Accepted IPC callback connection, assigning ID 163!
Files, innatarasyan:          	Waiting for lock of file to download...
Files, innatarasyan:          	Got lock of file to download
Files, innatarasyan:          	Download status: 100%
Files, innatarasyan:          	Total download time: 0.43562912940979
Files, innatarasyan:          	Total download speed: 2.541556 mbps
ServerCallback, innatarasyan: 	Accepted IPC callback connection, assigning ID 164!
Files, innatarasyan:          	Waiting for lock of file to download...
Files, innatarasyan:          	Got lock of file to download
Files, innatarasyan:          	Download status: 100%
Files, innatarasyan:          	Total download time: 0.38890194892883
Files, innatarasyan:          	Total download speed: 0.710739 mbps
ServerCallback, innatarasyan: 	Accepted IPC callback connection, assigning ID 165!
Files, innatarasyan:          	Waiting for lock of file to download...
Files, innatarasyan:          	Got lock of file to download
Files, innatarasyan:          	Download status: 100%
Files, innatarasyan:          	Total download time: 0.4214460849762
Files, innatarasyan:          	Total download speed: 1.801758 mbps
ServerCallback, innatarasyan: 	Accepted IPC callback connection, assigning ID 166!
Files, innatarasyan:          	Waiting for lock of file to download...
Files, innatarasyan:          	Got lock of file to download
Files, innatarasyan:          	Download status: 100%
Files, innatarasyan:          	Total download time: 0.42544889450073
Files, innatarasyan:          	Total download speed: 2.18555 mbps
ServerCallback, innatarasyan: 	Accepted IPC callback connection, assigning ID 167!
Files, innatarasyan:          	Waiting for lock of file to download...
Files, innatarasyan:          	Got lock of file to download
Files, innatarasyan:          	Download status: 100%
Files, innatarasyan:          	Total download time: 0.41597104072571
Files, innatarasyan:          	Total download speed: 1.665865 mbps
ServerCallback, innatarasyan: 	Accepted IPC callback connection, assigning ID 168!
Files, innatarasyan:          	Waiting for lock of file to download...
Files, innatarasyan:          	Got lock of file to download
Files, innatarasyan:          	Download status: 100%
Files, innatarasyan:          	Total download time: 0.41144394874573
Files, innatarasyan:          	Total download speed: 1.586879 mbps
ServerCallback, innatarasyan: 	Accepted IPC callback connection, assigning ID 169!
Files, innatarasyan:          	Waiting for lock of file to download...
Files, innatarasyan:          	Got lock of file to download
SessionPaths, innatarasyan:   	Waiting for exclusive lock of /home/user/PhpstormProjects/CryptoTrading/bot.madeline/safe.php.lock...
SessionPaths, innatarasyan:   	Got exclusive lock of /home/user/PhpstormProjects/CryptoTrading/bot.madeline/safe.php.lock...
SessionPaths, innatarasyan:   	Waiting for exclusive lock of /home/user/PhpstormProjects/CryptoTrading/bot.madeline/lightState.php.lock...
SessionPaths, innatarasyan:   	Got exclusive lock of /home/user/PhpstormProjects/CryptoTrading/bot.madeline/lightState.php.lock...
APIWrapper, innatarasyan:     	Saved session!
Files, innatarasyan:          	Download status: 100%
Files, innatarasyan:          	Total download time: 0.42117714881897
Files, innatarasyan:          	Total download speed: 1.668314 mbps
ServerCallback, innatarasyan: 	Accepted IPC callback connection, assigning ID 170!
Files, innatarasyan:          	Waiting for lock of file to download...
Files, innatarasyan:          	Got lock of file to download
Files, innatarasyan:          	Download status: 100%
Files, innatarasyan:          	Total download time: 0.39519810676575
Files, innatarasyan:          	Total download speed: 0.931502 mbps
ServerCallback, innatarasyan: 	Accepted IPC callback connection, assigning ID 171!
Files, innatarasyan:          	Waiting for lock of file to download...
Files, innatarasyan:          	Got lock of file to download
Files, innatarasyan:          	Download status: 100%
Files, innatarasyan:          	Total download time: 0.43459415435791
Files, innatarasyan:          	Total download speed: 2.803185 mbps
ServerCallback, innatarasyan: 	Accepted IPC callback connection, assigning ID 172!
Files, innatarasyan:          	Waiting for lock of file to download...
Files, innatarasyan:          	Got lock of file to download
Files, innatarasyan:          	Download status: 100%
Files, innatarasyan:          	Total download time: 0.42434787750244
Files, innatarasyan:          	Total download speed: 2.162037 mbps
ServerCallback, innatarasyan: 	Accepted IPC callback connection, assigning ID 173!
Files, innatarasyan:          	Waiting for lock of file to download...
Files, innatarasyan:          	Got lock of file to download
Files, innatarasyan:          	Download status: 100%
Files, innatarasyan:          	Total download time: 0.37877798080444
Files, innatarasyan:          	Total download speed: 0.999276 mbps
ServerCallback, innatarasyan: 	Accepted IPC callback connection, assigning ID 174!
Files, innatarasyan:          	Waiting for lock of file to download...
Files, innatarasyan:          	Got lock of file to download
Files, innatarasyan:          	Download status: 100%
Files, innatarasyan:          	Total download time: 0.42899894714355
Files, innatarasyan:          	Total download speed: 2.450672 mbps
ServerCallback, innatarasyan: 	Accepted IPC callback connection, assigning ID 175!
Files, innatarasyan:          	Waiting for lock of file to download...
Files, innatarasyan:          	Got lock of file to download
Files, innatarasyan:          	Download status: 100%
Files, innatarasyan:          	Total download time: 0.38613700866699
Files, innatarasyan:          	Total download speed: 0.864646 mbps
ServerCallback, innatarasyan: 	Accepted IPC callback connection, assigning ID 176!
Files, innatarasyan:          	Waiting for lock of file to download...
Files, innatarasyan:          	Got lock of file to download
Files, innatarasyan:          	Download status: 100%
Files, innatarasyan:          	Total download time: 0.41025280952454
Files, innatarasyan:          	Total download speed: 1.625924 mbps
ServerCallback, innatarasyan: 	Accepted IPC callback connection, assigning ID 177!
Files, innatarasyan:          	Waiting for lock of file to download...
Files, innatarasyan:          	Got lock of file to download
Files, innatarasyan:          	Download status: 100%
Files, innatarasyan:          	Total download time: 0.42378687858582
Files, innatarasyan:          	Total download speed: 1.628271 mbps
ServerCallback, innatarasyan: 	Accepted IPC callback connection, assigning ID 178!
Files, innatarasyan:          	Waiting for lock of file to download...
Files, innatarasyan:          	Got lock of file to download
Files, innatarasyan:          	Download status: 100%
Files, innatarasyan:          	Total download time: 0.42147707939148
Files, innatarasyan:          	Total download speed: 2.369191 mbps
ServerCallback, innatarasyan: 	Accepted IPC callback connection, assigning ID 179!
Files, innatarasyan:          	Waiting for lock of file to download...
Files, innatarasyan:          	Got lock of file to download
Files, innatarasyan:          	Download status: 100%
Files, innatarasyan:          	Total download time: 0.41900992393494
Files, innatarasyan:          	Total download speed: 1.614262 mbps
ServerCallback, innatarasyan: 	Accepted IPC callback connection, assigning ID 180!
Files, innatarasyan:          	Waiting for lock of file to download...
Files, innatarasyan:          	Got lock of file to download
Files, innatarasyan:          	Download status: 100%
Files, innatarasyan:          	Total download time: 0.41232585906982
Files, innatarasyan:          	Total download speed: 1.636123 mbps
ServerCallback, innatarasyan: 	Accepted IPC callback connection, assigning ID 181!
Files, innatarasyan:          	Waiting for lock of file to download...
Files, innatarasyan:          	Got lock of file to download
Files, innatarasyan:          	Download status: 100%
Files, innatarasyan:          	Total download time: 0.39442014694214
Files, innatarasyan:          	Total download speed: 1.339444 mbps
ServerCallback, innatarasyan: 	Accepted IPC callback connection, assigning ID 182!
Files, innatarasyan:          	Waiting for lock of file to download...
Files, innatarasyan:          	Got lock of file to download
Files, innatarasyan:          	Download status: 100%
Files, innatarasyan:          	Total download time: 0.39903402328491
Files, innatarasyan:          	Total download speed: 1.380333 mbps
ServerCallback, innatarasyan: 	Accepted IPC callback connection, assigning ID 183!
Files, innatarasyan:          	Waiting for lock of file to download...
Files, innatarasyan:          	Got lock of file to download
Files, innatarasyan:          	Download status: 100%
Files, innatarasyan:          	Total download time: 0.40163516998291
Files, innatarasyan:          	Total download speed: 1.285923 mbps
ServerCallback, innatarasyan: 	Accepted IPC callback connection, assigning ID 184!
Files, innatarasyan:          	Waiting for lock of file to download...
Files, innatarasyan:          	Got lock of file to download
DataCenter, innatarasyan:     	Connecting to DC -2
DataCenterConnection, innatarasyan: 	Restoring 0 messages to DC -2
Session, innatarasyan:        	Resetting session in DC -2.0 due to creating initial session...
Connection, innatarasyan:     	Connecting to DC -2.0 via tcp://149.154.167.223:443 main DC -2, via ipv4 using AbridgedStream => BufferedRawStream => DefaultStream 
DataCenterConnection, innatarasyan: 	Skipping outdated auth key transition to UNENCRYPTED_MEDIA_WAITING_MAIN in DC -2
DataCenterConnection, innatarasyan: 	Handling auth key transition to UNENCRYPTED in DC -2
DataCenterConnection, innatarasyan: 	Generating temporary authorization key for DC -2...
Connection, innatarasyan:     	Connected to DC -2.0 via tcp://149.154.167.223:443 main DC -2, via ipv4 using AbridgedStream => BufferedRawStream => DefaultStream!
AuthKeyHandler, innatarasyan: 	Factorizing with native_single_cpp (please wait, might take a while)
AuthKeyHandler, innatarasyan: 	Factorizing with python_single_alt (please wait, might take a while)
AuthKeyHandler, innatarasyan: 	Install https://prime.madelineproto.xyz and the FFI extension to speed this up!
AuthKeyHandler, innatarasyan: 	Factorizing with python_single (please wait, might take a while)
AuthKeyHandler, innatarasyan: 	Install https://prime.madelineproto.xyz and the FFI extension to speed this up!
AuthKeyHandler, innatarasyan: 	Factorizing with native_single (please wait, might take a while)
AuthKeyHandler, innatarasyan: 	Install https://prime.madelineproto.xyz and the FFI extension to speed this up!
AuthKeyHandler, innatarasyan: 	Auth key generated
DataCenterConnection, innatarasyan: 	Finished auth key transition to UNENCRYPTED in DC -2
DataCenterConnection, innatarasyan: 	Handling auth key transition to ENCRYPTED_NOT_BOUND in DC -2
DataCenterConnection, innatarasyan: 	Bound temporary and permanent authorization keys, DC -2
DataCenterConnection, innatarasyan: 	Handling auth key transition to ENCRYPTED_NOT_INITED in DC -2
DataCenterConnection, innatarasyan: 	Writing client info (also executing help.getConfig)...
DataCenterConnection, innatarasyan: 	Finished auth key transition to ENCRYPTED_NOT_INITED in DC -2
DataCenterConnection, innatarasyan: 	Handling auth key transition to ENCRYPTED in DC -2
DataCenterConnection, innatarasyan: 	Finished auth key transition to ENCRYPTED in DC -2
Files, innatarasyan:          	Download status: 100%
Files, innatarasyan:          	Total download time: 2.1322948932648
Files, innatarasyan:          	Total download speed: 0.276427 mbps
ServerCallback, innatarasyan: 	Accepted IPC callback connection, assigning ID 185!
Files, innatarasyan:          	Waiting for lock of file to download...
Files, innatarasyan:          	Got lock of file to download
Files, innatarasyan:          	Download status: 100%
Files, innatarasyan:          	Total download time: 0.37996816635132
Files, innatarasyan:          	Total download speed: 2.713658 mbps
ServerCallback, innatarasyan: 	Accepted IPC callback connection, assigning ID 186!
Files, innatarasyan:          	Waiting for lock of file to download...
Files, innatarasyan:          	Got lock of file to download
Files, innatarasyan:          	Download status: 100%
Files, innatarasyan:          	Total download time: 0.41873097419739
Files, innatarasyan:          	Total download speed: 2.367897 mbps
ServerCallback, innatarasyan: 	Accepted IPC callback connection, assigning ID 187!
Files, innatarasyan:          	Waiting for lock of file to download...
Files, innatarasyan:          	Got lock of file to download
Files, innatarasyan:          	Download status: 100%
Files, innatarasyan:          	Total download time: 0.42171883583069
Files, innatarasyan:          	Total download speed: 1.437166 mbps
ServerCallback, innatarasyan: 	Accepted IPC callback connection, assigning ID 188!
Files, innatarasyan:          	Waiting for lock of file to download...
Files, innatarasyan:          	Got lock of file to download
Files, innatarasyan:          	Download status: 100%
Files, innatarasyan:          	Total download time: 0.37479400634766
Files, innatarasyan:          	Total download speed: 0.670747 mbps
SessionPaths, Inna_CryptoBot:   	Waiting for exclusive lock of /home/user/PhpstormProjects/CryptoTrading/bot.madeline/safe.php.lock...
SessionPaths, Inna_CryptoBot:   	Got exclusive lock of /home/user/PhpstormProjects/CryptoTrading/bot.madeline/safe.php.lock...
SessionPaths, Inna_CryptoBot:   	Waiting for exclusive lock of /home/user/PhpstormProjects/CryptoTrading/bot.madeline/lightState.php.lock...
SessionPaths, Inna_CryptoBot:   	Got exclusive lock of /home/user/PhpstormProjects/CryptoTrading/bot.madeline/lightState.php.lock...
APIWrapper, Inna_CryptoBot:     	Saved session!
SessionPaths, innatarasyan:   	Waiting for exclusive lock of /home/user/PhpstormProjects/CryptoTrading/bot.madeline/safe.php.lock...
SessionPaths, innatarasyan:   	Got exclusive lock of /home/user/PhpstormProjects/CryptoTrading/bot.madeline/safe.php.lock...
SessionPaths, innatarasyan:   	Waiting for exclusive lock of /home/user/PhpstormProjects/CryptoTrading/bot.madeline/lightState.php.lock...
SessionPaths, innatarasyan:   	Got exclusive lock of /home/user/PhpstormProjects/CryptoTrading/bot.madeline/lightState.php.lock...
APIWrapper, innatarasyan:     	Saved session!
AbstractServer, innatarasyan: 	Accepted IPC client connection!
SessionPaths, innatarasyan:   	Waiting for exclusive lock of /home/user/PhpstormProjects/CryptoTrading/user.madeline/safe.php.lock...
SessionPaths, innatarasyan:   	Got exclusive lock of /home/user/PhpstormProjects/CryptoTrading/user.madeline/safe.php.lock...
SessionPaths, innatarasyan:   	Waiting for exclusive lock of /home/user/PhpstormProjects/CryptoTrading/user.madeline/lightState.php.lock...
SessionPaths, innatarasyan:   	Got exclusive lock of /home/user/PhpstormProjects/CryptoTrading/user.madeline/lightState.php.lock...
APIWrapper, innatarasyan:     	Saved session!
ServerCallback, innatarasyan: 	Accepted IPC callback connection, assigning ID 189!
Files, innatarasyan:          	Waiting for lock of file to download...
Files, innatarasyan:          	Got lock of file to download
Files, innatarasyan:          	Download status: 100%
ServerCallback, innatarasyan: 	Accepted IPC callback connection, assigning ID 190!
Files, innatarasyan:          	Waiting for lock of file to download...
Files, innatarasyan:          	Got lock of file to download
Files, innatarasyan:          	Download status: 100%
ServerCallback, innatarasyan: 	Accepted IPC callback connection, assigning ID 191!
Files, innatarasyan:          	Waiting for lock of file to download...
Files, innatarasyan:          	Got lock of file to download
Files, innatarasyan:          	Download status: 100%
ServerCallback, innatarasyan: 	Accepted IPC callback connection, assigning ID 192!
Files, innatarasyan:          	Waiting for lock of file to download...
Files, innatarasyan:          	Got lock of file to download
Files, innatarasyan:          	Download status: 100%
ServerCallback, innatarasyan: 	Accepted IPC callback connection, assigning ID 193!
Files, innatarasyan:          	Waiting for lock of file to download...
Files, innatarasyan:          	Got lock of file to download
Files, innatarasyan:          	Download status: 100%
ServerCallback, innatarasyan: 	Accepted IPC callback connection, assigning ID 194!
Files, innatarasyan:          	Waiting for lock of file to download...
Files, innatarasyan:          	Got lock of file to download
Files, innatarasyan:          	Download status: 100%
ServerCallback, innatarasyan: 	Accepted IPC callback connection, assigning ID 195!
Files, innatarasyan:          	Waiting for lock of file to download...
Files, innatarasyan:          	Got lock of file to download
Files, innatarasyan:          	Download status: 100%
ServerCallback, innatarasyan: 	Accepted IPC callback connection, assigning ID 196!
Files, innatarasyan:          	Waiting for lock of file to download...
Files, innatarasyan:          	Got lock of file to download
Files, innatarasyan:          	Download status: 100%
ServerCallback, innatarasyan: 	Accepted IPC callback connection, assigning ID 197!
Files, innatarasyan:          	Waiting for lock of file to download...
Files, innatarasyan:          	Got lock of file to download
Files, innatarasyan:          	Download status: 100%
ServerCallback, innatarasyan: 	Accepted IPC callback connection, assigning ID 198!
Files, innatarasyan:          	Waiting for lock of file to download...
Files, innatarasyan:          	Got lock of file to download
Files, innatarasyan:          	Download status: 100%
ServerCallback, innatarasyan: 	Accepted IPC callback connection, assigning ID 199!
Files, innatarasyan:          	Waiting for lock of file to download...
Files, innatarasyan:          	Got lock of file to download
Files, innatarasyan:          	Download status: 100%
ServerCallback, innatarasyan: 	Accepted IPC callback connection, assigning ID 200!
Files, innatarasyan:          	Waiting for lock of file to download...
Files, innatarasyan:          	Got lock of file to download
Files, innatarasyan:          	Download status: 100%
ServerCallback, innatarasyan: 	Accepted IPC callback connection, assigning ID 201!
Files, innatarasyan:          	Waiting for lock of file to download...
Files, innatarasyan:          	Got lock of file to download
Files, innatarasyan:          	Download status: 100%
ServerCallback, innatarasyan: 	Accepted IPC callback connection, assigning ID 202!
Files, innatarasyan:          	Waiting for lock of file to download...
Files, innatarasyan:          	Got lock of file to download
Files, innatarasyan:          	Download status: 100%
ServerCallback, innatarasyan: 	Accepted IPC callback connection, assigning ID 203!
Files, innatarasyan:          	Waiting for lock of file to download...
Files, innatarasyan:          	Got lock of file to download
Files, innatarasyan:          	Download status: 100%
ServerCallback, innatarasyan: 	Accepted IPC callback connection, assigning ID 204!
Files, innatarasyan:          	Waiting for lock of file to download...
Files, innatarasyan:          	Got lock of file to download
Files, innatarasyan:          	Download status: 100%
ServerCallback, innatarasyan: 	Accepted IPC callback connection, assigning ID 205!
Files, innatarasyan:          	Waiting for lock of file to download...
Files, innatarasyan:          	Got lock of file to download
Files, innatarasyan:          	Download status: 100%
ServerCallback, innatarasyan: 	Accepted IPC callback connection, assigning ID 206!
Files, innatarasyan:          	Waiting for lock of file to download...
Files, innatarasyan:          	Got lock of file to download
Files, innatarasyan:          	Download status: 100%
ServerCallback, innatarasyan: 	Accepted IPC callback connection, assigning ID 207!
Files, innatarasyan:          	Waiting for lock of file to download...
Files, innatarasyan:          	Got lock of file to download
Files, innatarasyan:          	Download status: 100%
ServerCallback, innatarasyan: 	Accepted IPC callback connection, assigning ID 208!
Files, innatarasyan:          	Waiting for lock of file to download...
Files, innatarasyan:          	Got lock of file to download
Files, innatarasyan:          	Download status: 100%
ServerCallback, innatarasyan: 	Accepted IPC callback connection, assigning ID 209!
Files, innatarasyan:          	Waiting for lock of file to download...
Files, innatarasyan:          	Got lock of file to download
Files, innatarasyan:          	Download status: 100%
ServerCallback, innatarasyan: 	Accepted IPC callback connection, assigning ID 210!
Files, innatarasyan:          	Waiting for lock of file to download...
Files, innatarasyan:          	Got lock of file to download
Files, innatarasyan:          	Download status: 100%
ServerCallback, innatarasyan: 	Accepted IPC callback connection, assigning ID 211!
Files, innatarasyan:          	Waiting for lock of file to download...
Files, innatarasyan:          	Got lock of file to download
Files, innatarasyan:          	Download status: 100%
ServerCallback, innatarasyan: 	Accepted IPC callback connection, assigning ID 212!
Files, innatarasyan:          	Waiting for lock of file to download...
Files, innatarasyan:          	Got lock of file to download
Files, innatarasyan:          	Download status: 100%
ServerCallback, innatarasyan: 	Accepted IPC callback connection, assigning ID 213!
Files, innatarasyan:          	Waiting for lock of file to download...
Files, innatarasyan:          	Got lock of file to download
Files, innatarasyan:          	Download status: 100%
ServerCallback, innatarasyan: 	Accepted IPC callback connection, assigning ID 214!
Files, innatarasyan:          	Waiting for lock of file to download...
Files, innatarasyan:          	Got lock of file to download
Files, innatarasyan:          	Download status: 100%
ServerCallback, innatarasyan: 	Accepted IPC callback connection, assigning ID 215!
Files, innatarasyan:          	Waiting for lock of file to download...
Files, innatarasyan:          	Got lock of file to download
Files, innatarasyan:          	Download status: 100%
ServerCallback, innatarasyan: 	Accepted IPC callback connection, assigning ID 216!
Files, innatarasyan:          	Waiting for lock of file to download...
Files, innatarasyan:          	Got lock of file to download
Files, innatarasyan:          	Download status: 100%
ServerCallback, innatarasyan: 	Accepted IPC callback connection, assigning ID 217!
Files, innatarasyan:          	Waiting for lock of file to download...
Files, innatarasyan:          	Got lock of file to download
Files, innatarasyan:          	Download status: 100%
ServerCallback, innatarasyan: 	Accepted IPC callback connection, assigning ID 218!
Files, innatarasyan:          	Waiting for lock of file to download...
Files, innatarasyan:          	Got lock of file to download
Files, innatarasyan:          	Download status: 100%
ServerCallback, innatarasyan: 	Accepted IPC callback connection, assigning ID 219!
Files, innatarasyan:          	Waiting for lock of file to download...
Files, innatarasyan:          	Got lock of file to download
Files, innatarasyan:          	Download status: 100%
ServerCallback, innatarasyan: 	Accepted IPC callback connection, assigning ID 220!
Files, innatarasyan:          	Waiting for lock of file to download...
Files, innatarasyan:          	Got lock of file to download
Files, innatarasyan:          	Download status: 100%
ServerCallback, innatarasyan: 	Accepted IPC callback connection, assigning ID 221!
Files, innatarasyan:          	Waiting for lock of file to download...
Files, innatarasyan:          	Got lock of file to download
Files, innatarasyan:          	Download status: 100%
ServerCallback, innatarasyan: 	Accepted IPC callback connection, assigning ID 222!
Files, innatarasyan:          	Waiting for lock of file to download...
Files, innatarasyan:          	Got lock of file to download
Files, innatarasyan:          	Download status: 100%
ServerCallback, innatarasyan: 	Accepted IPC callback connection, assigning ID 223!
Files, innatarasyan:          	Waiting for lock of file to download...
Files, innatarasyan:          	Got lock of file to download
Files, innatarasyan:          	Download status: 100%
ServerCallback, innatarasyan: 	Accepted IPC callback connection, assigning ID 224!
Files, innatarasyan:          	Waiting for lock of file to download...
Files, innatarasyan:          	Got lock of file to download
Files, innatarasyan:          	Download status: 100%
ServerCallback, innatarasyan: 	Accepted IPC callback connection, assigning ID 225!
Files, innatarasyan:          	Waiting for lock of file to download...
Files, innatarasyan:          	Got lock of file to download
Files, innatarasyan:          	Download status: 100%
ServerCallback, innatarasyan: 	Accepted IPC callback connection, assigning ID 226!
Files, innatarasyan:          	Waiting for lock of file to download...
Files, innatarasyan:          	Got lock of file to download
Files, innatarasyan:          	Download status: 100%
ServerCallback, innatarasyan: 	Accepted IPC callback connection, assigning ID 227!
Files, innatarasyan:          	Waiting for lock of file to download...
Files, innatarasyan:          	Got lock of file to download
Files, innatarasyan:          	Download status: 100%
ServerCallback, innatarasyan: 	Accepted IPC callback connection, assigning ID 228!
Files, innatarasyan:          	Waiting for lock of file to download...
Files, innatarasyan:          	Got lock of file to download
Files, innatarasyan:          	Download status: 100%
ServerCallback, innatarasyan: 	Accepted IPC callback connection, assigning ID 229!
Files, innatarasyan:          	Waiting for lock of file to download...
Files, innatarasyan:          	Got lock of file to download
Files, innatarasyan:          	Download status: 100%
ServerCallback, innatarasyan: 	Accepted IPC callback connection, assigning ID 230!
Files, innatarasyan:          	Waiting for lock of file to download...
Files, innatarasyan:          	Got lock of file to download
Files, innatarasyan:          	Download status: 100%
ServerCallback, innatarasyan: 	Accepted IPC callback connection, assigning ID 231!
Files, innatarasyan:          	Waiting for lock of file to download...
Files, innatarasyan:          	Got lock of file to download
Files, innatarasyan:          	Download status: 100%
ServerCallback, innatarasyan: 	Accepted IPC callback connection, assigning ID 232!
Files, innatarasyan:          	Waiting for lock of file to download...
Files, innatarasyan:          	Got lock of file to download
Files, innatarasyan:          	Download status: 100%
ServerCallback, innatarasyan: 	Accepted IPC callback connection, assigning ID 233!
Files, innatarasyan:          	Waiting for lock of file to download...
Files, innatarasyan:          	Got lock of file to download
Files, innatarasyan:          	Download status: 100%
ServerCallback, innatarasyan: 	Accepted IPC callback connection, assigning ID 234!
Files, innatarasyan:          	Waiting for lock of file to download...
Files, innatarasyan:          	Got lock of file to download
Files, innatarasyan:          	Download status: 100%
ServerCallback, innatarasyan: 	Accepted IPC callback connection, assigning ID 235!
Files, innatarasyan:          	Waiting for lock of file to download...
Files, innatarasyan:          	Got lock of file to download
Files, innatarasyan:          	Download status: 100%
ServerCallback, innatarasyan: 	Accepted IPC callback connection, assigning ID 236!
Files, innatarasyan:          	Waiting for lock of file to download...
Files, innatarasyan:          	Got lock of file to download
Files, innatarasyan:          	Download status: 100%
ServerCallback, innatarasyan: 	Accepted IPC callback connection, assigning ID 237!
Files, innatarasyan:          	Waiting for lock of file to download...
Files, innatarasyan:          	Got lock of file to download
Files, innatarasyan:          	Download status: 100%
ServerCallback, innatarasyan: 	Accepted IPC callback connection, assigning ID 238!
Files, innatarasyan:          	Waiting for lock of file to download...
Files, innatarasyan:          	Got lock of file to download
Files, innatarasyan:          	Download status: 100%
ServerCallback, innatarasyan: 	Accepted IPC callback connection, assigning ID 239!
Files, innatarasyan:          	Waiting for lock of file to download...
Files, innatarasyan:          	Got lock of file to download
Files, innatarasyan:          	Download status: 100%
ServerCallback, innatarasyan: 	Accepted IPC callback connection, assigning ID 240!
Files, innatarasyan:          	Waiting for lock of file to download...
Files, innatarasyan:          	Got lock of file to download
Files, innatarasyan:          	Download status: 100%
ServerCallback, innatarasyan: 	Accepted IPC callback connection, assigning ID 241!
Files, innatarasyan:          	Waiting for lock of file to download...
Files, innatarasyan:          	Got lock of file to download
Files, innatarasyan:          	Download status: 100%
ServerCallback, innatarasyan: 	Accepted IPC callback connection, assigning ID 242!
Files, innatarasyan:          	Waiting for lock of file to download...
Files, innatarasyan:          	Got lock of file to download
Files, innatarasyan:          	Download status: 100%
ServerCallback, innatarasyan: 	Accepted IPC callback connection, assigning ID 243!
Files, innatarasyan:          	Waiting for lock of file to download...
Files, innatarasyan:          	Got lock of file to download
Files, innatarasyan:          	Download status: 100%
ServerCallback, innatarasyan: 	Accepted IPC callback connection, assigning ID 244!
Files, innatarasyan:          	Waiting for lock of file to download...
Files, innatarasyan:          	Got lock of file to download
Files, innatarasyan:          	Download status: 100%
ServerCallback, innatarasyan: 	Accepted IPC callback connection, assigning ID 245!
Files, innatarasyan:          	Waiting for lock of file to download...
Files, innatarasyan:          	Got lock of file to download
Files, innatarasyan:          	Download status: 100%
ServerCallback, innatarasyan: 	Accepted IPC callback connection, assigning ID 246!
Files, innatarasyan:          	Waiting for lock of file to download...
Files, innatarasyan:          	Got lock of file to download
Files, innatarasyan:          	Download status: 100%
ServerCallback, innatarasyan: 	Accepted IPC callback connection, assigning ID 247!
Files, innatarasyan:          	Waiting for lock of file to download...
Files, innatarasyan:          	Got lock of file to download
Files, innatarasyan:          	Download status: 100%
ServerCallback, innatarasyan: 	Accepted IPC callback connection, assigning ID 248!
Files, innatarasyan:          	Waiting for lock of file to download...
Files, innatarasyan:          	Got lock of file to download
Files, innatarasyan:          	Download status: 100%
ServerCallback, innatarasyan: 	Accepted IPC callback connection, assigning ID 249!
Files, innatarasyan:          	Waiting for lock of file to download...
Files, innatarasyan:          	Got lock of file to download
Files, innatarasyan:          	Download status: 100%
ServerCallback, innatarasyan: 	Accepted IPC callback connection, assigning ID 250!
Files, innatarasyan:          	Waiting for lock of file to download...
Files, innatarasyan:          	Got lock of file to download
Files, innatarasyan:          	Download status: 100%
ServerCallback, innatarasyan: 	Accepted IPC callback connection, assigning ID 251!
Files, innatarasyan:          	Waiting for lock of file to download...
Files, innatarasyan:          	Got lock of file to download
Files, innatarasyan:          	Download status: 100%
ServerCallback, innatarasyan: 	Accepted IPC callback connection, assigning ID 252!
Files, innatarasyan:          	Waiting for lock of file to download...
Files, innatarasyan:          	Got lock of file to download
Files, innatarasyan:          	Download status: 100%
ServerCallback, innatarasyan: 	Accepted IPC callback connection, assigning ID 253!
Files, innatarasyan:          	Waiting for lock of file to download...
Files, innatarasyan:          	Got lock of file to download
Files, innatarasyan:          	Download status: 100%
ServerCallback, innatarasyan: 	Accepted IPC callback connection, assigning ID 254!
Files, innatarasyan:          	Waiting for lock of file to download...
Files, innatarasyan:          	Got lock of file to download
Files, innatarasyan:          	Download status: 100%
ServerCallback, innatarasyan: 	Accepted IPC callback connection, assigning ID 255!
Files, innatarasyan:          	Waiting for lock of file to download...
Files, innatarasyan:          	Got lock of file to download
Files, innatarasyan:          	Download status: 100%
ServerCallback, innatarasyan: 	Accepted IPC callback connection, assigning ID 256!
Files, innatarasyan:          	Waiting for lock of file to download...
Files, innatarasyan:          	Got lock of file to download
Files, innatarasyan:          	Download status: 100%
ServerCallback, innatarasyan: 	Accepted IPC callback connection, assigning ID 257!
Files, innatarasyan:          	Waiting for lock of file to download...
Files, innatarasyan:          	Got lock of file to download
Files, innatarasyan:          	Download status: 100%
ServerCallback, innatarasyan: 	Accepted IPC callback connection, assigning ID 258!
Files, innatarasyan:          	Waiting for lock of file to download...
Files, innatarasyan:          	Got lock of file to download
Files, innatarasyan:          	Download status: 100%
ServerCallback, innatarasyan: 	Accepted IPC callback connection, assigning ID 259!
Files, innatarasyan:          	Waiting for lock of file to download...
Files, innatarasyan:          	Got lock of file to download
Files, innatarasyan:          	Download status: 100%
ServerCallback, innatarasyan: 	Accepted IPC callback connection, assigning ID 260!
Files, innatarasyan:          	Waiting for lock of file to download...
Files, innatarasyan:          	Got lock of file to download
Files, innatarasyan:          	Download status: 100%
ServerCallback, innatarasyan: 	Accepted IPC callback connection, assigning ID 261!
Files, innatarasyan:          	Waiting for lock of file to download...
Files, innatarasyan:          	Got lock of file to download
Files, innatarasyan:          	Download status: 100%
ServerCallback, innatarasyan: 	Accepted IPC callback connection, assigning ID 262!
Files, innatarasyan:          	Waiting for lock of file to download...
Files, innatarasyan:          	Got lock of file to download
Files, innatarasyan:          	Download status: 100%
ServerCallback, innatarasyan: 	Accepted IPC callback connection, assigning ID 263!
Files, innatarasyan:          	Waiting for lock of file to download...
Files, innatarasyan:          	Got lock of file to download
Files, innatarasyan:          	Download status: 100%
ServerCallback, innatarasyan: 	Accepted IPC callback connection, assigning ID 264!
Files, innatarasyan:          	Waiting for lock of file to download...
Files, innatarasyan:          	Got lock of file to download
Files, innatarasyan:          	Download status: 100%
ServerCallback, innatarasyan: 	Accepted IPC callback connection, assigning ID 265!
Files, innatarasyan:          	Waiting for lock of file to download...
Files, innatarasyan:          	Got lock of file to download
Files, innatarasyan:          	Download status: 100%
ServerCallback, innatarasyan: 	Accepted IPC callback connection, assigning ID 266!
Files, innatarasyan:          	Waiting for lock of file to download...
Files, innatarasyan:          	Got lock of file to download
Files, innatarasyan:          	Download status: 100%
ServerCallback, innatarasyan: 	Accepted IPC callback connection, assigning ID 267!
Files, innatarasyan:          	Waiting for lock of file to download...
Files, innatarasyan:          	Got lock of file to download
Files, innatarasyan:          	Download status: 100%
ServerCallback, innatarasyan: 	Accepted IPC callback connection, assigning ID 268!
Files, innatarasyan:          	Waiting for lock of file to download...
Files, innatarasyan:          	Got lock of file to download
Files, innatarasyan:          	Download status: 100%
ServerCallback, innatarasyan: 	Accepted IPC callback connection, assigning ID 269!
Files, innatarasyan:          	Waiting for lock of file to download...
Files, innatarasyan:          	Got lock of file to download
Files, innatarasyan:          	Download status: 100%
ServerCallback, innatarasyan: 	Accepted IPC callback connection, assigning ID 270!
Files, innatarasyan:          	Waiting for lock of file to download...
Files, innatarasyan:          	Got lock of file to download
Files, innatarasyan:          	Download status: 100%
ServerCallback, innatarasyan: 	Accepted IPC callback connection, assigning ID 271!
Files, innatarasyan:          	Waiting for lock of file to download...
Files, innatarasyan:          	Got lock of file to download
Files, innatarasyan:          	Download status: 100%
ServerCallback, innatarasyan: 	Accepted IPC callback connection, assigning ID 272!
Files, innatarasyan:          	Waiting for lock of file to download...
Files, innatarasyan:          	Got lock of file to download
Files, innatarasyan:          	Download status: 100%
ServerCallback, innatarasyan: 	Accepted IPC callback connection, assigning ID 273!
Files, innatarasyan:          	Waiting for lock of file to download...
Files, innatarasyan:          	Got lock of file to download
Files, innatarasyan:          	Download status: 100%
ServerCallback, innatarasyan: 	Accepted IPC callback connection, assigning ID 274!
Files, innatarasyan:          	Waiting for lock of file to download...
Files, innatarasyan:          	Got lock of file to download
Files, innatarasyan:          	Download status: 100%
ServerCallback, innatarasyan: 	Accepted IPC callback connection, assigning ID 275!
Files, innatarasyan:          	Waiting for lock of file to download...
Files, innatarasyan:          	Got lock of file to download
Files, innatarasyan:          	Download status: 100%
ServerCallback, innatarasyan: 	Accepted IPC callback connection, assigning ID 276!
Files, innatarasyan:          	Waiting for lock of file to download...
Files, innatarasyan:          	Got lock of file to download
Files, innatarasyan:          	Download status: 100%
ServerCallback, innatarasyan: 	Accepted IPC callback connection, assigning ID 277!
Files, innatarasyan:          	Waiting for lock of file to download...
Files, innatarasyan:          	Got lock of file to download
Files, innatarasyan:          	Download status: 100%
ServerCallback, innatarasyan: 	Accepted IPC callback connection, assigning ID 278!
Files, innatarasyan:          	Waiting for lock of file to download...
Files, innatarasyan:          	Got lock of file to download
Files, innatarasyan:          	Download status: 100%
ServerCallback, innatarasyan: 	Accepted IPC callback connection, assigning ID 279!
Files, innatarasyan:          	Waiting for lock of file to download...
Files, innatarasyan:          	Got lock of file to download
Files, innatarasyan:          	Download status: 100%
ServerCallback, innatarasyan: 	Accepted IPC callback connection, assigning ID 280!
Files, innatarasyan:          	Waiting for lock of file to download...
Files, innatarasyan:          	Got lock of file to download
Files, innatarasyan:          	Download status: 100%
SessionPaths, innatarasyan:   	Waiting for exclusive lock of /home/user/PhpstormProjects/CryptoTrading/bot.madeline/safe.php.lock...
SessionPaths, innatarasyan:   	Got exclusive lock of /home/user/PhpstormProjects/CryptoTrading/bot.madeline/safe.php.lock...
SessionPaths, innatarasyan:   	Waiting for exclusive lock of /home/user/PhpstormProjects/CryptoTrading/bot.madeline/lightState.php.lock...
SessionPaths, innatarasyan:   	Got exclusive lock of /home/user/PhpstormProjects/CryptoTrading/bot.madeline/lightState.php.lock...
APIWrapper, innatarasyan:     	Saved session!
ServerCallback, innatarasyan: 	Accepted IPC callback connection, assigning ID 281!
Files, innatarasyan:          	Waiting for lock of file to download...
Files, innatarasyan:          	Got lock of file to download
Files, innatarasyan:          	Download status: 100%
ServerCallback, innatarasyan: 	Accepted IPC callback connection, assigning ID 282!
Files, innatarasyan:          	Waiting for lock of file to download...
Files, innatarasyan:          	Got lock of file to download
Files, innatarasyan:          	Download status: 100%
ServerCallback, innatarasyan: 	Accepted IPC callback connection, assigning ID 283!
Files, innatarasyan:          	Waiting for lock of file to download...
Files, innatarasyan:          	Got lock of file to download
Files, innatarasyan:          	Download status: 100%
ServerCallback, innatarasyan: 	Accepted IPC callback connection, assigning ID 284!
Files, innatarasyan:          	Waiting for lock of file to download...
Files, innatarasyan:          	Got lock of file to download
Files, innatarasyan:          	Download status: 100%
ServerCallback, innatarasyan: 	Accepted IPC callback connection, assigning ID 285!
Files, innatarasyan:          	Waiting for lock of file to download...
Files, innatarasyan:          	Got lock of file to download
Files, innatarasyan:          	Download status: 100%
ServerCallback, innatarasyan: 	Accepted IPC callback connection, assigning ID 286!
Files, innatarasyan:          	Waiting for lock of file to download...
Files, innatarasyan:          	Got lock of file to download
Files, innatarasyan:          	Download status: 100%
ServerCallback, innatarasyan: 	Accepted IPC callback connection, assigning ID 287!
Files, innatarasyan:          	Waiting for lock of file to download...
Files, innatarasyan:          	Got lock of file to download
Files, innatarasyan:          	Download status: 100%
ServerCallback, innatarasyan: 	Accepted IPC callback connection, assigning ID 288!
Files, innatarasyan:          	Waiting for lock of file to download...
Files, innatarasyan:          	Got lock of file to download
Files, innatarasyan:          	Download status: 100%
ServerCallback, innatarasyan: 	Accepted IPC callback connection, assigning ID 289!
Files, innatarasyan:          	Waiting for lock of file to download...
Files, innatarasyan:          	Got lock of file to download
Files, innatarasyan:          	Download status: 100%
ServerCallback, innatarasyan: 	Accepted IPC callback connection, assigning ID 290!
Files, innatarasyan:          	Waiting for lock of file to download...
Files, innatarasyan:          	Got lock of file to download
Files, innatarasyan:          	Download status: 100%
ServerCallback, innatarasyan: 	Accepted IPC callback connection, assigning ID 291!
Files, innatarasyan:          	Waiting for lock of file to download...
Files, innatarasyan:          	Got lock of file to download
Files, innatarasyan:          	Download status: 100%
ServerCallback, innatarasyan: 	Accepted IPC callback connection, assigning ID 292!
Files, innatarasyan:          	Waiting for lock of file to download...
Files, innatarasyan:          	Got lock of file to download
Files, innatarasyan:          	Download status: 100%
ServerCallback, innatarasyan: 	Accepted IPC callback connection, assigning ID 293!
Files, innatarasyan:          	Waiting for lock of file to download...
Files, innatarasyan:          	Got lock of file to download
Files, innatarasyan:          	Download status: 100%
ServerCallback, innatarasyan: 	Accepted IPC callback connection, assigning ID 294!
Files, innatarasyan:          	Waiting for lock of file to download...
Files, innatarasyan:          	Got lock of file to download
Files, innatarasyan:          	Download status: 100%
ServerCallback, innatarasyan: 	Accepted IPC callback connection, assigning ID 295!
Files, innatarasyan:          	Waiting for lock of file to download...
Files, innatarasyan:          	Got lock of file to download
Files, innatarasyan:          	Download status: 100%
ServerCallback, innatarasyan: 	Accepted IPC callback connection, assigning ID 296!
Files, innatarasyan:          	Waiting for lock of file to download...
Files, innatarasyan:          	Got lock of file to download
Files, innatarasyan:          	Download status: 100%
ServerCallback, innatarasyan: 	Accepted IPC callback connection, assigning ID 297!
Files, innatarasyan:          	Waiting for lock of file to download...
Files, innatarasyan:          	Got lock of file to download
Files, innatarasyan:          	Download status: 100%
ServerCallback, innatarasyan: 	Accepted IPC callback connection, assigning ID 298!
Files, innatarasyan:          	Waiting for lock of file to download...
Files, innatarasyan:          	Got lock of file to download
Files, innatarasyan:          	Download status: 100%
ServerCallback, innatarasyan: 	Accepted IPC callback connection, assigning ID 299!
Files, innatarasyan:          	Waiting for lock of file to download...
Files, innatarasyan:          	Got lock of file to download
Files, innatarasyan:          	Download status: 100%
ServerCallback, innatarasyan: 	Accepted IPC callback connection, assigning ID 300!
Files, innatarasyan:          	Waiting for lock of file to download...
Files, innatarasyan:          	Got lock of file to download
Files, innatarasyan:          	Download status: 100%
ServerCallback, innatarasyan: 	Accepted IPC callback connection, assigning ID 301!
Files, innatarasyan:          	Waiting for lock of file to download...
Files, innatarasyan:          	Got lock of file to download
Files, innatarasyan:          	Download status: 100%
ServerCallback, innatarasyan: 	Accepted IPC callback connection, assigning ID 302!
Files, innatarasyan:          	Waiting for lock of file to download...
Files, innatarasyan:          	Got lock of file to download
Files, innatarasyan:          	Download status: 100%
ServerCallback, innatarasyan: 	Accepted IPC callback connection, assigning ID 303!
Files, innatarasyan:          	Waiting for lock of file to download...
Files, innatarasyan:          	Got lock of file to download
Files, innatarasyan:          	Download status: 100%
Files, innatarasyan:          	Total download time: 0.39186215400696
Files, innatarasyan:          	Total download speed: 2.33235 mbps
ServerCallback, innatarasyan: 	Accepted IPC callback connection, assigning ID 304!
Files, innatarasyan:          	Waiting for lock of file to download...
Files, innatarasyan:          	Got lock of file to download
Files, innatarasyan:          	Download status: 100%
Files, innatarasyan:          	Total download time: 0.4398250579834
Files, innatarasyan:          	Total download speed: 2.328962 mbps
ServerCallback, innatarasyan: 	Accepted IPC callback connection, assigning ID 305!
Files, innatarasyan:          	Waiting for lock of file to download...
Files, innatarasyan:          	Got lock of file to download
Files, innatarasyan:          	Download status: 100%
Files, innatarasyan:          	Total download time: 0.39424800872803
Files, innatarasyan:          	Total download speed: 1.243562 mbps
ServerCallback, innatarasyan: 	Accepted IPC callback connection, assigning ID 306!
Files, innatarasyan:          	Waiting for lock of file to download...
Files, innatarasyan:          	Got lock of file to download
Files, innatarasyan:          	Download status: 100%
Files, innatarasyan:          	Total download time: 0.39534592628479
Files, innatarasyan:          	Total download speed: 1.198686 mbps
ServerCallback, innatarasyan: 	Accepted IPC callback connection, assigning ID 307!
Files, innatarasyan:          	Waiting for lock of file to download...
Files, innatarasyan:          	Got lock of file to download
Files, innatarasyan:          	Download status: 100%
Files, innatarasyan:          	Total download time: 0.40590786933899
Files, innatarasyan:          	Total download speed: 1.374735 mbps
ServerCallback, innatarasyan: 	Accepted IPC callback connection, assigning ID 308!
Files, innatarasyan:          	Waiting for lock of file to download...
Files, innatarasyan:          	Got lock of file to download
Files, innatarasyan:          	Download status: 100%
Files, innatarasyan:          	Total download time: 0.41338491439819
Files, innatarasyan:          	Total download speed: 2.85036 mbps
ServerCallback, innatarasyan: 	Accepted IPC callback connection, assigning ID 309!
Files, innatarasyan:          	Waiting for lock of file to download...
Files, innatarasyan:          	Got lock of file to download
Files, innatarasyan:          	Download status: 100%
Files, innatarasyan:          	Total download time: 0.39381504058838
Files, innatarasyan:          	Total download speed: 1.642578 mbps
ServerCallback, innatarasyan: 	Accepted IPC callback connection, assigning ID 310!
Files, innatarasyan:          	Waiting for lock of file to download...
Files, innatarasyan:          	Got lock of file to download
Files, innatarasyan:          	Download status: 100%
Files, innatarasyan:          	Total download time: 0.38408803939819
Files, innatarasyan:          	Total download speed: 0.892066 mbps
ServerCallback, innatarasyan: 	Accepted IPC callback connection, assigning ID 311!
Files, innatarasyan:          	Waiting for lock of file to download...
Files, innatarasyan:          	Got lock of file to download
Files, innatarasyan:          	Download status: 100%
Files, innatarasyan:          	Total download time: 0.39565300941467
Files, innatarasyan:          	Total download speed: 1.430647 mbps
ServerCallback, innatarasyan: 	Accepted IPC callback connection, assigning ID 312!
Files, innatarasyan:          	Waiting for lock of file to download...
Files, innatarasyan:          	Got lock of file to download
Files, innatarasyan:          	Download status: 100%
Files, innatarasyan:          	Total download time: 0.40700078010559
Files, innatarasyan:          	Total download speed: 1.048862 mbps
ServerCallback, innatarasyan: 	Accepted IPC callback connection, assigning ID 313!
Files, innatarasyan:          	Waiting for lock of file to download...
Files, innatarasyan:          	Got lock of file to download
Files, innatarasyan:          	Download status: 100%
Files, innatarasyan:          	Total download time: 0.3915741443634
Files, innatarasyan:          	Total download speed: 0.56114 mbps
ServerCallback, innatarasyan: 	Accepted IPC callback connection, assigning ID 314!
Files, innatarasyan:          	Waiting for lock of file to download...
Files, innatarasyan:          	Got lock of file to download
Files, innatarasyan:          	Download status: 100%
Files, innatarasyan:          	Total download time: 0.41747999191284
Files, innatarasyan:          	Total download speed: 1.688243 mbps
ServerCallback, innatarasyan: 	Accepted IPC callback connection, assigning ID 315!
Files, innatarasyan:          	Waiting for lock of file to download...
Files, innatarasyan:          	Got lock of file to download
Files, innatarasyan:          	Download status: 100%
Files, innatarasyan:          	Total download time: 0.39248085021973
Files, innatarasyan:          	Total download speed: 1.38051 mbps
ServerCallback, innatarasyan: 	Accepted IPC callback connection, assigning ID 316!
Files, innatarasyan:          	Waiting for lock of file to download...
Files, innatarasyan:          	Got lock of file to download
Files, innatarasyan:          	Download status: 100%
Files, innatarasyan:          	Total download time: 0.39440202713013
Files, innatarasyan:          	Total download speed: 1.248147 mbps
ServerCallback, innatarasyan: 	Accepted IPC callback connection, assigning ID 317!
Files, innatarasyan:          	Waiting for lock of file to download...
Files, innatarasyan:          	Got lock of file to download
Files, innatarasyan:          	Download status: 100%
Files, innatarasyan:          	Total download time: 1.6941390037537
Files, innatarasyan:          	Total download speed: 0.4458 mbps
ServerCallback, innatarasyan: 	Accepted IPC callback connection, assigning ID 318!
Files, innatarasyan:          	Waiting for lock of file to download...
Files, innatarasyan:          	Got lock of file to download
Files, innatarasyan:          	Download status: 100%
Files, innatarasyan:          	Total download time: 0.37887597084045
Files, innatarasyan:          	Total download speed: 2.299433 mbps
ServerCallback, innatarasyan: 	Accepted IPC callback connection, assigning ID 319!
Files, innatarasyan:          	Waiting for lock of file to download...
Files, innatarasyan:          	Got lock of file to download
Files, innatarasyan:          	Download status: 100%
Files, innatarasyan:          	Total download time: 0.44145798683167
Files, innatarasyan:          	Total download speed: 2.939894 mbps
ServerCallback, innatarasyan: 	Accepted IPC callback connection, assigning ID 320!
Files, innatarasyan:          	Waiting for lock of file to download...
Files, innatarasyan:          	Got lock of file to download
Files, innatarasyan:          	Download status: 100%
Files, innatarasyan:          	Total download time: 0.38666391372681
Files, innatarasyan:          	Total download speed: 0.518258 mbps
ServerCallback, innatarasyan: 	Accepted IPC callback connection, assigning ID 321!
Files, innatarasyan:          	Waiting for lock of file to download...
Files, innatarasyan:          	Got lock of file to download
Files, innatarasyan:          	Download status: 100%
Files, innatarasyan:          	Total download time: 0.44611811637878
Files, innatarasyan:          	Total download speed: 3.745859 mbps
ServerCallback, innatarasyan: 	Accepted IPC callback connection, assigning ID 322!
Files, innatarasyan:          	Waiting for lock of file to download...
Files, innatarasyan:          	Got lock of file to download
Files, innatarasyan:          	Download status: 100%
Files, innatarasyan:          	Total download time: 0.42118716239929
Files, innatarasyan:          	Total download speed: 2.049863 mbps
ServerCallback, innatarasyan: 	Accepted IPC callback connection, assigning ID 323!
Files, innatarasyan:          	Waiting for lock of file to download...
Files, innatarasyan:          	Got lock of file to download
SessionPaths, Inna_CryptoBot:   	Waiting for exclusive lock of /home/user/PhpstormProjects/CryptoTrading/bot.madeline/safe.php.lock...
SessionPaths, Inna_CryptoBot:   	Got exclusive lock of /home/user/PhpstormProjects/CryptoTrading/bot.madeline/safe.php.lock...
SessionPaths, Inna_CryptoBot:   	Waiting for exclusive lock of /home/user/PhpstormProjects/CryptoTrading/bot.madeline/lightState.php.lock...
SessionPaths, Inna_CryptoBot:   	Got exclusive lock of /home/user/PhpstormProjects/CryptoTrading/bot.madeline/lightState.php.lock...
APIWrapper, Inna_CryptoBot:     	Saved session!
Files, innatarasyan:          	Download status: 100%
Files, innatarasyan:          	Total download time: 0.39516401290894
Files, innatarasyan:          	Total download speed: 1.118279 mbps
ServerCallback, innatarasyan: 	Accepted IPC callback connection, assigning ID 324!
Files, innatarasyan:          	Waiting for lock of file to download...
Files, innatarasyan:          	Got lock of file to download
Files, innatarasyan:          	Download status: 100%
Files, innatarasyan:          	Total download time: 0.42455816268921
Files, innatarasyan:          	Total download speed: 1.82684 mbps
ServerCallback, innatarasyan: 	Accepted IPC callback connection, assigning ID 325!
Files, innatarasyan:          	Waiting for lock of file to download...
Files, innatarasyan:          	Got lock of file to download
Files, innatarasyan:          	Download status: 100%
Files, innatarasyan:          	Total download time: 0.47840595245361
Files, innatarasyan:          	Total download speed: 4.447503 mbps
ServerCallback, innatarasyan: 	Accepted IPC callback connection, assigning ID 326!
Files, innatarasyan:          	Waiting for lock of file to download...
Files, innatarasyan:          	Got lock of file to download
Files, innatarasyan:          	Download status: 100%
Files, innatarasyan:          	Total download time: 0.40194392204285
Files, innatarasyan:          	Total download speed: 1.294588 mbps
ServerCallback, innatarasyan: 	Accepted IPC callback connection, assigning ID 327!
Files, innatarasyan:          	Waiting for lock of file to download...
Files, innatarasyan:          	Got lock of file to download
Files, innatarasyan:          	Download status: 100%
Files, innatarasyan:          	Total download time: 0.43341279029846
Files, innatarasyan:          	Total download speed: 2.548461 mbps
ServerCallback, innatarasyan: 	Accepted IPC callback connection, assigning ID 328!
Files, innatarasyan:          	Waiting for lock of file to download...
Files, innatarasyan:          	Got lock of file to download
Files, innatarasyan:          	Download status: 100%
Files, innatarasyan:          	Total download time: 0.39254689216614
Files, innatarasyan:          	Total download speed: 0.872558 mbps
ServerCallback, innatarasyan: 	Accepted IPC callback connection, assigning ID 329!
Files, innatarasyan:          	Waiting for lock of file to download...
Files, innatarasyan:          	Got lock of file to download
Files, innatarasyan:          	Download status: 100%
Files, innatarasyan:          	Total download time: 0.42015790939331
Files, innatarasyan:          	Total download speed: 1.691763 mbps
ServerCallback, innatarasyan: 	Accepted IPC callback connection, assigning ID 330!
Files, innatarasyan:          	Waiting for lock of file to download...
Files, innatarasyan:          	Got lock of file to download
Files, innatarasyan:          	Download status: 100%
Files, innatarasyan:          	Total download time: 0.38616394996643
Files, innatarasyan:          	Total download speed: 1.075646 mbps
ServerCallback, innatarasyan: 	Accepted IPC callback connection, assigning ID 331!
Files, innatarasyan:          	Waiting for lock of file to download...
Files, innatarasyan:          	Got lock of file to download
Files, innatarasyan:          	Download status: 100%
Files, innatarasyan:          	Total download time: 0.43511295318604
Files, innatarasyan:          	Total download speed: 2.396876 mbps
ServerCallback, innatarasyan: 	Accepted IPC callback connection, assigning ID 332!
Files, innatarasyan:          	Waiting for lock of file to download...
Files, innatarasyan:          	Got lock of file to download
Files, innatarasyan:          	Download status: 100%
Files, innatarasyan:          	Total download time: 0.40557098388672
Files, innatarasyan:          	Total download speed: 1.208449 mbps
ServerCallback, innatarasyan: 	Accepted IPC callback connection, assigning ID 333!
Files, innatarasyan:          	Waiting for lock of file to download...
Files, innatarasyan:          	Got lock of file to download
Files, innatarasyan:          	Download status: 100%
Files, innatarasyan:          	Total download time: 0.44505882263184
Files, innatarasyan:          	Total download speed: 2.013738 mbps
ServerCallback, innatarasyan: 	Accepted IPC callback connection, assigning ID 334!
Files, innatarasyan:          	Waiting for lock of file to download...
Files, innatarasyan:          	Got lock of file to download
Files, innatarasyan:          	Download status: 100%
Files, innatarasyan:          	Total download time: 0.428955078125
Files, innatarasyan:          	Total download speed: 2.572036 mbps
ServerCallback, innatarasyan: 	Accepted IPC callback connection, assigning ID 335!
Files, innatarasyan:          	Waiting for lock of file to download...
Files, innatarasyan:          	Got lock of file to download
Files, innatarasyan:          	Download status: 100%
Files, innatarasyan:          	Total download time: 0.4227089881897
Files, innatarasyan:          	Total download speed: 1.881332 mbps
ServerCallback, innatarasyan: 	Accepted IPC callback connection, assigning ID 336!
Files, innatarasyan:          	Waiting for lock of file to download...
Files, innatarasyan:          	Got lock of file to download
Files, innatarasyan:          	Download status: 100%
Files, innatarasyan:          	Total download time: 0.26648688316345
Files, innatarasyan:          	Total download speed: 1.689058 mbps
ServerCallback, innatarasyan: 	Accepted IPC callback connection, assigning ID 337!
Files, innatarasyan:          	Waiting for lock of file to download...
Files, innatarasyan:          	Got lock of file to download
Files, innatarasyan:          	Download status: 100%
Files, innatarasyan:          	Total download time: 0.38967204093933
Files, innatarasyan:          	Total download speed: 1.029789 mbps
ServerCallback, innatarasyan: 	Accepted IPC callback connection, assigning ID 338!
Files, innatarasyan:          	Waiting for lock of file to download...
Files, innatarasyan:          	Got lock of file to download
Files, innatarasyan:          	Download status: 100%
Files, innatarasyan:          	Total download time: 0.40451908111572
Files, innatarasyan:          	Total download speed: 1.252628 mbps
ServerCallback, innatarasyan: 	Accepted IPC callback connection, assigning ID 339!
Files, innatarasyan:          	Waiting for lock of file to download...
Files, innatarasyan:          	Got lock of file to download
Files, innatarasyan:          	Download status: 100%
Files, innatarasyan:          	Total download time: 0.40378499031067
Files, innatarasyan:          	Total download speed: 1.420023 mbps
ServerCallback, innatarasyan: 	Accepted IPC callback connection, assigning ID 340!
Files, innatarasyan:          	Waiting for lock of file to download...
Files, innatarasyan:          	Got lock of file to download
Files, innatarasyan:          	Download status: 100%
Files, innatarasyan:          	Total download time: 0.40344500541687
Files, innatarasyan:          	Total download speed: 2.149903 mbps
ServerCallback, innatarasyan: 	Accepted IPC callback connection, assigning ID 341!
Files, innatarasyan:          	Waiting for lock of file to download...
Files, innatarasyan:          	Got lock of file to download
Files, innatarasyan:          	Download status: 100%
Files, innatarasyan:          	Total download time: 0.46806406974792
Files, innatarasyan:          	Total download speed: 3.795941 mbps
ServerCallback, innatarasyan: 	Accepted IPC callback connection, assigning ID 342!
Files, innatarasyan:          	Waiting for lock of file to download...
Files, innatarasyan:          	Got lock of file to download
Files, innatarasyan:          	Download status: 100%
Files, innatarasyan:          	Total download time: 0.41571998596191
Files, innatarasyan:          	Total download speed: 0.831944 mbps
ServerCallback, innatarasyan: 	Accepted IPC callback connection, assigning ID 343!
Files, innatarasyan:          	Waiting for lock of file to download...
Files, innatarasyan:          	Got lock of file to download
Files, innatarasyan:          	Download status: 100%
Files, innatarasyan:          	Total download time: 0.4194929599762
Files, innatarasyan:          	Total download speed: 2.506206 mbps
ServerCallback, innatarasyan: 	Accepted IPC callback connection, assigning ID 344!
Files, innatarasyan:          	Waiting for lock of file to download...
Files, innatarasyan:          	Got lock of file to download
Files, innatarasyan:          	Download status: 100%
Files, innatarasyan:          	Total download time: 0.39379501342773
Files, innatarasyan:          	Total download speed: 0.867171 mbps
ServerCallback, innatarasyan: 	Accepted IPC callback connection, assigning ID 345!
Files, innatarasyan:          	Waiting for lock of file to download...
Files, innatarasyan:          	Got lock of file to download
Files, innatarasyan:          	Download status: 100%
Files, innatarasyan:          	Total download time: 0.40683698654175
Files, innatarasyan:          	Total download speed: 1.259846 mbps
ServerCallback, innatarasyan: 	Accepted IPC callback connection, assigning ID 346!
Files, innatarasyan:          	Waiting for lock of file to download...
Files, innatarasyan:          	Got lock of file to download
Files, innatarasyan:          	Download status: 100%
Files, innatarasyan:          	Total download time: 0.44584488868713
Files, innatarasyan:          	Total download speed: 3.069264 mbps
ServerCallback, innatarasyan: 	Accepted IPC callback connection, assigning ID 347!
Files, innatarasyan:          	Waiting for lock of file to download...
Files, innatarasyan:          	Got lock of file to download
SessionPaths, innatarasyan:   	Waiting for exclusive lock of /home/user/PhpstormProjects/CryptoTrading/bot.madeline/safe.php.lock...
SessionPaths, innatarasyan:   	Got exclusive lock of /home/user/PhpstormProjects/CryptoTrading/bot.madeline/safe.php.lock...
SessionPaths, innatarasyan:   	Waiting for exclusive lock of /home/user/PhpstormProjects/CryptoTrading/bot.madeline/lightState.php.lock...
SessionPaths, innatarasyan:   	Got exclusive lock of /home/user/PhpstormProjects/CryptoTrading/bot.madeline/lightState.php.lock...
APIWrapper, innatarasyan:     	Saved session!
Files, innatarasyan:          	Download status: 100%
Files, innatarasyan:          	Total download time: 0.39120006561279
Files, innatarasyan:          	Total download speed: 0.989263 mbps
ServerCallback, innatarasyan: 	Accepted IPC callback connection, assigning ID 348!
Files, innatarasyan:          	Waiting for lock of file to download...
Files, innatarasyan:          	Got lock of file to download
Files, innatarasyan:          	Download status: 100%
Files, innatarasyan:          	Total download time: 0.41096591949463
Files, innatarasyan:          	Total download speed: 1.723938 mbps
ServerCallback, innatarasyan: 	Accepted IPC callback connection, assigning ID 349!
Files, innatarasyan:          	Waiting for lock of file to download...
Files, innatarasyan:          	Got lock of file to download
Files, innatarasyan:          	Download status: 100%
Files, innatarasyan:          	Total download time: 0.42797899246216
Files, innatarasyan:          	Total download speed: 3.807588 mbps
ServerCallback, innatarasyan: 	Accepted IPC callback connection, assigning ID 350!
Files, innatarasyan:          	Waiting for lock of file to download...
Files, innatarasyan:          	Got lock of file to download
Files, innatarasyan:          	Download status: 100%
Files, innatarasyan:          	Total download time: 0.41722679138184
Files, innatarasyan:          	Total download speed: 1.622235 mbps
ServerCallback, innatarasyan: 	Accepted IPC callback connection, assigning ID 351!
Files, innatarasyan:          	Waiting for lock of file to download...
Files, innatarasyan:          	Got lock of file to download
Files, innatarasyan:          	Download status: 100%
Files, innatarasyan:          	Total download time: 1.439866065979
Files, innatarasyan:          	Total download speed: 0.245128 mbps
ServerCallback, innatarasyan: 	Accepted IPC callback connection, assigning ID 352!
Files, innatarasyan:          	Waiting for lock of file to download...
Files, innatarasyan:          	Got lock of file to download
Files, innatarasyan:          	Download status: 100%
Files, innatarasyan:          	Total download time: 0.41575217247009
Files, innatarasyan:          	Total download speed: 2.813002 mbps
ServerCallback, innatarasyan: 	Accepted IPC callback connection, assigning ID 353!
Files, innatarasyan:          	Waiting for lock of file to download...
Files, innatarasyan:          	Got lock of file to download
SessionPaths, innatarasyan:   	Waiting for exclusive lock of /home/user/PhpstormProjects/CryptoTrading/user.madeline/safe.php.lock...
SessionPaths, innatarasyan:   	Got exclusive lock of /home/user/PhpstormProjects/CryptoTrading/user.madeline/safe.php.lock...
SessionPaths, innatarasyan:   	Waiting for exclusive lock of /home/user/PhpstormProjects/CryptoTrading/user.madeline/lightState.php.lock...
SessionPaths, innatarasyan:   	Got exclusive lock of /home/user/PhpstormProjects/CryptoTrading/user.madeline/lightState.php.lock...
APIWrapper, innatarasyan:     	Saved session!
Files, innatarasyan:          	Download status: 100%
Files, innatarasyan:          	Total download time: 0.39432501792908
Files, innatarasyan:          	Total download speed: 0.768239 mbps
ServerCallback, innatarasyan: 	Accepted IPC callback connection, assigning ID 354!
Files, innatarasyan:          	Waiting for lock of file to download...
Files, innatarasyan:          	Got lock of file to download
Files, innatarasyan:          	Download status: 100%
Files, innatarasyan:          	Total download time: 0.39003109931946
Files, innatarasyan:          	Total download speed: 3.136406 mbps
ServerCallback, innatarasyan: 	Accepted IPC callback connection, assigning ID 355!
Files, innatarasyan:          	Waiting for lock of file to download...
Files, innatarasyan:          	Got lock of file to download
SessionPaths, innatarasyan:   	Waiting for exclusive lock of /home/user/PhpstormProjects/CryptoTrading/bot.madeline/safe.php.lock...
SessionPaths, innatarasyan:   	Got exclusive lock of /home/user/PhpstormProjects/CryptoTrading/bot.madeline/safe.php.lock...
SessionPaths, innatarasyan:   	Waiting for exclusive lock of /home/user/PhpstormProjects/CryptoTrading/bot.madeline/lightState.php.lock...
SessionPaths, innatarasyan:   	Got exclusive lock of /home/user/PhpstormProjects/CryptoTrading/bot.madeline/lightState.php.lock...
APIWrapper, innatarasyan:     	Saved session!
Files, innatarasyan:          	Download status: 100%
Files, innatarasyan:          	Total download time: 0.39969420433044
Files, innatarasyan:          	Total download speed: 1.527507 mbps
ServerCallback, innatarasyan: 	Accepted IPC callback connection, assigning ID 356!
Files, innatarasyan:          	Waiting for lock of file to download...
Files, innatarasyan:          	Got lock of file to download
Files, innatarasyan:          	Download status: 100%
Files, innatarasyan:          	Total download time: 0.44789791107178
Files, innatarasyan:          	Total download speed: 3.17692 mbps
ServerCallback, innatarasyan: 	Accepted IPC callback connection, assigning ID 357!
Files, innatarasyan:          	Waiting for lock of file to download...
Files, innatarasyan:          	Got lock of file to download
Files, innatarasyan:          	Download status: 100%
Files, innatarasyan:          	Total download time: 0.40322399139404
Files, innatarasyan:          	Total download speed: 1.052219 mbps
ServerCallback, innatarasyan: 	Accepted IPC callback connection, assigning ID 358!
Files, innatarasyan:          	Waiting for lock of file to download...
Files, innatarasyan:          	Got lock of file to download
Files, innatarasyan:          	Download status: 100%
Files, innatarasyan:          	Total download time: 0.43907904624939
Files, innatarasyan:          	Total download speed: 2.801463 mbps
ServerCallback, innatarasyan: 	Accepted IPC callback connection, assigning ID 359!
Files, innatarasyan:          	Waiting for lock of file to download...
Files, innatarasyan:          	Got lock of file to download
Files, innatarasyan:          	Download status: 100%
Files, innatarasyan:          	Total download time: 0.42424702644348
Files, innatarasyan:          	Total download speed: 2.052426 mbps
ServerCallback, innatarasyan: 	Accepted IPC callback connection, assigning ID 360!
Files, innatarasyan:          	Waiting for lock of file to download...
Files, innatarasyan:          	Got lock of file to download
Files, innatarasyan:          	Download status: 100%
Files, innatarasyan:          	Total download time: 0.42820501327515
Files, innatarasyan:          	Total download speed: 2.08771 mbps
ServerCallback, innatarasyan: 	Accepted IPC callback connection, assigning ID 361!
Files, innatarasyan:          	Waiting for lock of file to download...
Files, innatarasyan:          	Got lock of file to download
Files, innatarasyan:          	Download status: 100%
Files, innatarasyan:          	Total download time: 0.42604494094849
Files, innatarasyan:          	Total download speed: 2.986839 mbps
ServerCallback, innatarasyan: 	Accepted IPC callback connection, assigning ID 362!
Files, innatarasyan:          	Waiting for lock of file to download...
Files, innatarasyan:          	Got lock of file to download
Files, innatarasyan:          	Download status: 100%
Files, innatarasyan:          	Total download time: 0.39198899269104
Files, innatarasyan:          	Total download speed: 0.669222 mbps
ServerCallback, innatarasyan: 	Accepted IPC callback connection, assigning ID 363!
Files, innatarasyan:          	Waiting for lock of file to download...
Files, innatarasyan:          	Got lock of file to download
Files, innatarasyan:          	Download status: 100%
Files, innatarasyan:          	Total download time: 0.42533683776855
Files, innatarasyan:          	Total download speed: 2.331121 mbps
ServerCallback, innatarasyan: 	Accepted IPC callback connection, assigning ID 364!
Files, innatarasyan:          	Waiting for lock of file to download...
Files, innatarasyan:          	Got lock of file to download
Files, innatarasyan:          	Download status: 100%
Files, innatarasyan:          	Total download time: 0.38414096832275
Files, innatarasyan:          	Total download speed: 0.795374 mbps
ServerCallback, innatarasyan: 	Accepted IPC callback connection, assigning ID 365!
Files, innatarasyan:          	Waiting for lock of file to download...
Files, innatarasyan:          	Got lock of file to download
Files, innatarasyan:          	Download status: 100%
Files, innatarasyan:          	Total download time: 0.40125393867493
Files, innatarasyan:          	Total download speed: 1.340098 mbps
ServerCallback, innatarasyan: 	Accepted IPC callback connection, assigning ID 366!
Files, innatarasyan:          	Waiting for lock of file to download...
Files, innatarasyan:          	Got lock of file to download
Files, innatarasyan:          	Download status: 100%
Files, innatarasyan:          	Total download time: 0.36814212799072
Files, innatarasyan:          	Total download speed: 0.369009 mbps
ServerCallback, innatarasyan: 	Accepted IPC callback connection, assigning ID 367!
Files, innatarasyan:          	Waiting for lock of file to download...
Files, innatarasyan:          	Got lock of file to download
Files, innatarasyan:          	Download status: 100%
Files, innatarasyan:          	Total download time: 0.41892981529236
Files, innatarasyan:          	Total download speed: 1.765068 mbps
ServerCallback, innatarasyan: 	Accepted IPC callback connection, assigning ID 368!
Files, innatarasyan:          	Waiting for lock of file to download...
Files, innatarasyan:          	Got lock of file to download
Files, innatarasyan:          	Download status: 100%
Files, innatarasyan:          	Total download time: 0.43560290336609
Files, innatarasyan:          	Total download speed: 2.558311 mbps
ServerCallback, innatarasyan: 	Accepted IPC callback connection, assigning ID 369!
Files, innatarasyan:          	Waiting for lock of file to download...
Files, innatarasyan:          	Got lock of file to download
Files, innatarasyan:          	Download status: 100%
Files, innatarasyan:          	Total download time: 0.41134190559387
Files, innatarasyan:          	Total download speed: 2.067885 mbps
ServerCallback, innatarasyan: 	Accepted IPC callback connection, assigning ID 370!
Files, innatarasyan:          	Waiting for lock of file to download...
Files, innatarasyan:          	Got lock of file to download
Files, innatarasyan:          	Download status: 100%
Files, innatarasyan:          	Total download time: 0.43488216400146
Files, innatarasyan:          	Total download speed: 1.775138 mbps
ServerCallback, innatarasyan: 	Accepted IPC callback connection, assigning ID 371!
Files, innatarasyan:          	Waiting for lock of file to download...
Files, innatarasyan:          	Got lock of file to download
Files, innatarasyan:          	Download status: 100%
Files, innatarasyan:          	Total download time: 0.42809104919434
Files, innatarasyan:          	Total download speed: 1.394507 mbps
ServerCallback, innatarasyan: 	Accepted IPC callback connection, assigning ID 372!
Files, innatarasyan:          	Waiting for lock of file to download...
Files, innatarasyan:          	Got lock of file to download
Files, innatarasyan:          	Download status: 100%
Files, innatarasyan:          	Total download time: 0.37414312362671
Files, innatarasyan:          	Total download speed: 0.474 mbps
ServerCallback, innatarasyan: 	Accepted IPC callback connection, assigning ID 373!
Files, innatarasyan:          	Waiting for lock of file to download...
Files, innatarasyan:          	Got lock of file to download
Files, innatarasyan:          	Download status: 100%
Files, innatarasyan:          	Total download time: 0.37116098403931
Files, innatarasyan:          	Total download speed: 0.672915 mbps
ServerCallback, innatarasyan: 	Accepted IPC callback connection, assigning ID 374!
Files, innatarasyan:          	Waiting for lock of file to download...
Files, innatarasyan:          	Got lock of file to download
Files, innatarasyan:          	Download status: 100%
Files, innatarasyan:          	Total download time: 0.39778113365173
Files, innatarasyan:          	Total download speed: 1.266123 mbps
ServerCallback, innatarasyan: 	Accepted IPC callback connection, assigning ID 375!
Files, innatarasyan:          	Waiting for lock of file to download...
Files, innatarasyan:          	Got lock of file to download
Files, innatarasyan:          	Download status: 100%
Files, innatarasyan:          	Total download time: 0.40853977203369
Files, innatarasyan:          	Total download speed: 1.409488 mbps
ServerCallback, innatarasyan: 	Accepted IPC callback connection, assigning ID 376!
Files, innatarasyan:          	Waiting for lock of file to download...
Files, innatarasyan:          	Got lock of file to download
Files, innatarasyan:          	Download status: 100%
Files, innatarasyan:          	Total download time: 0.43103289604187
Files, innatarasyan:          	Total download speed: 2.229992 mbps
ServerCallback, innatarasyan: 	Accepted IPC callback connection, assigning ID 377!
Files, innatarasyan:          	Waiting for lock of file to download...
Files, innatarasyan:          	Got lock of file to download
Files, innatarasyan:          	Download status: 100%
Files, innatarasyan:          	Total download time: 0.39280796051025
Files, innatarasyan:          	Total download speed: 0.985499 mbps
ServerCallback, innatarasyan: 	Accepted IPC callback connection, assigning ID 378!
Files, innatarasyan:          	Waiting for lock of file to download...
Files, innatarasyan:          	Got lock of file to download
Files, innatarasyan:          	Download status: 100%
Files, innatarasyan:          	Total download time: 0.41424298286438
Files, innatarasyan:          	Total download speed: 1.991488 mbps
ServerCallback, innatarasyan: 	Accepted IPC callback connection, assigning ID 379!
Files, innatarasyan:          	Waiting for lock of file to download...
Files, innatarasyan:          	Got lock of file to download
Files, innatarasyan:          	Download status: 100%
Files, innatarasyan:          	Total download time: 1.7170960903168
Files, innatarasyan:          	Total download speed: 0.486686 mbps
ServerCallback, innatarasyan: 	Accepted IPC callback connection, assigning ID 380!
Files, innatarasyan:          	Waiting for lock of file to download...
Files, innatarasyan:          	Got lock of file to download
Files, innatarasyan:          	Download status: 100%
Files, innatarasyan:          	Total download time: 0.39136815071106
Files, innatarasyan:          	Total download speed: 1.364158 mbps
ServerCallback, innatarasyan: 	Accepted IPC callback connection, assigning ID 381!
Files, innatarasyan:          	Waiting for lock of file to download...
Files, innatarasyan:          	Got lock of file to download
Files, innatarasyan:          	Download status: 100%
Files, innatarasyan:          	Total download time: 0.34730911254883
Files, innatarasyan:          	Total download speed: 0.795994 mbps
ServerCallback, innatarasyan: 	Accepted IPC callback connection, assigning ID 382!
Files, innatarasyan:          	Waiting for lock of file to download...
Files, innatarasyan:          	Got lock of file to download
SessionPaths, Inna_CryptoBot:   	Waiting for exclusive lock of /home/user/PhpstormProjects/CryptoTrading/bot.madeline/safe.php.lock...
SessionPaths, Inna_CryptoBot:   	Got exclusive lock of /home/user/PhpstormProjects/CryptoTrading/bot.madeline/safe.php.lock...
SessionPaths, Inna_CryptoBot:   	Waiting for exclusive lock of /home/user/PhpstormProjects/CryptoTrading/bot.madeline/lightState.php.lock...
SessionPaths, Inna_CryptoBot:   	Got exclusive lock of /home/user/PhpstormProjects/CryptoTrading/bot.madeline/lightState.php.lock...
APIWrapper, Inna_CryptoBot:     	Saved session!
Files, innatarasyan:          	Download status: 100%
Files, innatarasyan:          	Total download time: 0.42212986946106
Files, innatarasyan:          	Total download speed: 2.063819 mbps
ServerCallback, innatarasyan: 	Accepted IPC callback connection, assigning ID 383!
Files, innatarasyan:          	Waiting for lock of file to download...
Files, innatarasyan:          	Got lock of file to download
Files, innatarasyan:          	Download status: 100%
Files, innatarasyan:          	Total download time: 0.41396903991699
Files, innatarasyan:          	Total download speed: 1.279921 mbps
ServerCallback, innatarasyan: 	Accepted IPC callback connection, assigning ID 384!
Files, innatarasyan:          	Waiting for lock of file to download...
Files, innatarasyan:          	Got lock of file to download
Files, innatarasyan:          	Download status: 100%
Files, innatarasyan:          	Total download time: 0.39208698272705
Files, innatarasyan:          	Total download speed: 0.714229 mbps
ServerCallback, innatarasyan: 	Accepted IPC callback connection, assigning ID 385!
Files, innatarasyan:          	Waiting for lock of file to download...
Files, innatarasyan:          	Got lock of file to download
Files, innatarasyan:          	Download status: 100%
Files, innatarasyan:          	Total download time: 0.43817090988159
Files, innatarasyan:          	Total download speed: 1.503504 mbps
ServerCallback, innatarasyan: 	Accepted IPC callback connection, assigning ID 386!
Files, innatarasyan:          	Waiting for lock of file to download...
Files, innatarasyan:          	Got lock of file to download
Files, innatarasyan:          	Download status: 100%
Files, innatarasyan:          	Total download time: 0.40527296066284
Files, innatarasyan:          	Total download speed: 1.483405 mbps
ServerCallback, innatarasyan: 	Accepted IPC callback connection, assigning ID 387!
Files, innatarasyan:          	Waiting for lock of file to download...
Files, innatarasyan:          	Got lock of file to download
Files, innatarasyan:          	Download status: 100%
Files, innatarasyan:          	Total download time: 0.37893080711365
Files, innatarasyan:          	Total download speed: 3.901926 mbps
ServerCallback, innatarasyan: 	Accepted IPC callback connection, assigning ID 388!
Files, innatarasyan:          	Waiting for lock of file to download...
Files, innatarasyan:          	Got lock of file to download
Files, innatarasyan:          	Download status: 100%
Files, innatarasyan:          	Total download time: 0.28826713562012
Files, innatarasyan:          	Total download speed: 6.87343 mbps
ServerCallback, innatarasyan: 	Accepted IPC callback connection, assigning ID 389!
Files, innatarasyan:          	Waiting for lock of file to download...
Files, innatarasyan:          	Got lock of file to download
Files, innatarasyan:          	Download status: 100%
Files, innatarasyan:          	Total download time: 0.42012810707092
Files, innatarasyan:          	Total download speed: 1.070206 mbps
ServerCallback, innatarasyan: 	Accepted IPC callback connection, assigning ID 390!
Files, innatarasyan:          	Waiting for lock of file to download...
Files, innatarasyan:          	Got lock of file to download
Files, innatarasyan:          	Download status: 100%
Files, innatarasyan:          	Total download time: 0.39538598060608
Files, innatarasyan:          	Total download speed: 1.164047 mbps
ServerCallback, innatarasyan: 	Accepted IPC callback connection, assigning ID 391!
Files, innatarasyan:          	Waiting for lock of file to download...
Files, innatarasyan:          	Got lock of file to download
Files, innatarasyan:          	Download status: 100%
Files, innatarasyan:          	Total download time: 0.4379448890686
Files, innatarasyan:          	Total download speed: 3.074231 mbps
ServerCallback, innatarasyan: 	Accepted IPC callback connection, assigning ID 392!
Files, innatarasyan:          	Waiting for lock of file to download...
Files, innatarasyan:          	Got lock of file to download
Files, innatarasyan:          	Download status: 100%
Files, innatarasyan:          	Total download time: 0.38357615470886
Files, innatarasyan:          	Total download speed: 0.934635 mbps
ServerCallback, innatarasyan: 	Accepted IPC callback connection, assigning ID 393!
Files, innatarasyan:          	Waiting for lock of file to download...
Files, innatarasyan:          	Got lock of file to download
Files, innatarasyan:          	Download status: 100%
Files, innatarasyan:          	Total download time: 0.38626408576965
Files, innatarasyan:          	Total download speed: 0.509765 mbps
ServerCallback, innatarasyan: 	Accepted IPC callback connection, assigning ID 394!
Files, innatarasyan:          	Waiting for lock of file to download...
Files, innatarasyan:          	Got lock of file to download
Files, innatarasyan:          	Download status: 100%
Files, innatarasyan:          	Total download time: 0.40644788742065
Files, innatarasyan:          	Total download speed: 1.870015 mbps
ServerCallback, innatarasyan: 	Accepted IPC callback connection, assigning ID 395!
Files, innatarasyan:          	Waiting for lock of file to download...
Files, innatarasyan:          	Got lock of file to download
Files, innatarasyan:          	Download status: 100%
Files, innatarasyan:          	Total download time: 0.39526009559631
Files, innatarasyan:          	Total download speed: 0.866791 mbps
ServerCallback, innatarasyan: 	Accepted IPC callback connection, assigning ID 396!
Files, innatarasyan:          	Waiting for lock of file to download...
Files, innatarasyan:          	Got lock of file to download
Files, innatarasyan:          	Download status: 100%
Files, innatarasyan:          	Total download time: 0.41229891777039
Files, innatarasyan:          	Total download speed: 2.372414 mbps
ServerCallback, innatarasyan: 	Accepted IPC callback connection, assigning ID 397!
Files, innatarasyan:          	Waiting for lock of file to download...
Files, innatarasyan:          	Got lock of file to download
Files, innatarasyan:          	Download status: 100%
Files, innatarasyan:          	Total download time: 0.41003513336182
Files, innatarasyan:          	Total download speed: 1.519089 mbps
ServerCallback, innatarasyan: 	Accepted IPC callback connection, assigning ID 398!
Files, innatarasyan:          	Waiting for lock of file to download...
Files, innatarasyan:          	Got lock of file to download
Files, innatarasyan:          	Download status: 100%
Files, innatarasyan:          	Total download time: 1.9427070617676
Files, innatarasyan:          	Total download speed: 0.344274 mbps
ServerCallback, innatarasyan: 	Accepted IPC callback connection, assigning ID 399!
Files, innatarasyan:          	Waiting for lock of file to download...
Files, innatarasyan:          	Got lock of file to download
Files, innatarasyan:          	Download status: 100%
Files, innatarasyan:          	Total download time: 0.3469820022583
Files, innatarasyan:          	Total download speed: 1.245205 mbps
ServerCallback, innatarasyan: 	Accepted IPC callback connection, assigning ID 400!
Files, innatarasyan:          	Waiting for lock of file to download...
Files, innatarasyan:          	Got lock of file to download
Files, innatarasyan:          	Download status: 100%
Files, innatarasyan:          	Total download time: 0.42730283737183
Files, innatarasyan:          	Total download speed: 1.77622 mbps
ServerCallback, innatarasyan: 	Accepted IPC callback connection, assigning ID 401!
Files, innatarasyan:          	Waiting for lock of file to download...
Files, innatarasyan:          	Got lock of file to download
Files, innatarasyan:          	Download status: 100%
Files, innatarasyan:          	Total download time: 0.42342615127563
Files, innatarasyan:          	Total download speed: 2.111858 mbps
SessionPaths, innatarasyan:   	Waiting for exclusive lock of /home/user/PhpstormProjects/CryptoTrading/bot.madeline/safe.php.lock...
SessionPaths, innatarasyan:   	Got exclusive lock of /home/user/PhpstormProjects/CryptoTrading/bot.madeline/safe.php.lock...
SessionPaths, innatarasyan:   	Waiting for exclusive lock of /home/user/PhpstormProjects/CryptoTrading/bot.madeline/lightState.php.lock...
SessionPaths, innatarasyan:   	Got exclusive lock of /home/user/PhpstormProjects/CryptoTrading/bot.madeline/lightState.php.lock...
APIWrapper, innatarasyan:     	Saved session!
ServerCallback, innatarasyan: 	Accepted IPC callback connection, assigning ID 402!
Files, innatarasyan:          	Waiting for lock of file to download...
Files, innatarasyan:          	Got lock of file to download
Files, innatarasyan:          	Download status: 100%
Files, innatarasyan:          	Total download time: 0.39032101631165
Files, innatarasyan:          	Total download speed: 0.981366 mbps
ServerCallback, innatarasyan: 	Accepted IPC callback connection, assigning ID 403!
Files, innatarasyan:          	Waiting for lock of file to download...
Files, innatarasyan:          	Got lock of file to download
Files, innatarasyan:          	Download status: 100%
Files, innatarasyan:          	Total download time: 0.39242482185364
Files, innatarasyan:          	Total download speed: 0.938513 mbps
ServerCallback, innatarasyan: 	Accepted IPC callback connection, assigning ID 404!
Files, innatarasyan:          	Waiting for lock of file to download...
Files, innatarasyan:          	Got lock of file to download
Files, innatarasyan:          	Download status: 100%
Files, innatarasyan:          	Total download time: 0.40082383155823
Files, innatarasyan:          	Total download speed: 1.113327 mbps
ServerCallback, innatarasyan: 	Accepted IPC callback connection, assigning ID 405!
Files, innatarasyan:          	Waiting for lock of file to download...
Files, innatarasyan:          	Got lock of file to download
Files, innatarasyan:          	Download status: 100%
Files, innatarasyan:          	Total download time: 0.45991206169128
Files, innatarasyan:          	Total download speed: 3.482404 mbps
ServerCallback, innatarasyan: 	Accepted IPC callback connection, assigning ID 406!
Files, innatarasyan:          	Waiting for lock of file to download...
Files, innatarasyan:          	Got lock of file to download
Files, innatarasyan:          	Download status: 100%
Files, innatarasyan:          	Total download time: 0.40500783920288
Files, innatarasyan:          	Total download speed: 0.712776 mbps
ServerCallback, innatarasyan: 	Accepted IPC callback connection, assigning ID 407!
Files, innatarasyan:          	Waiting for lock of file to download...
Files, innatarasyan:          	Got lock of file to download
Files, innatarasyan:          	Download status: 100%
Files, innatarasyan:          	Total download time: 0.45655202865601
Files, innatarasyan:          	Total download speed: 2.460687 mbps
ServerCallback, innatarasyan: 	Accepted IPC callback connection, assigning ID 408!
Files, innatarasyan:          	Waiting for lock of file to download...
Files, innatarasyan:          	Got lock of file to download
SessionPaths, innatarasyan:   	Waiting for exclusive lock of /home/user/PhpstormProjects/CryptoTrading/user.madeline/safe.php.lock...
SessionPaths, innatarasyan:   	Got exclusive lock of /home/user/PhpstormProjects/CryptoTrading/user.madeline/safe.php.lock...
SessionPaths, innatarasyan:   	Waiting for exclusive lock of /home/user/PhpstormProjects/CryptoTrading/user.madeline/lightState.php.lock...
SessionPaths, innatarasyan:   	Got exclusive lock of /home/user/PhpstormProjects/CryptoTrading/user.madeline/lightState.php.lock...
APIWrapper, innatarasyan:     	Saved session!
Files, innatarasyan:          	Download status: 100%
Files, innatarasyan:          	Total download time: 1.7651138305664
Files, innatarasyan:          	Total download speed: 0.292871 mbps
ServerCallback, innatarasyan: 	Accepted IPC callback connection, assigning ID 409!
Files, innatarasyan:          	Waiting for lock of file to download...
Files, innatarasyan:          	Got lock of file to download
Files, innatarasyan:          	Download status: 100%
Files, innatarasyan:          	Total download time: 0.36248302459717
Files, innatarasyan:          	Total download speed: 1.534615 mbps
ServerCallback, innatarasyan: 	Accepted IPC callback connection, assigning ID 410!
Files, innatarasyan:          	Waiting for lock of file to download...
Files, innatarasyan:          	Got lock of file to download
Files, innatarasyan:          	Download status: 100%
Files, innatarasyan:          	Total download time: 0.43598890304565
Files, innatarasyan:          	Total download speed: 2.485017 mbps
ServerCallback, innatarasyan: 	Accepted IPC callback connection, assigning ID 411!
Files, innatarasyan:          	Waiting for lock of file to download...
Files, innatarasyan:          	Got lock of file to download
Files, innatarasyan:          	Download status: 100%
Files, innatarasyan:          	Total download time: 0.45881104469299
Files, innatarasyan:          	Total download speed: 2.970111 mbps
SessionPaths, innatarasyan:   	Waiting for exclusive lock of /home/user/PhpstormProjects/CryptoTrading/bot.madeline/safe.php.lock...
SessionPaths, innatarasyan:   	Got exclusive lock of /home/user/PhpstormProjects/CryptoTrading/bot.madeline/safe.php.lock...
SessionPaths, innatarasyan:   	Waiting for exclusive lock of /home/user/PhpstormProjects/CryptoTrading/bot.madeline/lightState.php.lock...
SessionPaths, innatarasyan:   	Got exclusive lock of /home/user/PhpstormProjects/CryptoTrading/bot.madeline/lightState.php.lock...
APIWrapper, innatarasyan:     	Saved session!
ServerCallback, innatarasyan: 	Accepted IPC callback connection, assigning ID 412!
Files, innatarasyan:          	Waiting for lock of file to download...
Files, innatarasyan:          	Got lock of file to download
Files, innatarasyan:          	Download status: 100%
Files, innatarasyan:          	Total download time: 0.22492504119873
Files, innatarasyan:          	Total download speed: 3.415929 mbps
ServerCallback, innatarasyan: 	Accepted IPC callback connection, assigning ID 413!
Files, innatarasyan:          	Waiting for lock of file to download...
Files, innatarasyan:          	Got lock of file to download
Files, innatarasyan:          	Download status: 100%
Files, innatarasyan:          	Total download time: 0.36186504364014
Files, innatarasyan:          	Total download speed: 1.121169 mbps
ServerCallback, innatarasyan: 	Accepted IPC callback connection, assigning ID 414!
Files, innatarasyan:          	Waiting for lock of file to download...
Files, innatarasyan:          	Got lock of file to download
Files, innatarasyan:          	Download status: 100%
Files, innatarasyan:          	Total download time: 0.43173313140869
Files, innatarasyan:          	Total download speed: 2.435152 mbps
ServerCallback, innatarasyan: 	Accepted IPC callback connection, assigning ID 415!
Files, innatarasyan:          	Waiting for lock of file to download...
Files, innatarasyan:          	Got lock of file to download
Files, innatarasyan:          	Download status: 100%
Files, innatarasyan:          	Total download time: 0.3778178691864
Files, innatarasyan:          	Total download speed: 0.389711 mbps
SessionPaths, Inna_CryptoBot:   	Waiting for exclusive lock of /home/user/PhpstormProjects/CryptoTrading/bot.madeline/safe.php.lock...
SessionPaths, Inna_CryptoBot:   	Got exclusive lock of /home/user/PhpstormProjects/CryptoTrading/bot.madeline/safe.php.lock...
SessionPaths, Inna_CryptoBot:   	Waiting for exclusive lock of /home/user/PhpstormProjects/CryptoTrading/bot.madeline/lightState.php.lock...
SessionPaths, Inna_CryptoBot:   	Got exclusive lock of /home/user/PhpstormProjects/CryptoTrading/bot.madeline/lightState.php.lock...
APIWrapper, Inna_CryptoBot:     	Saved session!
SessionPaths, innatarasyan:   	Waiting for exclusive lock of /home/user/PhpstormProjects/CryptoTrading/bot.madeline/safe.php.lock...
SessionPaths, innatarasyan:   	Got exclusive lock of /home/user/PhpstormProjects/CryptoTrading/bot.madeline/safe.php.lock...
SessionPaths, innatarasyan:   	Waiting for exclusive lock of /home/user/PhpstormProjects/CryptoTrading/bot.madeline/lightState.php.lock...
SessionPaths, innatarasyan:   	Got exclusive lock of /home/user/PhpstormProjects/CryptoTrading/bot.madeline/lightState.php.lock...
APIWrapper, innatarasyan:     	Saved session!
SessionPaths, innatarasyan:   	Waiting for exclusive lock of /home/user/PhpstormProjects/CryptoTrading/user.madeline/safe.php.lock...
SessionPaths, innatarasyan:   	Got exclusive lock of /home/user/PhpstormProjects/CryptoTrading/user.madeline/safe.php.lock...
SessionPaths, innatarasyan:   	Waiting for exclusive lock of /home/user/PhpstormProjects/CryptoTrading/user.madeline/lightState.php.lock...
SessionPaths, innatarasyan:   	Got exclusive lock of /home/user/PhpstormProjects/CryptoTrading/user.madeline/lightState.php.lock...
APIWrapper, innatarasyan:     	Saved session!
SessionPaths, innatarasyan:   	Waiting for exclusive lock of /home/user/PhpstormProjects/CryptoTrading/bot.madeline/safe.php.lock...
SessionPaths, innatarasyan:   	Got exclusive lock of /home/user/PhpstormProjects/CryptoTrading/bot.madeline/safe.php.lock...
SessionPaths, innatarasyan:   	Waiting for exclusive lock of /home/user/PhpstormProjects/CryptoTrading/bot.madeline/lightState.php.lock...
SessionPaths, innatarasyan:   	Got exclusive lock of /home/user/PhpstormProjects/CryptoTrading/bot.madeline/lightState.php.lock...
APIWrapper, innatarasyan:     	Saved session!
SessionPaths, Inna_CryptoBot:   	Waiting for exclusive lock of /home/user/PhpstormProjects/CryptoTrading/bot.madeline/safe.php.lock...
SessionPaths, Inna_CryptoBot:   	Got exclusive lock of /home/user/PhpstormProjects/CryptoTrading/bot.madeline/safe.php.lock...
SessionPaths, Inna_CryptoBot:   	Waiting for exclusive lock of /home/user/PhpstormProjects/CryptoTrading/bot.madeline/lightState.php.lock...
SessionPaths, Inna_CryptoBot:   	Got exclusive lock of /home/user/PhpstormProjects/CryptoTrading/bot.madeline/lightState.php.lock...
APIWrapper, Inna_CryptoBot:     	Saved session!
SessionPaths, innatarasyan:   	Waiting for exclusive lock of /home/user/PhpstormProjects/CryptoTrading/bot.madeline/safe.php.lock...
SessionPaths, innatarasyan:   	Got exclusive lock of /home/user/PhpstormProjects/CryptoTrading/bot.madeline/safe.php.lock...
SessionPaths, innatarasyan:   	Waiting for exclusive lock of /home/user/PhpstormProjects/CryptoTrading/bot.madeline/lightState.php.lock...
SessionPaths, innatarasyan:   	Got exclusive lock of /home/user/PhpstormProjects/CryptoTrading/bot.madeline/lightState.php.lock...
APIWrapper, innatarasyan:     	Saved session!
SessionPaths, innatarasyan:   	Waiting for exclusive lock of /home/user/PhpstormProjects/CryptoTrading/user.madeline/safe.php.lock...
SessionPaths, innatarasyan:   	Got exclusive lock of /home/user/PhpstormProjects/CryptoTrading/user.madeline/safe.php.lock...
SessionPaths, innatarasyan:   	Waiting for exclusive lock of /home/user/PhpstormProjects/CryptoTrading/user.madeline/lightState.php.lock...
SessionPaths, innatarasyan:   	Got exclusive lock of /home/user/PhpstormProjects/CryptoTrading/user.madeline/lightState.php.lock...
APIWrapper, innatarasyan:     	Saved session!
SessionPaths, innatarasyan:   	Waiting for exclusive lock of /home/user/PhpstormProjects/CryptoTrading/bot.madeline/safe.php.lock...
SessionPaths, innatarasyan:   	Got exclusive lock of /home/user/PhpstormProjects/CryptoTrading/bot.madeline/safe.php.lock...
SessionPaths, innatarasyan:   	Waiting for exclusive lock of /home/user/PhpstormProjects/CryptoTrading/bot.madeline/lightState.php.lock...
SessionPaths, innatarasyan:   	Got exclusive lock of /home/user/PhpstormProjects/CryptoTrading/bot.madeline/lightState.php.lock...
APIWrapper, innatarasyan:     	Saved session!
SessionPaths, Inna_CryptoBot:   	Waiting for exclusive lock of /home/user/PhpstormProjects/CryptoTrading/bot.madeline/safe.php.lock...
SessionPaths, Inna_CryptoBot:   	Got exclusive lock of /home/user/PhpstormProjects/CryptoTrading/bot.madeline/safe.php.lock...
SessionPaths, Inna_CryptoBot:   	Waiting for exclusive lock of /home/user/PhpstormProjects/CryptoTrading/bot.madeline/lightState.php.lock...
SessionPaths, Inna_CryptoBot:   	Got exclusive lock of /home/user/PhpstormProjects/CryptoTrading/bot.madeline/lightState.php.lock...
APIWrapper, Inna_CryptoBot:     	Saved session!
SessionPaths, innatarasyan:   	Waiting for exclusive lock of /home/user/PhpstormProjects/CryptoTrading/bot.madeline/safe.php.lock...
SessionPaths, innatarasyan:   	Got exclusive lock of /home/user/PhpstormProjects/CryptoTrading/bot.madeline/safe.php.lock...
SessionPaths, innatarasyan:   	Waiting for exclusive lock of /home/user/PhpstormProjects/CryptoTrading/bot.madeline/lightState.php.lock...
SessionPaths, innatarasyan:   	Got exclusive lock of /home/user/PhpstormProjects/CryptoTrading/bot.madeline/lightState.php.lock...
APIWrapper, innatarasyan:     	Saved session!
SessionPaths, innatarasyan:   	Waiting for exclusive lock of /home/user/PhpstormProjects/CryptoTrading/user.madeline/safe.php.lock...
SessionPaths, innatarasyan:   	Got exclusive lock of /home/user/PhpstormProjects/CryptoTrading/user.madeline/safe.php.lock...
SessionPaths, innatarasyan:   	Waiting for exclusive lock of /home/user/PhpstormProjects/CryptoTrading/user.madeline/lightState.php.lock...
SessionPaths, innatarasyan:   	Got exclusive lock of /home/user/PhpstormProjects/CryptoTrading/user.madeline/lightState.php.lock...
APIWrapper, innatarasyan:     	Saved session!
SessionPaths, innatarasyan:   	Waiting for exclusive lock of /home/user/PhpstormProjects/CryptoTrading/bot.madeline/safe.php.lock...
SessionPaths, innatarasyan:   	Got exclusive lock of /home/user/PhpstormProjects/CryptoTrading/bot.madeline/safe.php.lock...
SessionPaths, innatarasyan:   	Waiting for exclusive lock of /home/user/PhpstormProjects/CryptoTrading/bot.madeline/lightState.php.lock...
SessionPaths, innatarasyan:   	Got exclusive lock of /home/user/PhpstormProjects/CryptoTrading/bot.madeline/lightState.php.lock...
APIWrapper, innatarasyan:     	Saved session!
FeedLoop, innatarasyan:       	Resumed update feed loop generic
FeedLoop, innatarasyan:       	Resumed update feed loop generic
SessionPaths, Inna_CryptoBot:   	Waiting for exclusive lock of /home/user/PhpstormProjects/CryptoTrading/bot.madeline/safe.php.lock...
SessionPaths, Inna_CryptoBot:   	Got exclusive lock of /home/user/PhpstormProjects/CryptoTrading/bot.madeline/safe.php.lock...
SessionPaths, Inna_CryptoBot:   	Waiting for exclusive lock of /home/user/PhpstormProjects/CryptoTrading/bot.madeline/lightState.php.lock...
SessionPaths, Inna_CryptoBot:   	Got exclusive lock of /home/user/PhpstormProjects/CryptoTrading/bot.madeline/lightState.php.lock...
APIWrapper, Inna_CryptoBot:     	Saved session!
SessionPaths, innatarasyan:   	Waiting for exclusive lock of /home/user/PhpstormProjects/CryptoTrading/bot.madeline/safe.php.lock...
SessionPaths, innatarasyan:   	Got exclusive lock of /home/user/PhpstormProjects/CryptoTrading/bot.madeline/safe.php.lock...
SessionPaths, innatarasyan:   	Waiting for exclusive lock of /home/user/PhpstormProjects/CryptoTrading/bot.madeline/lightState.php.lock...
SessionPaths, innatarasyan:   	Got exclusive lock of /home/user/PhpstormProjects/CryptoTrading/bot.madeline/lightState.php.lock...
APIWrapper, innatarasyan:     	Saved session!
SessionPaths, innatarasyan:   	Waiting for exclusive lock of /home/user/PhpstormProjects/CryptoTrading/user.madeline/safe.php.lock...
SessionPaths, innatarasyan:   	Got exclusive lock of /home/user/PhpstormProjects/CryptoTrading/user.madeline/safe.php.lock...
SessionPaths, innatarasyan:   	Waiting for exclusive lock of /home/user/PhpstormProjects/CryptoTrading/user.madeline/lightState.php.lock...
SessionPaths, innatarasyan:   	Got exclusive lock of /home/user/PhpstormProjects/CryptoTrading/user.madeline/lightState.php.lock...
APIWrapper, innatarasyan:     	Saved session!
SessionPaths, innatarasyan:   	Waiting for exclusive lock of /home/user/PhpstormProjects/CryptoTrading/bot.madeline/safe.php.lock...
SessionPaths, innatarasyan:   	Got exclusive lock of /home/user/PhpstormProjects/CryptoTrading/bot.madeline/safe.php.lock...
SessionPaths, innatarasyan:   	Waiting for exclusive lock of /home/user/PhpstormProjects/CryptoTrading/bot.madeline/lightState.php.lock...
SessionPaths, innatarasyan:   	Got exclusive lock of /home/user/PhpstormProjects/CryptoTrading/bot.madeline/lightState.php.lock...
APIWrapper, innatarasyan:     	Saved session!
FeedLoop, innatarasyan:       	Resumed update feed loop generic
FeedLoop, innatarasyan:       	Resumed update feed loop generic
SessionPaths, Inna_CryptoBot:   	Waiting for exclusive lock of /home/user/PhpstormProjects/CryptoTrading/bot.madeline/safe.php.lock...
SessionPaths, Inna_CryptoBot:   	Got exclusive lock of /home/user/PhpstormProjects/CryptoTrading/bot.madeline/safe.php.lock...
SessionPaths, Inna_CryptoBot:   	Waiting for exclusive lock of /home/user/PhpstormProjects/CryptoTrading/bot.madeline/lightState.php.lock...
SessionPaths, Inna_CryptoBot:   	Got exclusive lock of /home/user/PhpstormProjects/CryptoTrading/bot.madeline/lightState.php.lock...
APIWrapper, Inna_CryptoBot:     	Saved session!
SessionPaths, innatarasyan:   	Waiting for exclusive lock of /home/user/PhpstormProjects/CryptoTrading/bot.madeline/safe.php.lock...
SessionPaths, innatarasyan:   	Got exclusive lock of /home/user/PhpstormProjects/CryptoTrading/bot.madeline/safe.php.lock...
SessionPaths, innatarasyan:   	Waiting for exclusive lock of /home/user/PhpstormProjects/CryptoTrading/bot.madeline/lightState.php.lock...
SessionPaths, innatarasyan:   	Got exclusive lock of /home/user/PhpstormProjects/CryptoTrading/bot.madeline/lightState.php.lock...
APIWrapper, innatarasyan:     	Saved session!
SessionPaths, innatarasyan:   	Waiting for exclusive lock of /home/user/PhpstormProjects/CryptoTrading/user.madeline/safe.php.lock...
SessionPaths, innatarasyan:   	Got exclusive lock of /home/user/PhpstormProjects/CryptoTrading/user.madeline/safe.php.lock...
SessionPaths, innatarasyan:   	Waiting for exclusive lock of /home/user/PhpstormProjects/CryptoTrading/user.madeline/lightState.php.lock...
SessionPaths, innatarasyan:   	Got exclusive lock of /home/user/PhpstormProjects/CryptoTrading/user.madeline/lightState.php.lock...
APIWrapper, innatarasyan:     	Saved session!
SessionPaths, innatarasyan:   	Waiting for exclusive lock of /home/user/PhpstormProjects/CryptoTrading/bot.madeline/safe.php.lock...
SessionPaths, innatarasyan:   	Got exclusive lock of /home/user/PhpstormProjects/CryptoTrading/bot.madeline/safe.php.lock...
SessionPaths, innatarasyan:   	Waiting for exclusive lock of /home/user/PhpstormProjects/CryptoTrading/bot.madeline/lightState.php.lock...
SessionPaths, innatarasyan:   	Got exclusive lock of /home/user/PhpstormProjects/CryptoTrading/bot.madeline/lightState.php.lock...
APIWrapper, innatarasyan:     	Saved session!
FeedLoop, innatarasyan:       	Resumed update feed loop generic
FeedLoop, innatarasyan:       	Resumed update feed loop generic
SessionPaths, Inna_CryptoBot:   	Waiting for exclusive lock of /home/user/PhpstormProjects/CryptoTrading/bot.madeline/safe.php.lock...
SessionPaths, Inna_CryptoBot:   	Got exclusive lock of /home/user/PhpstormProjects/CryptoTrading/bot.madeline/safe.php.lock...
SessionPaths, Inna_CryptoBot:   	Waiting for exclusive lock of /home/user/PhpstormProjects/CryptoTrading/bot.madeline/lightState.php.lock...
SessionPaths, Inna_CryptoBot:   	Got exclusive lock of /home/user/PhpstormProjects/CryptoTrading/bot.madeline/lightState.php.lock...
APIWrapper, Inna_CryptoBot:     	Saved session!
FeedLoop, innatarasyan:       	Resumed update feed loop generic
SessionPaths, innatarasyan:   	Waiting for exclusive lock of /home/user/PhpstormProjects/CryptoTrading/bot.madeline/safe.php.lock...
SessionPaths, innatarasyan:   	Got exclusive lock of /home/user/PhpstormProjects/CryptoTrading/bot.madeline/safe.php.lock...
SessionPaths, innatarasyan:   	Waiting for exclusive lock of /home/user/PhpstormProjects/CryptoTrading/bot.madeline/lightState.php.lock...
SessionPaths, innatarasyan:   	Got exclusive lock of /home/user/PhpstormProjects/CryptoTrading/bot.madeline/lightState.php.lock...
APIWrapper, innatarasyan:     	Saved session!
FeedLoop, innatarasyan:       	Resumed update feed loop generic
FeedLoop, innatarasyan:       	Resumed update feed loop generic
FeedLoop, innatarasyan:       	Resumed update feed loop generic
SessionPaths, innatarasyan:   	Waiting for exclusive lock of /home/user/PhpstormProjects/CryptoTrading/user.madeline/safe.php.lock...
SessionPaths, innatarasyan:   	Got exclusive lock of /home/user/PhpstormProjects/CryptoTrading/user.madeline/safe.php.lock...
SessionPaths, innatarasyan:   	Waiting for exclusive lock of /home/user/PhpstormProjects/CryptoTrading/user.madeline/lightState.php.lock...
SessionPaths, innatarasyan:   	Got exclusive lock of /home/user/PhpstormProjects/CryptoTrading/user.madeline/lightState.php.lock...
APIWrapper, innatarasyan:     	Saved session!
FeedLoop, innatarasyan:       	Resumed update feed loop generic
SessionPaths, innatarasyan:   	Waiting for exclusive lock of /home/user/PhpstormProjects/CryptoTrading/bot.madeline/safe.php.lock...
SessionPaths, innatarasyan:   	Got exclusive lock of /home/user/PhpstormProjects/CryptoTrading/bot.madeline/safe.php.lock...
SessionPaths, innatarasyan:   	Waiting for exclusive lock of /home/user/PhpstormProjects/CryptoTrading/bot.madeline/lightState.php.lock...
SessionPaths, innatarasyan:   	Got exclusive lock of /home/user/PhpstormProjects/CryptoTrading/bot.madeline/lightState.php.lock...
APIWrapper, innatarasyan:     	Saved session!
SessionPaths, Inna_CryptoBot:   	Waiting for exclusive lock of /home/user/PhpstormProjects/CryptoTrading/bot.madeline/safe.php.lock...
SessionPaths, Inna_CryptoBot:   	Got exclusive lock of /home/user/PhpstormProjects/CryptoTrading/bot.madeline/safe.php.lock...
SessionPaths, Inna_CryptoBot:   	Waiting for exclusive lock of /home/user/PhpstormProjects/CryptoTrading/bot.madeline/lightState.php.lock...
SessionPaths, Inna_CryptoBot:   	Got exclusive lock of /home/user/PhpstormProjects/CryptoTrading/bot.madeline/lightState.php.lock...
APIWrapper, Inna_CryptoBot:     	Saved session!
SessionPaths, innatarasyan:   	Waiting for exclusive lock of /home/user/PhpstormProjects/CryptoTrading/bot.madeline/safe.php.lock...
SessionPaths, innatarasyan:   	Got exclusive lock of /home/user/PhpstormProjects/CryptoTrading/bot.madeline/safe.php.lock...
SessionPaths, innatarasyan:   	Waiting for exclusive lock of /home/user/PhpstormProjects/CryptoTrading/bot.madeline/lightState.php.lock...
SessionPaths, innatarasyan:   	Got exclusive lock of /home/user/PhpstormProjects/CryptoTrading/bot.madeline/lightState.php.lock...
APIWrapper, innatarasyan:     	Saved session!
SessionPaths, innatarasyan:   	Waiting for exclusive lock of /home/user/PhpstormProjects/CryptoTrading/user.madeline/safe.php.lock...
SessionPaths, innatarasyan:   	Got exclusive lock of /home/user/PhpstormProjects/CryptoTrading/user.madeline/safe.php.lock...
SessionPaths, innatarasyan:   	Waiting for exclusive lock of /home/user/PhpstormProjects/CryptoTrading/user.madeline/lightState.php.lock...
SessionPaths, innatarasyan:   	Got exclusive lock of /home/user/PhpstormProjects/CryptoTrading/user.madeline/lightState.php.lock...
APIWrapper, innatarasyan:     	Saved session!
SessionPaths, innatarasyan:   	Waiting for exclusive lock of /home/user/PhpstormProjects/CryptoTrading/bot.madeline/safe.php.lock...
SessionPaths, innatarasyan:   	Got exclusive lock of /home/user/PhpstormProjects/CryptoTrading/bot.madeline/safe.php.lock...
SessionPaths, innatarasyan:   	Waiting for exclusive lock of /home/user/PhpstormProjects/CryptoTrading/bot.madeline/lightState.php.lock...
SessionPaths, innatarasyan:   	Got exclusive lock of /home/user/PhpstormProjects/CryptoTrading/bot.madeline/lightState.php.lock...
APIWrapper, innatarasyan:     	Saved session!
SessionPaths, Inna_CryptoBot:   	Waiting for exclusive lock of /home/user/PhpstormProjects/CryptoTrading/bot.madeline/safe.php.lock...
SessionPaths, Inna_CryptoBot:   	Got exclusive lock of /home/user/PhpstormProjects/CryptoTrading/bot.madeline/safe.php.lock...
SessionPaths, Inna_CryptoBot:   	Waiting for exclusive lock of /home/user/PhpstormProjects/CryptoTrading/bot.madeline/lightState.php.lock...
SessionPaths, Inna_CryptoBot:   	Got exclusive lock of /home/user/PhpstormProjects/CryptoTrading/bot.madeline/lightState.php.lock...
APIWrapper, Inna_CryptoBot:     	Saved session!
SessionPaths, innatarasyan:   	Waiting for exclusive lock of /home/user/PhpstormProjects/CryptoTrading/bot.madeline/safe.php.lock...
SessionPaths, innatarasyan:   	Got exclusive lock of /home/user/PhpstormProjects/CryptoTrading/bot.madeline/safe.php.lock...
SessionPaths, innatarasyan:   	Waiting for exclusive lock of /home/user/PhpstormProjects/CryptoTrading/bot.madeline/lightState.php.lock...
SessionPaths, innatarasyan:   	Got exclusive lock of /home/user/PhpstormProjects/CryptoTrading/bot.madeline/lightState.php.lock...
APIWrapper, innatarasyan:     	Saved session!
SessionPaths, innatarasyan:   	Waiting for exclusive lock of /home/user/PhpstormProjects/CryptoTrading/user.madeline/safe.php.lock...
SessionPaths, innatarasyan:   	Got exclusive lock of /home/user/PhpstormProjects/CryptoTrading/user.madeline/safe.php.lock...
SessionPaths, innatarasyan:   	Waiting for exclusive lock of /home/user/PhpstormProjects/CryptoTrading/user.madeline/lightState.php.lock...
SessionPaths, innatarasyan:   	Got exclusive lock of /home/user/PhpstormProjects/CryptoTrading/user.madeline/lightState.php.lock...
APIWrapper, innatarasyan:     	Saved session!
SessionPaths, innatarasyan:   	Waiting for exclusive lock of /home/user/PhpstormProjects/CryptoTrading/bot.madeline/safe.php.lock...
SessionPaths, innatarasyan:   	Got exclusive lock of /home/user/PhpstormProjects/CryptoTrading/bot.madeline/safe.php.lock...
SessionPaths, innatarasyan:   	Waiting for exclusive lock of /home/user/PhpstormProjects/CryptoTrading/bot.madeline/lightState.php.lock...
SessionPaths, innatarasyan:   	Got exclusive lock of /home/user/PhpstormProjects/CryptoTrading/bot.madeline/lightState.php.lock...
APIWrapper, innatarasyan:     	Saved session!
SessionPaths, Inna_CryptoBot:   	Waiting for exclusive lock of /home/user/PhpstormProjects/CryptoTrading/bot.madeline/safe.php.lock...
SessionPaths, Inna_CryptoBot:   	Got exclusive lock of /home/user/PhpstormProjects/CryptoTrading/bot.madeline/safe.php.lock...
SessionPaths, Inna_CryptoBot:   	Waiting for exclusive lock of /home/user/PhpstormProjects/CryptoTrading/bot.madeline/lightState.php.lock...
SessionPaths, Inna_CryptoBot:   	Got exclusive lock of /home/user/PhpstormProjects/CryptoTrading/bot.madeline/lightState.php.lock...
APIWrapper, Inna_CryptoBot:     	Saved session!
SessionPaths, innatarasyan:   	Waiting for exclusive lock of /home/user/PhpstormProjects/CryptoTrading/bot.madeline/safe.php.lock...
SessionPaths, innatarasyan:   	Got exclusive lock of /home/user/PhpstormProjects/CryptoTrading/bot.madeline/safe.php.lock...
SessionPaths, innatarasyan:   	Waiting for exclusive lock of /home/user/PhpstormProjects/CryptoTrading/bot.madeline/lightState.php.lock...
SessionPaths, innatarasyan:   	Got exclusive lock of /home/user/PhpstormProjects/CryptoTrading/bot.madeline/lightState.php.lock...
APIWrapper, innatarasyan:     	Saved session!
FeedLoop, innatarasyan:       	Resumed update feed loop channel -1001290362028
SessionPaths, innatarasyan:   	Waiting for exclusive lock of /home/user/PhpstormProjects/CryptoTrading/user.madeline/safe.php.lock...
SessionPaths, innatarasyan:   	Got exclusive lock of /home/user/PhpstormProjects/CryptoTrading/user.madeline/safe.php.lock...
SessionPaths, innatarasyan:   	Waiting for exclusive lock of /home/user/PhpstormProjects/CryptoTrading/user.madeline/lightState.php.lock...
SessionPaths, innatarasyan:   	Got exclusive lock of /home/user/PhpstormProjects/CryptoTrading/user.madeline/lightState.php.lock...
APIWrapper, innatarasyan:     	Saved session!
FeedLoop, innatarasyan:       	Resumed update feed loop channel -1001290362028
FeedLoop, innatarasyan:       	Resumed update feed loop channel -1001290362028
SessionPaths, innatarasyan:   	Waiting for exclusive lock of /home/user/PhpstormProjects/CryptoTrading/bot.madeline/safe.php.lock...
SessionPaths, innatarasyan:   	Got exclusive lock of /home/user/PhpstormProjects/CryptoTrading/bot.madeline/safe.php.lock...
SessionPaths, innatarasyan:   	Waiting for exclusive lock of /home/user/PhpstormProjects/CryptoTrading/bot.madeline/lightState.php.lock...
SessionPaths, innatarasyan:   	Got exclusive lock of /home/user/PhpstormProjects/CryptoTrading/bot.madeline/lightState.php.lock...
APIWrapper, innatarasyan:     	Saved session!
FeedLoop, innatarasyan:       	Resumed update feed loop channel -1001290362028
FeedLoop, innatarasyan:       	Resumed update feed loop channel -1001290362028
FeedLoop, innatarasyan:       	Resumed update feed loop channel -1001290362028
FeedLoop, innatarasyan:       	Resumed update feed loop channel -1001290362028
FeedLoop, innatarasyan:       	Resumed update feed loop channel -1001290362028
FeedLoop, innatarasyan:       	Resumed update feed loop channel -1001290362028
FeedLoop, innatarasyan:       	Resumed update feed loop channel -1001290362028
FeedLoop, innatarasyan:       	Resumed update feed loop channel -1001290362028
FeedLoop, innatarasyan:       	Resumed update feed loop channel -1001290362028
FeedLoop, innatarasyan:       	MSGID duplicate (2086328) in update feed loop channel -1001290362028
FeedLoop, innatarasyan:       	MSGID duplicate (2086328) in update feed loop channel -1001290362028
FeedLoop, innatarasyan:       	Resumed update feed loop channel -1001290362028
FeedLoop, innatarasyan:       	Resumed update feed loop channel -1001290362028
FeedLoop, innatarasyan:       	Resumed update feed loop channel -1001290362028
MinDatabase, innatarasyan:    	Found 1 pending contexts
MinDatabase, innatarasyan:    	Found 1 pending contexts
MinDatabase, innatarasyan:    	Found 2 pending contexts
FeedLoop, innatarasyan:       	Resumed update feed loop generic
FeedLoop, innatarasyan:       	Resumed update feed loop generic
FeedLoop, innatarasyan:       	Resumed update feed loop generic
FeedLoop, innatarasyan:       	Resumed update feed loop channel -1001290362028
MinDatabase, innatarasyan:    	Found 1 pending contexts
FeedLoop, innatarasyan:       	Resumed update feed loop generic
FeedLoop, innatarasyan:       	Resumed update feed loop channel -1001290362028
FeedLoop, innatarasyan:       	Resumed update feed loop channel -1001290362028
SessionPaths, Inna_CryptoBot:   	Waiting for exclusive lock of /home/user/PhpstormProjects/CryptoTrading/bot.madeline/safe.php.lock...
SessionPaths, Inna_CryptoBot:   	Got exclusive lock of /home/user/PhpstormProjects/CryptoTrading/bot.madeline/safe.php.lock...
SessionPaths, Inna_CryptoBot:   	Waiting for exclusive lock of /home/user/PhpstormProjects/CryptoTrading/bot.madeline/lightState.php.lock...
SessionPaths, Inna_CryptoBot:   	Got exclusive lock of /home/user/PhpstormProjects/CryptoTrading/bot.madeline/lightState.php.lock...
APIWrapper, Inna_CryptoBot:     	Saved session!
FeedLoop, innatarasyan:       	Resumed update feed loop channel -1001290362028
SessionPaths, innatarasyan:   	Waiting for exclusive lock of /home/user/PhpstormProjects/CryptoTrading/bot.madeline/safe.php.lock...
SessionPaths, innatarasyan:   	Got exclusive lock of /home/user/PhpstormProjects/CryptoTrading/bot.madeline/safe.php.lock...
SessionPaths, innatarasyan:   	Waiting for exclusive lock of /home/user/PhpstormProjects/CryptoTrading/bot.madeline/lightState.php.lock...
SessionPaths, innatarasyan:   	Got exclusive lock of /home/user/PhpstormProjects/CryptoTrading/bot.madeline/lightState.php.lock...
APIWrapper, innatarasyan:     	Saved session!
SessionPaths, innatarasyan:   	Waiting for exclusive lock of /home/user/PhpstormProjects/CryptoTrading/user.madeline/safe.php.lock...
SessionPaths, innatarasyan:   	Got exclusive lock of /home/user/PhpstormProjects/CryptoTrading/user.madeline/safe.php.lock...
SessionPaths, innatarasyan:   	Waiting for exclusive lock of /home/user/PhpstormProjects/CryptoTrading/user.madeline/lightState.php.lock...
SessionPaths, innatarasyan:   	Got exclusive lock of /home/user/PhpstormProjects/CryptoTrading/user.madeline/lightState.php.lock...
APIWrapper, innatarasyan:     	Saved session!
FeedLoop, innatarasyan:       	Resumed update feed loop channel -1001290362028
SessionPaths, innatarasyan:   	Waiting for exclusive lock of /home/user/PhpstormProjects/CryptoTrading/bot.madeline/safe.php.lock...
SessionPaths, innatarasyan:   	Got exclusive lock of /home/user/PhpstormProjects/CryptoTrading/bot.madeline/safe.php.lock...
SessionPaths, innatarasyan:   	Waiting for exclusive lock of /home/user/PhpstormProjects/CryptoTrading/bot.madeline/lightState.php.lock...
SessionPaths, innatarasyan:   	Got exclusive lock of /home/user/PhpstormProjects/CryptoTrading/bot.madeline/lightState.php.lock...
APIWrapper, innatarasyan:     	Saved session!
FeedLoop, innatarasyan:       	Resumed update feed loop channel -1001290362028
FeedLoop, innatarasyan:       	Resumed update feed loop channel -1001290362028
SessionPaths, Inna_CryptoBot:   	Waiting for exclusive lock of /home/user/PhpstormProjects/CryptoTrading/bot.madeline/safe.php.lock...
SessionPaths, Inna_CryptoBot:   	Got exclusive lock of /home/user/PhpstormProjects/CryptoTrading/bot.madeline/safe.php.lock...
SessionPaths, Inna_CryptoBot:   	Waiting for exclusive lock of /home/user/PhpstormProjects/CryptoTrading/bot.madeline/lightState.php.lock...
SessionPaths, Inna_CryptoBot:   	Got exclusive lock of /home/user/PhpstormProjects/CryptoTrading/bot.madeline/lightState.php.lock...
APIWrapper, Inna_CryptoBot:     	Saved session!
SessionPaths, innatarasyan:   	Waiting for exclusive lock of /home/user/PhpstormProjects/CryptoTrading/bot.madeline/safe.php.lock...
SessionPaths, innatarasyan:   	Got exclusive lock of /home/user/PhpstormProjects/CryptoTrading/bot.madeline/safe.php.lock...
SessionPaths, innatarasyan:   	Waiting for exclusive lock of /home/user/PhpstormProjects/CryptoTrading/bot.madeline/lightState.php.lock...
SessionPaths, innatarasyan:   	Got exclusive lock of /home/user/PhpstormProjects/CryptoTrading/bot.madeline/lightState.php.lock...
APIWrapper, innatarasyan:     	Saved session!
SessionPaths, innatarasyan:   	Waiting for exclusive lock of /home/user/PhpstormProjects/CryptoTrading/user.madeline/safe.php.lock...
SessionPaths, innatarasyan:   	Got exclusive lock of /home/user/PhpstormProjects/CryptoTrading/user.madeline/safe.php.lock...
SessionPaths, innatarasyan:   	Waiting for exclusive lock of /home/user/PhpstormProjects/CryptoTrading/user.madeline/lightState.php.lock...
SessionPaths, innatarasyan:   	Got exclusive lock of /home/user/PhpstormProjects/CryptoTrading/user.madeline/lightState.php.lock...
APIWrapper, innatarasyan:     	Saved session!
SessionPaths, innatarasyan:   	Waiting for exclusive lock of /home/user/PhpstormProjects/CryptoTrading/bot.madeline/safe.php.lock...
SessionPaths, innatarasyan:   	Got exclusive lock of /home/user/PhpstormProjects/CryptoTrading/bot.madeline/safe.php.lock...
SessionPaths, innatarasyan:   	Waiting for exclusive lock of /home/user/PhpstormProjects/CryptoTrading/bot.madeline/lightState.php.lock...
SessionPaths, innatarasyan:   	Got exclusive lock of /home/user/PhpstormProjects/CryptoTrading/bot.madeline/lightState.php.lock...
APIWrapper, innatarasyan:     	Saved session!
FeedLoop, innatarasyan:       	Resumed update feed loop channel -1001290362028
FeedLoop, innatarasyan:       	Resumed update feed loop channel -1001290362028
FeedLoop, innatarasyan:       	Resumed update feed loop channel -1001290362028
SessionPaths, Inna_CryptoBot:   	Waiting for exclusive lock of /home/user/PhpstormProjects/CryptoTrading/bot.madeline/safe.php.lock...
SessionPaths, Inna_CryptoBot:   	Got exclusive lock of /home/user/PhpstormProjects/CryptoTrading/bot.madeline/safe.php.lock...
SessionPaths, Inna_CryptoBot:   	Waiting for exclusive lock of /home/user/PhpstormProjects/CryptoTrading/bot.madeline/lightState.php.lock...
SessionPaths, Inna_CryptoBot:   	Got exclusive lock of /home/user/PhpstormProjects/CryptoTrading/bot.madeline/lightState.php.lock...
APIWrapper, Inna_CryptoBot:     	Saved session!
FeedLoop, innatarasyan:       	Resumed update feed loop channel -1001290362028
FeedLoop, innatarasyan:       	Resumed update feed loop channel -1001290362028
SessionPaths, innatarasyan:   	Waiting for exclusive lock of /home/user/PhpstormProjects/CryptoTrading/bot.madeline/safe.php.lock...
SessionPaths, innatarasyan:   	Got exclusive lock of /home/user/PhpstormProjects/CryptoTrading/bot.madeline/safe.php.lock...
SessionPaths, innatarasyan:   	Waiting for exclusive lock of /home/user/PhpstormProjects/CryptoTrading/bot.madeline/lightState.php.lock...
SessionPaths, innatarasyan:   	Got exclusive lock of /home/user/PhpstormProjects/CryptoTrading/bot.madeline/lightState.php.lock...
APIWrapper, innatarasyan:     	Saved session!
FeedLoop, innatarasyan:       	Resumed update feed loop channel -1001290362028
SessionPaths, innatarasyan:   	Waiting for exclusive lock of /home/user/PhpstormProjects/CryptoTrading/user.madeline/safe.php.lock...
SessionPaths, innatarasyan:   	Got exclusive lock of /home/user/PhpstormProjects/CryptoTrading/user.madeline/safe.php.lock...
SessionPaths, innatarasyan:   	Waiting for exclusive lock of /home/user/PhpstormProjects/CryptoTrading/user.madeline/lightState.php.lock...
SessionPaths, innatarasyan:   	Got exclusive lock of /home/user/PhpstormProjects/CryptoTrading/user.madeline/lightState.php.lock...
APIWrapper, innatarasyan:     	Saved session!
SessionPaths, innatarasyan:   	Waiting for exclusive lock of /home/user/PhpstormProjects/CryptoTrading/bot.madeline/safe.php.lock...
SessionPaths, innatarasyan:   	Got exclusive lock of /home/user/PhpstormProjects/CryptoTrading/bot.madeline/safe.php.lock...
SessionPaths, innatarasyan:   	Waiting for exclusive lock of /home/user/PhpstormProjects/CryptoTrading/bot.madeline/lightState.php.lock...
SessionPaths, innatarasyan:   	Got exclusive lock of /home/user/PhpstormProjects/CryptoTrading/bot.madeline/lightState.php.lock...
APIWrapper, innatarasyan:     	Saved session!
SessionPaths, Inna_CryptoBot:   	Waiting for exclusive lock of /home/user/PhpstormProjects/CryptoTrading/bot.madeline/safe.php.lock...
SessionPaths, Inna_CryptoBot:   	Got exclusive lock of /home/user/PhpstormProjects/CryptoTrading/bot.madeline/safe.php.lock...
SessionPaths, Inna_CryptoBot:   	Waiting for exclusive lock of /home/user/PhpstormProjects/CryptoTrading/bot.madeline/lightState.php.lock...
SessionPaths, Inna_CryptoBot:   	Got exclusive lock of /home/user/PhpstormProjects/CryptoTrading/bot.madeline/lightState.php.lock...
APIWrapper, Inna_CryptoBot:     	Saved session!
SessionPaths, innatarasyan:   	Waiting for exclusive lock of /home/user/PhpstormProjects/CryptoTrading/bot.madeline/safe.php.lock...
SessionPaths, innatarasyan:   	Got exclusive lock of /home/user/PhpstormProjects/CryptoTrading/bot.madeline/safe.php.lock...
SessionPaths, innatarasyan:   	Waiting for exclusive lock of /home/user/PhpstormProjects/CryptoTrading/bot.madeline/lightState.php.lock...
SessionPaths, innatarasyan:   	Got exclusive lock of /home/user/PhpstormProjects/CryptoTrading/bot.madeline/lightState.php.lock...
APIWrapper, innatarasyan:     	Saved session!
SessionPaths, innatarasyan:   	Waiting for exclusive lock of /home/user/PhpstormProjects/CryptoTrading/user.madeline/safe.php.lock...
SessionPaths, innatarasyan:   	Got exclusive lock of /home/user/PhpstormProjects/CryptoTrading/user.madeline/safe.php.lock...
SessionPaths, innatarasyan:   	Waiting for exclusive lock of /home/user/PhpstormProjects/CryptoTrading/user.madeline/lightState.php.lock...
SessionPaths, innatarasyan:   	Got exclusive lock of /home/user/PhpstormProjects/CryptoTrading/user.madeline/lightState.php.lock...
APIWrapper, innatarasyan:     	Saved session!
SessionPaths, innatarasyan:   	Waiting for exclusive lock of /home/user/PhpstormProjects/CryptoTrading/bot.madeline/safe.php.lock...
SessionPaths, innatarasyan:   	Got exclusive lock of /home/user/PhpstormProjects/CryptoTrading/bot.madeline/safe.php.lock...
SessionPaths, innatarasyan:   	Waiting for exclusive lock of /home/user/PhpstormProjects/CryptoTrading/bot.madeline/lightState.php.lock...
SessionPaths, innatarasyan:   	Got exclusive lock of /home/user/PhpstormProjects/CryptoTrading/bot.madeline/lightState.php.lock...
APIWrapper, innatarasyan:     	Saved session!
SessionPaths, Inna_CryptoBot:   	Waiting for exclusive lock of /home/user/PhpstormProjects/CryptoTrading/bot.madeline/safe.php.lock...
SessionPaths, Inna_CryptoBot:   	Got exclusive lock of /home/user/PhpstormProjects/CryptoTrading/bot.madeline/safe.php.lock...
SessionPaths, Inna_CryptoBot:   	Waiting for exclusive lock of /home/user/PhpstormProjects/CryptoTrading/bot.madeline/lightState.php.lock...
SessionPaths, Inna_CryptoBot:   	Got exclusive lock of /home/user/PhpstormProjects/CryptoTrading/bot.madeline/lightState.php.lock...
APIWrapper, Inna_CryptoBot:     	Saved session!
SessionPaths, innatarasyan:   	Waiting for exclusive lock of /home/user/PhpstormProjects/CryptoTrading/bot.madeline/safe.php.lock...
SessionPaths, innatarasyan:   	Got exclusive lock of /home/user/PhpstormProjects/CryptoTrading/bot.madeline/safe.php.lock...
SessionPaths, innatarasyan:   	Waiting for exclusive lock of /home/user/PhpstormProjects/CryptoTrading/bot.madeline/lightState.php.lock...
SessionPaths, innatarasyan:   	Got exclusive lock of /home/user/PhpstormProjects/CryptoTrading/bot.madeline/lightState.php.lock...
APIWrapper, innatarasyan:     	Saved session!
SessionPaths, innatarasyan:   	Waiting for exclusive lock of /home/user/PhpstormProjects/CryptoTrading/user.madeline/safe.php.lock...
SessionPaths, innatarasyan:   	Got exclusive lock of /home/user/PhpstormProjects/CryptoTrading/user.madeline/safe.php.lock...
SessionPaths, innatarasyan:   	Waiting for exclusive lock of /home/user/PhpstormProjects/CryptoTrading/user.madeline/lightState.php.lock...
SessionPaths, innatarasyan:   	Got exclusive lock of /home/user/PhpstormProjects/CryptoTrading/user.madeline/lightState.php.lock...
APIWrapper, innatarasyan:     	Saved session!
SessionPaths, innatarasyan:   	Waiting for exclusive lock of /home/user/PhpstormProjects/CryptoTrading/bot.madeline/safe.php.lock...
SessionPaths, innatarasyan:   	Got exclusive lock of /home/user/PhpstormProjects/CryptoTrading/bot.madeline/safe.php.lock...
SessionPaths, innatarasyan:   	Waiting for exclusive lock of /home/user/PhpstormProjects/CryptoTrading/bot.madeline/lightState.php.lock...
SessionPaths, innatarasyan:   	Got exclusive lock of /home/user/PhpstormProjects/CryptoTrading/bot.madeline/lightState.php.lock...
APIWrapper, innatarasyan:     	Saved session!
SessionPaths, Inna_CryptoBot:   	Waiting for exclusive lock of /home/user/PhpstormProjects/CryptoTrading/bot.madeline/safe.php.lock...
SessionPaths, Inna_CryptoBot:   	Got exclusive lock of /home/user/PhpstormProjects/CryptoTrading/bot.madeline/safe.php.lock...
SessionPaths, Inna_CryptoBot:   	Waiting for exclusive lock of /home/user/PhpstormProjects/CryptoTrading/bot.madeline/lightState.php.lock...
SessionPaths, Inna_CryptoBot:   	Got exclusive lock of /home/user/PhpstormProjects/CryptoTrading/bot.madeline/lightState.php.lock...
APIWrapper, Inna_CryptoBot:     	Saved session!
SessionPaths, innatarasyan:   	Waiting for exclusive lock of /home/user/PhpstormProjects/CryptoTrading/bot.madeline/safe.php.lock...
SessionPaths, innatarasyan:   	Got exclusive lock of /home/user/PhpstormProjects/CryptoTrading/bot.madeline/safe.php.lock...
SessionPaths, innatarasyan:   	Waiting for exclusive lock of /home/user/PhpstormProjects/CryptoTrading/bot.madeline/lightState.php.lock...
SessionPaths, innatarasyan:   	Got exclusive lock of /home/user/PhpstormProjects/CryptoTrading/bot.madeline/lightState.php.lock...
APIWrapper, innatarasyan:     	Saved session!
SessionPaths, innatarasyan:   	Waiting for exclusive lock of /home/user/PhpstormProjects/CryptoTrading/user.madeline/safe.php.lock...
SessionPaths, innatarasyan:   	Got exclusive lock of /home/user/PhpstormProjects/CryptoTrading/user.madeline/safe.php.lock...
SessionPaths, innatarasyan:   	Waiting for exclusive lock of /home/user/PhpstormProjects/CryptoTrading/user.madeline/lightState.php.lock...
SessionPaths, innatarasyan:   	Got exclusive lock of /home/user/PhpstormProjects/CryptoTrading/user.madeline/lightState.php.lock...
APIWrapper, innatarasyan:     	Saved session!
SessionPaths, innatarasyan:   	Waiting for exclusive lock of /home/user/PhpstormProjects/CryptoTrading/bot.madeline/safe.php.lock...
SessionPaths, innatarasyan:   	Got exclusive lock of /home/user/PhpstormProjects/CryptoTrading/bot.madeline/safe.php.lock...
SessionPaths, innatarasyan:   	Waiting for exclusive lock of /home/user/PhpstormProjects/CryptoTrading/bot.madeline/lightState.php.lock...
SessionPaths, innatarasyan:   	Got exclusive lock of /home/user/PhpstormProjects/CryptoTrading/bot.madeline/lightState.php.lock...
APIWrapper, innatarasyan:     	Saved session!
SessionPaths, Inna_CryptoBot:   	Waiting for exclusive lock of /home/user/PhpstormProjects/CryptoTrading/bot.madeline/safe.php.lock...
SessionPaths, Inna_CryptoBot:   	Got exclusive lock of /home/user/PhpstormProjects/CryptoTrading/bot.madeline/safe.php.lock...
SessionPaths, Inna_CryptoBot:   	Waiting for exclusive lock of /home/user/PhpstormProjects/CryptoTrading/bot.madeline/lightState.php.lock...
SessionPaths, Inna_CryptoBot:   	Got exclusive lock of /home/user/PhpstormProjects/CryptoTrading/bot.madeline/lightState.php.lock...
APIWrapper, Inna_CryptoBot:     	Saved session!
SessionPaths, innatarasyan:   	Waiting for exclusive lock of /home/user/PhpstormProjects/CryptoTrading/bot.madeline/safe.php.lock...
SessionPaths, innatarasyan:   	Got exclusive lock of /home/user/PhpstormProjects/CryptoTrading/bot.madeline/safe.php.lock...
SessionPaths, innatarasyan:   	Waiting for exclusive lock of /home/user/PhpstormProjects/CryptoTrading/bot.madeline/lightState.php.lock...
SessionPaths, innatarasyan:   	Got exclusive lock of /home/user/PhpstormProjects/CryptoTrading/bot.madeline/lightState.php.lock...
APIWrapper, innatarasyan:     	Saved session!
SessionPaths, innatarasyan:   	Waiting for exclusive lock of /home/user/PhpstormProjects/CryptoTrading/user.madeline/safe.php.lock...
SessionPaths, innatarasyan:   	Got exclusive lock of /home/user/PhpstormProjects/CryptoTrading/user.madeline/safe.php.lock...
SessionPaths, innatarasyan:   	Waiting for exclusive lock of /home/user/PhpstormProjects/CryptoTrading/user.madeline/lightState.php.lock...
SessionPaths, innatarasyan:   	Got exclusive lock of /home/user/PhpstormProjects/CryptoTrading/user.madeline/lightState.php.lock...
APIWrapper, innatarasyan:     	Saved session!
SessionPaths, innatarasyan:   	Waiting for exclusive lock of /home/user/PhpstormProjects/CryptoTrading/bot.madeline/safe.php.lock...
SessionPaths, innatarasyan:   	Got exclusive lock of /home/user/PhpstormProjects/CryptoTrading/bot.madeline/safe.php.lock...
SessionPaths, innatarasyan:   	Waiting for exclusive lock of /home/user/PhpstormProjects/CryptoTrading/bot.madeline/lightState.php.lock...
SessionPaths, innatarasyan:   	Got exclusive lock of /home/user/PhpstormProjects/CryptoTrading/bot.madeline/lightState.php.lock...
APIWrapper, innatarasyan:     	Saved session!
SessionPaths, Inna_CryptoBot:   	Waiting for exclusive lock of /home/user/PhpstormProjects/CryptoTrading/bot.madeline/safe.php.lock...
SessionPaths, Inna_CryptoBot:   	Got exclusive lock of /home/user/PhpstormProjects/CryptoTrading/bot.madeline/safe.php.lock...
SessionPaths, Inna_CryptoBot:   	Waiting for exclusive lock of /home/user/PhpstormProjects/CryptoTrading/bot.madeline/lightState.php.lock...
SessionPaths, Inna_CryptoBot:   	Got exclusive lock of /home/user/PhpstormProjects/CryptoTrading/bot.madeline/lightState.php.lock...
APIWrapper, Inna_CryptoBot:     	Saved session!
SessionPaths, innatarasyan:   	Waiting for exclusive lock of /home/user/PhpstormProjects/CryptoTrading/bot.madeline/safe.php.lock...
SessionPaths, innatarasyan:   	Got exclusive lock of /home/user/PhpstormProjects/CryptoTrading/bot.madeline/safe.php.lock...
SessionPaths, innatarasyan:   	Waiting for exclusive lock of /home/user/PhpstormProjects/CryptoTrading/bot.madeline/lightState.php.lock...
SessionPaths, innatarasyan:   	Got exclusive lock of /home/user/PhpstormProjects/CryptoTrading/bot.madeline/lightState.php.lock...
APIWrapper, innatarasyan:     	Saved session!
SessionPaths, innatarasyan:   	Waiting for exclusive lock of /home/user/PhpstormProjects/CryptoTrading/user.madeline/safe.php.lock...
SessionPaths, innatarasyan:   	Got exclusive lock of /home/user/PhpstormProjects/CryptoTrading/user.madeline/safe.php.lock...
SessionPaths, innatarasyan:   	Waiting for exclusive lock of /home/user/PhpstormProjects/CryptoTrading/user.madeline/lightState.php.lock...
SessionPaths, innatarasyan:   	Got exclusive lock of /home/user/PhpstormProjects/CryptoTrading/user.madeline/lightState.php.lock...
APIWrapper, innatarasyan:     	Saved session!
SessionPaths, innatarasyan:   	Waiting for exclusive lock of /home/user/PhpstormProjects/CryptoTrading/bot.madeline/safe.php.lock...
SessionPaths, innatarasyan:   	Got exclusive lock of /home/user/PhpstormProjects/CryptoTrading/bot.madeline/safe.php.lock...
SessionPaths, innatarasyan:   	Waiting for exclusive lock of /home/user/PhpstormProjects/CryptoTrading/bot.madeline/lightState.php.lock...
SessionPaths, innatarasyan:   	Got exclusive lock of /home/user/PhpstormProjects/CryptoTrading/bot.madeline/lightState.php.lock...
APIWrapper, innatarasyan:     	Saved session!
SessionPaths, Inna_CryptoBot:   	Waiting for exclusive lock of /home/user/PhpstormProjects/CryptoTrading/bot.madeline/safe.php.lock...
SessionPaths, Inna_CryptoBot:   	Got exclusive lock of /home/user/PhpstormProjects/CryptoTrading/bot.madeline/safe.php.lock...
SessionPaths, Inna_CryptoBot:   	Waiting for exclusive lock of /home/user/PhpstormProjects/CryptoTrading/bot.madeline/lightState.php.lock...
SessionPaths, Inna_CryptoBot:   	Got exclusive lock of /home/user/PhpstormProjects/CryptoTrading/bot.madeline/lightState.php.lock...
APIWrapper, Inna_CryptoBot:     	Saved session!
SessionPaths, innatarasyan:   	Waiting for exclusive lock of /home/user/PhpstormProjects/CryptoTrading/bot.madeline/safe.php.lock...
SessionPaths, innatarasyan:   	Got exclusive lock of /home/user/PhpstormProjects/CryptoTrading/bot.madeline/safe.php.lock...
SessionPaths, innatarasyan:   	Waiting for exclusive lock of /home/user/PhpstormProjects/CryptoTrading/bot.madeline/lightState.php.lock...
SessionPaths, innatarasyan:   	Got exclusive lock of /home/user/PhpstormProjects/CryptoTrading/bot.madeline/lightState.php.lock...
APIWrapper, innatarasyan:     	Saved session!
SessionPaths, innatarasyan:   	Waiting for exclusive lock of /home/user/PhpstormProjects/CryptoTrading/user.madeline/safe.php.lock...
SessionPaths, innatarasyan:   	Got exclusive lock of /home/user/PhpstormProjects/CryptoTrading/user.madeline/safe.php.lock...
SessionPaths, innatarasyan:   	Waiting for exclusive lock of /home/user/PhpstormProjects/CryptoTrading/user.madeline/lightState.php.lock...
SessionPaths, innatarasyan:   	Got exclusive lock of /home/user/PhpstormProjects/CryptoTrading/user.madeline/lightState.php.lock...
APIWrapper, innatarasyan:     	Saved session!
SessionPaths, innatarasyan:   	Waiting for exclusive lock of /home/user/PhpstormProjects/CryptoTrading/bot.madeline/safe.php.lock...
SessionPaths, innatarasyan:   	Got exclusive lock of /home/user/PhpstormProjects/CryptoTrading/bot.madeline/safe.php.lock...
SessionPaths, innatarasyan:   	Waiting for exclusive lock of /home/user/PhpstormProjects/CryptoTrading/bot.madeline/lightState.php.lock...
SessionPaths, innatarasyan:   	Got exclusive lock of /home/user/PhpstormProjects/CryptoTrading/bot.madeline/lightState.php.lock...
APIWrapper, innatarasyan:     	Saved session!
SessionPaths, Inna_CryptoBot:   	Waiting for exclusive lock of /home/user/PhpstormProjects/CryptoTrading/bot.madeline/safe.php.lock...
SessionPaths, Inna_CryptoBot:   	Got exclusive lock of /home/user/PhpstormProjects/CryptoTrading/bot.madeline/safe.php.lock...
SessionPaths, Inna_CryptoBot:   	Waiting for exclusive lock of /home/user/PhpstormProjects/CryptoTrading/bot.madeline/lightState.php.lock...
SessionPaths, Inna_CryptoBot:   	Got exclusive lock of /home/user/PhpstormProjects/CryptoTrading/bot.madeline/lightState.php.lock...
APIWrapper, Inna_CryptoBot:     	Saved session!
SessionPaths, innatarasyan:   	Waiting for exclusive lock of /home/user/PhpstormProjects/CryptoTrading/bot.madeline/safe.php.lock...
SessionPaths, innatarasyan:   	Got exclusive lock of /home/user/PhpstormProjects/CryptoTrading/bot.madeline/safe.php.lock...
SessionPaths, innatarasyan:   	Waiting for exclusive lock of /home/user/PhpstormProjects/CryptoTrading/bot.madeline/lightState.php.lock...
SessionPaths, innatarasyan:   	Got exclusive lock of /home/user/PhpstormProjects/CryptoTrading/bot.madeline/lightState.php.lock...
APIWrapper, innatarasyan:     	Saved session!
SessionPaths, innatarasyan:   	Waiting for exclusive lock of /home/user/PhpstormProjects/CryptoTrading/user.madeline/safe.php.lock...
SessionPaths, innatarasyan:   	Got exclusive lock of /home/user/PhpstormProjects/CryptoTrading/user.madeline/safe.php.lock...
SessionPaths, innatarasyan:   	Waiting for exclusive lock of /home/user/PhpstormProjects/CryptoTrading/user.madeline/lightState.php.lock...
SessionPaths, innatarasyan:   	Got exclusive lock of /home/user/PhpstormProjects/CryptoTrading/user.madeline/lightState.php.lock...
APIWrapper, innatarasyan:     	Saved session!
SessionPaths, innatarasyan:   	Waiting for exclusive lock of /home/user/PhpstormProjects/CryptoTrading/bot.madeline/safe.php.lock...
SessionPaths, innatarasyan:   	Got exclusive lock of /home/user/PhpstormProjects/CryptoTrading/bot.madeline/safe.php.lock...
SessionPaths, innatarasyan:   	Waiting for exclusive lock of /home/user/PhpstormProjects/CryptoTrading/bot.madeline/lightState.php.lock...
SessionPaths, innatarasyan:   	Got exclusive lock of /home/user/PhpstormProjects/CryptoTrading/bot.madeline/lightState.php.lock...
APIWrapper, innatarasyan:     	Saved session!
SessionPaths, Inna_CryptoBot:   	Waiting for exclusive lock of /home/user/PhpstormProjects/CryptoTrading/bot.madeline/safe.php.lock...
SessionPaths, Inna_CryptoBot:   	Got exclusive lock of /home/user/PhpstormProjects/CryptoTrading/bot.madeline/safe.php.lock...
SessionPaths, Inna_CryptoBot:   	Waiting for exclusive lock of /home/user/PhpstormProjects/CryptoTrading/bot.madeline/lightState.php.lock...
SessionPaths, Inna_CryptoBot:   	Got exclusive lock of /home/user/PhpstormProjects/CryptoTrading/bot.madeline/lightState.php.lock...
APIWrapper, Inna_CryptoBot:     	Saved session!
SessionPaths, innatarasyan:   	Waiting for exclusive lock of /home/user/PhpstormProjects/CryptoTrading/bot.madeline/safe.php.lock...
SessionPaths, innatarasyan:   	Got exclusive lock of /home/user/PhpstormProjects/CryptoTrading/bot.madeline/safe.php.lock...
SessionPaths, innatarasyan:   	Waiting for exclusive lock of /home/user/PhpstormProjects/CryptoTrading/bot.madeline/lightState.php.lock...
SessionPaths, innatarasyan:   	Got exclusive lock of /home/user/PhpstormProjects/CryptoTrading/bot.madeline/lightState.php.lock...
APIWrapper, innatarasyan:     	Saved session!
SessionPaths, innatarasyan:   	Waiting for exclusive lock of /home/user/PhpstormProjects/CryptoTrading/user.madeline/safe.php.lock...
SessionPaths, innatarasyan:   	Got exclusive lock of /home/user/PhpstormProjects/CryptoTrading/user.madeline/safe.php.lock...
SessionPaths, innatarasyan:   	Waiting for exclusive lock of /home/user/PhpstormProjects/CryptoTrading/user.madeline/lightState.php.lock...
SessionPaths, innatarasyan:   	Got exclusive lock of /home/user/PhpstormProjects/CryptoTrading/user.madeline/lightState.php.lock...
APIWrapper, innatarasyan:     	Saved session!
SessionPaths, innatarasyan:   	Waiting for exclusive lock of /home/user/PhpstormProjects/CryptoTrading/bot.madeline/safe.php.lock...
SessionPaths, innatarasyan:   	Got exclusive lock of /home/user/PhpstormProjects/CryptoTrading/bot.madeline/safe.php.lock...
SessionPaths, innatarasyan:   	Waiting for exclusive lock of /home/user/PhpstormProjects/CryptoTrading/bot.madeline/lightState.php.lock...
SessionPaths, innatarasyan:   	Got exclusive lock of /home/user/PhpstormProjects/CryptoTrading/bot.madeline/lightState.php.lock...
APIWrapper, innatarasyan:     	Saved session!
SessionPaths, Inna_CryptoBot:   	Waiting for exclusive lock of /home/user/PhpstormProjects/CryptoTrading/bot.madeline/safe.php.lock...
SessionPaths, Inna_CryptoBot:   	Got exclusive lock of /home/user/PhpstormProjects/CryptoTrading/bot.madeline/safe.php.lock...
SessionPaths, Inna_CryptoBot:   	Waiting for exclusive lock of /home/user/PhpstormProjects/CryptoTrading/bot.madeline/lightState.php.lock...
SessionPaths, Inna_CryptoBot:   	Got exclusive lock of /home/user/PhpstormProjects/CryptoTrading/bot.madeline/lightState.php.lock...
APIWrapper, Inna_CryptoBot:     	Saved session!
SessionPaths, innatarasyan:   	Waiting for exclusive lock of /home/user/PhpstormProjects/CryptoTrading/bot.madeline/safe.php.lock...
SessionPaths, innatarasyan:   	Got exclusive lock of /home/user/PhpstormProjects/CryptoTrading/bot.madeline/safe.php.lock...
SessionPaths, innatarasyan:   	Waiting for exclusive lock of /home/user/PhpstormProjects/CryptoTrading/bot.madeline/lightState.php.lock...
SessionPaths, innatarasyan:   	Got exclusive lock of /home/user/PhpstormProjects/CryptoTrading/bot.madeline/lightState.php.lock...
APIWrapper, innatarasyan:     	Saved session!
SessionPaths, innatarasyan:   	Waiting for exclusive lock of /home/user/PhpstormProjects/CryptoTrading/user.madeline/safe.php.lock...
SessionPaths, innatarasyan:   	Got exclusive lock of /home/user/PhpstormProjects/CryptoTrading/user.madeline/safe.php.lock...
SessionPaths, innatarasyan:   	Waiting for exclusive lock of /home/user/PhpstormProjects/CryptoTrading/user.madeline/lightState.php.lock...
SessionPaths, innatarasyan:   	Got exclusive lock of /home/user/PhpstormProjects/CryptoTrading/user.madeline/lightState.php.lock...
APIWrapper, innatarasyan:     	Saved session!
SessionPaths, innatarasyan:   	Waiting for exclusive lock of /home/user/PhpstormProjects/CryptoTrading/bot.madeline/safe.php.lock...
SessionPaths, innatarasyan:   	Got exclusive lock of /home/user/PhpstormProjects/CryptoTrading/bot.madeline/safe.php.lock...
SessionPaths, innatarasyan:   	Waiting for exclusive lock of /home/user/PhpstormProjects/CryptoTrading/bot.madeline/lightState.php.lock...
SessionPaths, innatarasyan:   	Got exclusive lock of /home/user/PhpstormProjects/CryptoTrading/bot.madeline/lightState.php.lock...
APIWrapper, innatarasyan:     	Saved session!
FeedLoop, innatarasyan:       	Resumed update feed loop channel -1001290362028
FeedLoop, innatarasyan:       	Resumed update feed loop channel -1001290362028
FeedLoop, innatarasyan:       	Resumed update feed loop channel -1001290362028
FeedLoop, innatarasyan:       	Resumed update feed loop channel -1001290362028
FeedLoop, innatarasyan:       	Resumed update feed loop channel -1001290362028
SessionPaths, Inna_CryptoBot:   	Waiting for exclusive lock of /home/user/PhpstormProjects/CryptoTrading/bot.madeline/safe.php.lock...
SessionPaths, Inna_CryptoBot:   	Got exclusive lock of /home/user/PhpstormProjects/CryptoTrading/bot.madeline/safe.php.lock...
SessionPaths, Inna_CryptoBot:   	Waiting for exclusive lock of /home/user/PhpstormProjects/CryptoTrading/bot.madeline/lightState.php.lock...
SessionPaths, Inna_CryptoBot:   	Got exclusive lock of /home/user/PhpstormProjects/CryptoTrading/bot.madeline/lightState.php.lock...
APIWrapper, Inna_CryptoBot:     	Saved session!
FeedLoop, innatarasyan:       	Resumed update feed loop channel -1001290362028
FeedLoop, innatarasyan:       	Resumed update feed loop channel -1001290362028
FeedLoop, innatarasyan:       	Resumed update feed loop channel -1001290362028
FeedLoop, innatarasyan:       	Resumed update feed loop channel -1001290362028
SessionPaths, innatarasyan:   	Waiting for exclusive lock of /home/user/PhpstormProjects/CryptoTrading/bot.madeline/safe.php.lock...
SessionPaths, innatarasyan:   	Got exclusive lock of /home/user/PhpstormProjects/CryptoTrading/bot.madeline/safe.php.lock...
SessionPaths, innatarasyan:   	Waiting for exclusive lock of /home/user/PhpstormProjects/CryptoTrading/bot.madeline/lightState.php.lock...
SessionPaths, innatarasyan:   	Got exclusive lock of /home/user/PhpstormProjects/CryptoTrading/bot.madeline/lightState.php.lock...
APIWrapper, innatarasyan:     	Saved session!
SessionPaths, innatarasyan:   	Waiting for exclusive lock of /home/user/PhpstormProjects/CryptoTrading/user.madeline/safe.php.lock...
SessionPaths, innatarasyan:   	Got exclusive lock of /home/user/PhpstormProjects/CryptoTrading/user.madeline/safe.php.lock...
SessionPaths, innatarasyan:   	Waiting for exclusive lock of /home/user/PhpstormProjects/CryptoTrading/user.madeline/lightState.php.lock...
SessionPaths, innatarasyan:   	Got exclusive lock of /home/user/PhpstormProjects/CryptoTrading/user.madeline/lightState.php.lock...
APIWrapper, innatarasyan:     	Saved session!
SessionPaths, innatarasyan:   	Waiting for exclusive lock of /home/user/PhpstormProjects/CryptoTrading/bot.madeline/safe.php.lock...
SessionPaths, innatarasyan:   	Got exclusive lock of /home/user/PhpstormProjects/CryptoTrading/bot.madeline/safe.php.lock...
SessionPaths, innatarasyan:   	Waiting for exclusive lock of /home/user/PhpstormProjects/CryptoTrading/bot.madeline/lightState.php.lock...
SessionPaths, innatarasyan:   	Got exclusive lock of /home/user/PhpstormProjects/CryptoTrading/bot.madeline/lightState.php.lock...
APIWrapper, innatarasyan:     	Saved session!
SessionPaths, Inna_CryptoBot:   	Waiting for exclusive lock of /home/user/PhpstormProjects/CryptoTrading/bot.madeline/safe.php.lock...
SessionPaths, Inna_CryptoBot:   	Got exclusive lock of /home/user/PhpstormProjects/CryptoTrading/bot.madeline/safe.php.lock...
SessionPaths, Inna_CryptoBot:   	Waiting for exclusive lock of /home/user/PhpstormProjects/CryptoTrading/bot.madeline/lightState.php.lock...
SessionPaths, Inna_CryptoBot:   	Got exclusive lock of /home/user/PhpstormProjects/CryptoTrading/bot.madeline/lightState.php.lock...
APIWrapper, Inna_CryptoBot:     	Saved session!
SessionPaths, innatarasyan:   	Waiting for exclusive lock of /home/user/PhpstormProjects/CryptoTrading/bot.madeline/safe.php.lock...
SessionPaths, innatarasyan:   	Got exclusive lock of /home/user/PhpstormProjects/CryptoTrading/bot.madeline/safe.php.lock...
SessionPaths, innatarasyan:   	Waiting for exclusive lock of /home/user/PhpstormProjects/CryptoTrading/bot.madeline/lightState.php.lock...
SessionPaths, innatarasyan:   	Got exclusive lock of /home/user/PhpstormProjects/CryptoTrading/bot.madeline/lightState.php.lock...
APIWrapper, innatarasyan:     	Saved session!
SessionPaths, innatarasyan:   	Waiting for exclusive lock of /home/user/PhpstormProjects/CryptoTrading/user.madeline/safe.php.lock...
SessionPaths, innatarasyan:   	Got exclusive lock of /home/user/PhpstormProjects/CryptoTrading/user.madeline/safe.php.lock...
SessionPaths, innatarasyan:   	Waiting for exclusive lock of /home/user/PhpstormProjects/CryptoTrading/user.madeline/lightState.php.lock...
SessionPaths, innatarasyan:   	Got exclusive lock of /home/user/PhpstormProjects/CryptoTrading/user.madeline/lightState.php.lock...
APIWrapper, innatarasyan:     	Saved session!
SessionPaths, innatarasyan:   	Waiting for exclusive lock of /home/user/PhpstormProjects/CryptoTrading/bot.madeline/safe.php.lock...
SessionPaths, innatarasyan:   	Got exclusive lock of /home/user/PhpstormProjects/CryptoTrading/bot.madeline/safe.php.lock...
SessionPaths, innatarasyan:   	Waiting for exclusive lock of /home/user/PhpstormProjects/CryptoTrading/bot.madeline/lightState.php.lock...
SessionPaths, innatarasyan:   	Got exclusive lock of /home/user/PhpstormProjects/CryptoTrading/bot.madeline/lightState.php.lock...
APIWrapper, innatarasyan:     	Saved session!
SessionPaths, Inna_CryptoBot:   	Waiting for exclusive lock of /home/user/PhpstormProjects/CryptoTrading/bot.madeline/safe.php.lock...
SessionPaths, Inna_CryptoBot:   	Got exclusive lock of /home/user/PhpstormProjects/CryptoTrading/bot.madeline/safe.php.lock...
SessionPaths, Inna_CryptoBot:   	Waiting for exclusive lock of /home/user/PhpstormProjects/CryptoTrading/bot.madeline/lightState.php.lock...
SessionPaths, Inna_CryptoBot:   	Got exclusive lock of /home/user/PhpstormProjects/CryptoTrading/bot.madeline/lightState.php.lock...
APIWrapper, Inna_CryptoBot:     	Saved session!
